date,period,net,worst_open_loss,minutes_in_market
2021-09-22,build,0,-0.0,0
2021-09-23,build,0,-0.0,0
2021-09-24,build,0,-0.0,0
2021-09-27,build,0,-0.0,0
2021-09-28,build,0,-0.0,0
2021-09-29,build,0,-0.0,0
2021-09-30,build,0,-0.0,0
2021-10-01,build,156.0,24.0,0.0
2021-10-04,build,0,-0.0,0
2021-10-05,build,156.0,14.0,0.22
2021-10-06,build,0,-0.0,0
2021-10-07,build,0,-0.0,0
2021-10-08,build,0,-0.0,0
2021-10-11,build,0,-0.0,0
2021-10-12,build,156.0,144.0,12.8
2021-10-13,build,0,-0.0,0
2021-10-14,build,0,-0.0,0
2021-10-15,build,156.0,14.0,0.19
2021-10-18,build,0,-0.0,0
2021-10-19,build,0,-0.0,0
2021-10-20,build,0,-0.0,0
2021-10-21,build,0,-0.0,0
2021-10-22,build,0,-0.0,0
2021-10-25,build,0,-0.0,0
2021-10-26,build,0,-0.0,0
2021-10-27,build,0,-0.0,0
2021-10-28,build,0,-0.0,0
2021-10-29,build,0,-0.0,0
2021-11-01,build,156.0,14.0,0.01
2021-11-02,build,0,-0.0,0
2021-11-03,build,156.0,14.0,0.0
2021-11-04,build,0,-0.0,0
2021-11-05,build,0,-0.0,0
2021-11-08,build,0,-0.0,0
2021-11-09,build,0,-0.0,0
2021-11-10,build,0,-0.0,0
2021-11-11,build,0,-0.0,0
2021-11-12,build,156.0,54.0,2.1
2021-11-15,build,0,-0.0,0
2021-11-16,build,0,-0.0,0
2021-11-17,build,0,-0.0,0
2021-11-18,build,0,-0.0,0
2021-11-19,build,0,-0.0,0
2021-11-22,build,0,-0.0,0
2021-11-23,build,0,-0.0,0
2021-11-24,build,-174.0,164.0,0.54
2021-11-26,build,0,-0.0,0
2021-11-29,build,0,-0.0,0
2021-11-30,build,0,-0.0,0
2021-12-01,build,-174.0,164.0,2.03
2021-12-02,build,0,-0.0,0
2021-12-03,build,156.0,14.0,0.0
2021-12-06,build,0,-0.0,0
2021-12-07,build,0,-0.0,0
2021-12-08,build,-174.0,164.0,0.45
2021-12-09,build,0,-0.0,0
2021-12-10,build,-174.0,164.0,7.14
2021-12-13,build,0,-0.0,0
2021-12-14,build,0,-0.0,0
2021-12-15,build,0,-0.0,0
2021-12-16,build,0,-0.0,0
2021-12-17,build,0,-0.0,0
2021-12-20,build,0,-0.0,0
2021-12-21,build,0,-0.0,0
2021-12-22,build,0,-0.0,0
2021-12-23,build,0,-0.0,0
2021-12-27,build,0,-0.0,0
2021-12-28,build,0,-0.0,0
2021-12-29,build,0,-0.0,0
2021-12-30,build,0,-0.0,0
2021-12-31,build,0,-0.0,0
2022-01-03,build,0,-0.0,0
2022-01-04,build,-174.0,164.0,5.66
2022-01-05,build,0,-0.0,0
2022-01-06,build,156.0,14.0,0.0
2022-01-07,build,0,-0.0,0
2022-01-10,build,0,-0.0,0
2022-01-11,build,0,-0.0,0
2022-01-12,build,0,-0.0,0
2022-01-13,build,0,-0.0,0
2022-01-14,build,-174.0,164.0,0.63
2022-01-18,build,0,-0.0,0
2022-01-19,build,0,-0.0,0
2022-01-20,build,0,-0.0,0
2022-01-21,build,0,-0.0,0
2022-01-24,build,0,-0.0,0
2022-01-25,build,0,-0.0,0
2022-01-26,build,0,-0.0,0
2022-01-27,build,0,-0.0,0
2022-01-28,build,0,-0.0,0
2022-01-31,build,0,-0.0,0
2022-02-01,build,-174.0,164.0,0.05
2022-02-02,build,0,-0.0,0
2022-02-03,build,-174.0,164.0,0.64
2022-02-04,build,0,-0.0,0
2022-02-07,build,0,-0.0,0
2022-02-08,build,0,-0.0,0
2022-02-09,build,0,-0.0,0
2022-02-10,build,0,-0.0,0
2022-02-11,build,156.0,84.0,6.06
2022-02-14,build,0,-0.0,0
2022-02-15,build,0,-0.0,0
2022-02-16,build,0,-0.0,0
2022-02-17,build,0,-0.0,0
2022-02-18,build,0,-0.0,0
2022-02-22,build,0,-0.0,0
2022-02-23,build,0,-0.0,0
2022-02-24,build,0,-0.0,0
2022-02-25,build,0,-0.0,0
2022-02-28,build,0,-0.0,0
2022-03-01,build,-174.0,164.0,0.1
2022-03-02,build,0,-0.0,0
2022-03-03,build,156.0,24.0,0.05
2022-03-04,build,0,-0.0,0
2022-03-07,build,0,-0.0,0
2022-03-08,build,0,-0.0,0
2022-03-09,build,-174.0,164.0,0.5
2022-03-10,build,0,-0.0,0
2022-03-11,build,156.0,114.0,0.84
2022-03-14,build,0,-0.0,0
2022-03-15,build,0,-0.0,0
2022-03-16,build,0,-0.0,0
2022-03-17,build,0,-0.0,0
2022-03-18,build,0,-0.0,0
2022-03-21,build,0,-0.0,0
2022-03-22,build,0,-0.0,0
2022-03-23,build,0,-0.0,0
2022-03-24,build,0,-0.0,0
2022-03-25,build,0,-0.0,0
2022-03-28,build,0,-0.0,0
2022-03-29,build,-174.0,164.0,1.65
2022-03-30,build,0,-0.0,0
2022-03-31,build,0,-0.0,0
2022-04-01,build,-174.0,164.0,0.54
2022-04-04,build,0,-0.0,0
2022-04-05,build,-174.0,164.0,4.76
2022-04-06,build,0,-0.0,0
2022-04-07,build,0,-0.0,0
2022-04-08,build,0,-0.0,0
2022-04-11,build,0,-0.0,0
2022-04-12,build,0,-0.0,0
2022-04-13,build,0,-0.0,0
2022-04-14,build,-174.0,164.0,0.39
2022-04-18,build,0,-0.0,0
2022-04-19,build,0,-0.0,0
2022-04-20,build,0,-0.0,0
2022-04-21,build,0,-0.0,0
2022-04-22,build,0,-0.0,0
2022-04-25,build,0,-0.0,0
2022-04-26,build,0,-0.0,0
2022-04-27,build,0,-0.0,0
2022-04-28,build,0,-0.0,0
2022-04-29,build,0,-0.0,0
2022-05-02,build,156.0,114.0,5.25
2022-05-03,build,156.0,14.0,4.64
2022-05-04,build,-174.0,164.0,0.31
2022-05-05,build,0,-0.0,0
2022-05-06,build,0,-0.0,0
2022-05-09,build,0,-0.0,0
2022-05-10,build,0,-0.0,0
2022-05-11,build,0,-0.0,0
2022-05-12,build,0,-0.0,0
2022-05-13,build,156.0,34.0,0.68
2022-05-16,build,0,-0.0,0
2022-05-17,build,0,-0.0,0
2022-05-18,build,0,-0.0,0
2022-05-19,build,0,-0.0,0
2022-05-20,build,0,-0.0,0
2022-05-23,build,0,-0.0,0
2022-05-24,build,0,-0.0,0
2022-05-25,build,0,-0.0,0
2022-05-26,build,0,-0.0,0
2022-05-27,build,0,-0.0,0
2022-05-31,build,0,-0.0,0
2022-06-01,build,156.0,94.0,0.45
2022-06-02,build,0,-0.0,0
2022-06-03,build,-174.0,164.0,12.24
2022-06-06,build,0,-0.0,0
2022-06-07,build,0,-0.0,0
2022-06-08,build,0,-0.0,0
2022-06-09,build,0,-0.0,0
2022-06-10,build,156.0,14.0,0.75
2022-06-13,build,0,-0.0,0
2022-06-14,build,0,-0.0,0
2022-06-15,build,0,-0.0,0
2022-06-16,build,0,-0.0,0
2022-06-17,build,0,-0.0,0
2022-06-21,build,0,-0.0,0
2022-06-22,build,0,-0.0,0
2022-06-23,build,0,-0.0,0
2022-06-24,build,0,-0.0,0
2022-06-27,build,0,-0.0,0
2022-06-28,build,0,-0.0,0
2022-06-29,build,0,-0.0,0
2022-06-30,build,0,-0.0,0
2022-07-01,build,156.0,134.0,1.46
2022-07-05,build,0,-0.0,0
2022-07-06,build,156.0,104.0,0.38
2022-07-07,build,0,-0.0,0
2022-07-08,build,0,-0.0,0
2022-07-11,build,0,-0.0,0
2022-07-12,build,0,-0.0,0
2022-07-13,build,0,-0.0,0
2022-07-14,build,0,-0.0,0
2022-07-15,build,156.0,54.0,0.0
2022-07-18,build,0,-0.0,0
2022-07-19,build,0,-0.0,0
2022-07-20,build,0,-0.0,0
2022-07-21,build,0,-0.0,0
2022-07-22,build,0,-0.0,0
2022-07-25,build,0,-0.0,0
2022-07-26,build,0,-0.0,0
2022-07-27,build,0,-0.0,0
2022-07-28,build,0,-0.0,0
2022-07-29,build,0,-0.0,0
2022-08-01,build,156.0,14.0,0.0
2022-08-02,build,156.0,144.0,11.3
2022-08-03,build,156.0,14.0,0.0
2022-08-04,build,0,-0.0,0
2022-08-05,build,0,-0.0,0
2022-08-08,build,0,-0.0,0
2022-08-09,build,0,-0.0,0
2022-08-10,build,0,-0.0,0
2022-08-11,build,0,-0.0,0
2022-08-12,build,156.0,14.0,0.0
2022-08-15,build,0,-0.0,0
2022-08-16,build,0,-0.0,0
2022-08-17,build,0,-0.0,0
2022-08-18,build,0,-0.0,0
2022-08-19,build,0,-0.0,0
2022-08-22,build,0,-0.0,0
2022-08-23,build,0,-0.0,0
2022-08-24,build,0,-0.0,0
2022-08-25,build,0,-0.0,0
2022-08-26,build,0,-0.0,0
2022-08-29,build,0,-0.0,0
2022-08-30,build,156.0,24.0,0.66
2022-08-31,build,0,-0.0,0
2022-09-01,build,-174.0,164.0,0.01
2022-09-02,build,0,-0.0,0
2022-09-06,build,156.0,14.0,0.0
2022-09-07,build,0,-0.0,0
2022-09-08,build,0,-0.0,0
2022-09-09,build,0,-0.0,0
2022-09-12,build,0,-0.0,0
2022-09-13,build,0,-0.0,0
2022-09-14,build,0,-0.0,0
2022-09-15,build,0,-0.0,0
2022-09-16,build,156.0,84.0,2.62
2022-09-19,build,0,-0.0,0
2022-09-20,build,0,-0.0,0
2022-09-21,build,0,-0.0,0
2022-09-22,build,0,-0.0,0
2022-09-23,build,0,-0.0,0
2022-09-26,build,0,-0.0,0
2022-09-27,build,0,-0.0,0
2022-09-28,build,0,-0.0,0
2022-09-29,build,0,-0.0,0
2022-09-30,build,0,-0.0,0
2022-10-03,build,156.0,14.0,0.0
2022-10-04,build,156.0,14.0,0.0
2022-10-05,build,156.0,14.0,0.0
2022-10-06,build,0,-0.0,0
2022-10-07,build,0,-0.0,0
2022-10-10,build,0,-0.0,0
2022-10-11,build,0,-0.0,0
2022-10-12,build,0,-0.0,0
2022-10-13,build,0,-0.0,0
2022-10-14,build,156.0,14.0,0.0
2022-10-17,build,0,-0.0,0
2022-10-18,build,0,-0.0,0
2022-10-19,build,0,-0.0,0
2022-10-20,build,0,-0.0,0
2022-10-21,build,0,-0.0,0
2022-10-24,build,0,-0.0,0
2022-10-25,build,0,-0.0,0
2022-10-26,build,0,-0.0,0
2022-10-27,build,0,-0.0,0
2022-10-28,build,0,-0.0,0
2022-10-31,build,0,-0.0,0
2022-11-01,build,156.0,64.0,0.07
2022-11-02,build,0,-0.0,0
2022-11-03,build,156.0,14.0,0.0
2022-11-04,build,0,-0.0,0
2022-11-07,build,0,-0.0,0
2022-11-08,build,0,-0.0,0
2022-11-09,build,0,-0.0,0
2022-11-10,build,0,-0.0,0
2022-11-11,build,156.0,14.0,0.0
2022-11-14,build,0,-0.0,0
2022-11-15,build,0,-0.0,0
2022-11-16,build,0,-0.0,0
2022-11-17,build,0,-0.0,0
2022-11-18,build,0,-0.0,0
2022-11-21,build,0,-0.0,0
2022-11-22,build,0,-0.0,0
2022-11-23,build,0,-0.0,0
2022-11-25,build,0,-0.0,0
2022-11-28,build,0,-0.0,0
2022-11-29,build,0,-0.0,0
2022-11-30,build,156.0,14.0,0.35
2022-12-01,build,156.0,54.0,0.17
2022-12-02,build,0,-0.0,0
2022-12-05,build,156.0,14.0,0.0
2022-12-06,build,0,-0.0,0
2022-12-07,build,0,-0.0,0
2022-12-08,build,0,-0.0,0
2022-12-09,build,156.0,104.0,0.05
2022-12-12,build,0,-0.0,0
2022-12-13,build,0,-0.0,0
2022-12-14,build,0,-0.0,0
2022-12-15,build,0,-0.0,0
2022-12-16,build,0,-0.0,0
2022-12-19,build,0,-0.0,0
2022-12-20,build,0,-0.0,0
2022-12-21,build,0,-0.0,0
2022-12-22,build,0,-0.0,0
2022-12-23,build,0,-0.0,0
2022-12-27,build,0,-0.0,0
2022-12-28,build,0,-0.0,0
2022-12-29,build,0,-0.0,0
2022-12-30,build,0,-0.0,0
2023-01-03,build,0,-0.0,0
2023-01-04,build,156.0,14.0,0.02
2023-01-05,build,0,-0.0,0
2023-01-06,build,156.0,14.0,0.0
2023-01-09,build,0,-0.0,0
2023-01-10,build,0,-0.0,0
2023-01-11,build,0,-0.0,0
2023-01-12,build,0,-0.0,0
2023-01-13,build,-174.0,164.0,0.21
2023-01-17,build,0,-0.0,0
2023-01-18,build,0,-0.0,0
2023-01-19,build,0,-0.0,0
2023-01-20,build,0,-0.0,0
2023-01-23,build,0,-0.0,0
2023-01-24,build,0,-0.0,0
2023-01-25,build,0,-0.0,0
2023-01-26,build,0,-0.0,0
2023-01-27,build,0,-0.0,0
2023-01-30,build,0,-0.0,0
2023-01-31,build,0,-0.0,0
2023-02-01,build,-174.0,164.0,0.02
2023-02-02,build,0,-0.0,0
2023-02-03,build,156.0,14.0,0.0
2023-02-06,build,0,-0.0,0
2023-02-07,build,0,-0.0,0
2023-02-08,build,0,-0.0,0
2023-02-09,build,0,-0.0,0
2023-02-10,build,156.0,14.0,0.0
2023-02-13,build,0,-0.0,0
2023-02-14,build,0,-0.0,0
2023-02-15,build,0,-0.0,0
2023-02-16,build,0,-0.0,0
2023-02-17,build,0,-0.0,0
2023-02-21,build,0,-0.0,0
2023-02-22,build,0,-0.0,0
2023-02-23,build,0,-0.0,0
2023-02-24,build,0,-0.0,0
2023-02-27,build,0,-0.0,0
2023-02-28,build,0,-0.0,0
2023-03-01,build,156.0,14.0,0.0
2023-03-02,build,0,-0.0,0
2023-03-03,build,156.0,14.0,0.0
2023-03-06,build,0,-0.0,0
2023-03-07,build,0,-0.0,0
2023-03-08,build,156.0,14.0,0.14
2023-03-09,build,0,-0.0,0
2023-03-10,build,0,-0.0,0
2023-03-13,build,0,-0.0,0
2023-03-14,build,0,-0.0,0
2023-03-15,build,0,-0.0,0
2023-03-16,build,0,-0.0,0
2023-03-17,build,156.0,14.0,0.01
2023-03-20,build,0,-0.0,0
2023-03-21,build,0,-0.0,0
2023-03-22,build,0,-0.0,0
2023-03-23,build,0,-0.0,0
2023-03-24,build,0,-0.0,0
2023-03-27,build,0,-0.0,0
2023-03-28,build,0,-0.0,0
2023-03-29,build,0,-0.0,0
2023-03-30,build,0,-0.0,0
2023-03-31,build,0,-0.0,0
2023-04-03,build,156.0,14.0,0.0
2023-04-04,build,156.0,34.0,0.0
2023-04-05,build,156.0,14.0,0.0
2023-04-06,build,0,-0.0,0
2023-04-10,build,0,-0.0,0
2023-04-11,build,0,-0.0,0
2023-04-12,build,0,-0.0,0
2023-04-13,build,0,-0.0,0
2023-04-14,build,156.0,14.0,0.15
2023-04-17,build,0,-0.0,0
2023-04-18,build,0,-0.0,0
2023-04-19,build,0,-0.0,0
2023-04-20,build,0,-0.0,0
2023-04-21,build,0,-0.0,0
2023-04-24,build,0,-0.0,0
2023-04-25,build,0,-0.0,0
2023-04-26,build,0,-0.0,0
2023-04-27,build,0,-0.0,0
2023-04-28,build,0,-0.0,0
2023-05-01,build,156.0,14.0,0.0
2023-05-02,build,156.0,24.0,0.01
2023-05-03,build,-174.0,164.0,0.04
2023-05-04,build,0,-0.0,0
2023-05-05,build,0,-0.0,0
2023-05-08,build,0,-0.0,0
2023-05-09,build,0,-0.0,0
2023-05-10,build,0,-0.0,0
2023-05-11,build,0,-0.0,0
2023-05-12,build,156.0,14.0,0.0
2023-05-15,build,0,-0.0,0
2023-05-16,build,0,-0.0,0
2023-05-17,build,0,-0.0,0
2023-05-18,build,0,-0.0,0
2023-05-19,build,0,-0.0,0
2023-05-22,build,0,-0.0,0
2023-05-23,build,0,-0.0,0
2023-05-24,build,0,-0.0,0
2023-05-25,build,0,-0.0,0
2023-05-26,build,0,-0.0,0
2023-05-30,build,0,-0.0,0
2023-05-31,build,156.0,14.0,0.0
2023-06-01,build,156.0,14.0,0.0
2023-06-02,build,0,-0.0,0
2023-06-05,build,156.0,14.0,0.0
2023-06-06,build,0,-0.0,0
2023-06-07,build,0,-0.0,0
2023-06-08,build,0,-0.0,0
2023-06-09,build,0,-0.0,0
2023-06-12,build,0,-0.0,0
2023-06-13,build,0,-0.0,0
2023-06-14,build,0,-0.0,0
2023-06-15,build,0,-0.0,0
2023-06-16,build,156.0,14.0,0.0
2023-06-20,build,0,-0.0,0
2023-06-21,build,0,-0.0,0
2023-06-22,build,0,-0.0,0
2023-06-23,build,0,-0.0,0
2023-06-26,build,0,-0.0,0
2023-06-27,build,0,-0.0,0
2023-06-28,build,0,-0.0,0
2023-06-29,build,0,-0.0,0
2023-06-30,build,0,-0.0,0
2023-07-03,build,156.0,14.0,0.0
2023-07-05,build,0,-0.0,0
2023-07-06,build,156.0,14.0,0.0
2023-07-07,build,0,-0.0,0
2023-07-10,build,0,-0.0,0
2023-07-11,build,0,-0.0,0
2023-07-12,build,0,-0.0,0
2023-07-13,build,0,-0.0,0
2023-07-14,build,156.0,14.0,0.0
2023-07-17,build,0,-0.0,0
2023-07-18,build,0,-0.0,0
2023-07-19,build,0,-0.0,0
2023-07-20,build,0,-0.0,0
2023-07-21,build,0,-0.0,0
2023-07-24,build,0,-0.0,0
2023-07-25,build,0,-0.0,0
2023-07-26,build,0,-0.0,0
2023-07-27,build,0,-0.0,0
2023-07-28,build,0,-0.0,0
2023-07-31,build,0,-0.0,0
2023-08-01,build,156.0,14.0,0.04
2023-08-02,build,0,-0.0,0
2023-08-03,build,156.0,14.0,0.04
2023-08-04,build,0,-0.0,0
2023-08-07,build,0,-0.0,0
2023-08-08,build,0,-0.0,0
2023-08-09,build,0,-0.0,0
2023-08-10,build,0,-0.0,0
2023-08-11,build,156.0,14.0,0.0
2023-08-14,build,0,-0.0,0
2023-08-15,build,0,-0.0,0
2023-08-16,build,0,-0.0,0
2023-08-17,build,0,-0.0,0
2023-08-18,build,0,-0.0,0
2023-08-21,build,0,-0.0,0
2023-08-22,build,0,-0.0,0
2023-08-23,build,0,-0.0,0
2023-08-24,build,0,-0.0,0
2023-08-25,build,0,-0.0,0
2023-08-28,build,0,-0.0,0
2023-08-29,build,156.0,64.0,0.0
2023-08-30,build,0,-0.0,0
2023-08-31,build,0,-0.0,0
2023-09-01,build,156.0,14.0,0.0
2023-09-05,build,0,-0.0,0
2023-09-06,build,156.0,14.0,0.0
2023-09-07,build,0,-0.0,0
2023-09-08,build,0,-0.0,0
2023-09-11,build,0,-0.0,0
2023-09-12,build,0,-0.0,0
2023-09-13,build,0,-0.0,0
2023-09-14,build,0,-0.0,0
2023-09-15,build,156.0,14.0,0.0
2023-09-18,build,0,-0.0,0
2023-09-19,build,0,-0.0,0
2023-09-20,build,0,-0.0,0
2023-09-21,build,0,-0.0,0
2023-09-22,build,0,-0.0,0
2023-09-25,build,0,-0.0,0
2023-09-26,build,0,-0.0,0
2023-09-27,build,0,-0.0,0
2023-09-28,build,0,-0.0,0
2023-09-29,build,0,-0.0,0
2023-10-02,build,156.0,14.0,0.0
2023-10-03,build,156.0,14.0,0.0
2023-10-04,build,156.0,14.0,0.06
2023-10-05,build,0,-0.0,0
2023-10-06,build,0,-0.0,0
2023-10-09,build,0,-0.0,0
2023-10-10,build,0,-0.0,0
2023-10-11,build,0,-0.0,0
2023-10-12,build,0,-0.0,0
2023-10-13,build,156.0,14.0,0.0
2023-10-16,build,0,-0.0,0
2023-10-17,build,0,-0.0,0
2023-10-18,build,0,-0.0,0
2023-10-19,build,0,-0.0,0
2023-10-20,build,0,-0.0,0
2023-10-23,build,0,-0.0,0
2023-10-24,build,0,-0.0,0
2023-10-25,build,0,-0.0,0
2023-10-26,build,0,-0.0,0
2023-10-27,build,0,-0.0,0
2023-10-30,build,0,-0.0,0
2023-10-31,build,0,-0.0,0
2023-11-01,build,156.0,14.0,0.0
2023-11-02,build,0,-0.0,0
2023-11-03,build,156.0,14.0,0.0
2023-11-06,build,0,-0.0,0
2023-11-07,build,0,-0.0,0
2023-11-08,build,0,-0.0,0
2023-11-09,build,0,-0.0,0
2023-11-10,build,-174.0,164.0,0.11
2023-11-13,build,0,-0.0,0
2023-11-14,build,0,-0.0,0
2023-11-15,build,0,-0.0,0
2023-11-16,build,0,-0.0,0
2023-11-17,build,0,-0.0,0
2023-11-20,build,0,-0.0,0
2023-11-21,build,0,-0.0,0
2023-11-22,build,0,-0.0,0
2023-11-24,build,0,-0.0,0
2023-11-27,build,0,-0.0,0
2023-11-28,build,0,-0.0,0
2023-11-29,build,0,-0.0,0
2023-11-30,build,0,-0.0,0
2023-12-01,build,156.0,14.0,0.0
2023-12-04,build,0,-0.0,0
2023-12-05,build,156.0,44.0,0.01
2023-12-06,build,0,-0.0,0
2023-12-07,build,0,-0.0,0
2023-12-08,build,156.0,14.0,0.0
2023-12-11,build,0,-0.0,0
2023-12-12,build,0,-0.0,0
2023-12-13,build,0,-0.0,0
2023-12-14,build,0,-0.0,0
2023-12-15,build,0,-0.0,0
2023-12-18,build,0,-0.0,0
2023-12-19,build,0,-0.0,0
2023-12-20,build,0,-0.0,0
2023-12-21,build,0,-0.0,0
2023-12-22,build,0,-0.0,0
2023-12-26,build,0,-0.0,0
2023-12-27,build,0,-0.0,0
2023-12-28,build,0,-0.0,0
2023-12-29,build,0,-0.0,0
2024-01-02,pick,0,-0.0,0
2024-01-03,pick,156.0,14.0,0.0
2024-01-04,pick,0,-0.0,0
2024-01-05,pick,156.0,14.0,0.0
2024-01-08,pick,0,-0.0,0
2024-01-09,pick,0,-0.0,0
2024-01-10,pick,0,-0.0,0
2024-01-11,pick,0,-0.0,0
2024-01-12,pick,0,-0.0,0
2024-01-16,pick,0,-0.0,0
2024-01-17,pick,0,-0.0,0
2024-01-18,pick,0,-0.0,0
2024-01-19,pick,156.0,14.0,0.0
2024-01-22,pick,0,-0.0,0
2024-01-23,pick,0,-0.0,0
2024-01-24,pick,0,-0.0,0
2024-01-25,pick,0,-0.0,0
2024-01-26,pick,0,-0.0,0
2024-01-29,pick,0,-0.0,0
2024-01-30,pick,156.0,14.0,0.0
2024-01-31,pick,0,-0.0,0
2024-02-01,pick,156.0,14.0,0.0
2024-02-02,pick,0,-0.0,0
2024-02-05,pick,156.0,14.0,0.0
2024-02-06,pick,0,-0.0,0
2024-02-07,pick,0,-0.0,0
2024-02-08,pick,0,-0.0,0
2024-02-09,pick,0,-0.0,0
2024-02-12,pick,0,-0.0,0
2024-02-13,pick,0,-0.0,0
2024-02-14,pick,0,-0.0,0
2024-02-15,pick,0,-0.0,0
2024-02-16,pick,156.0,14.0,0.0
2024-02-20,pick,0,-0.0,0
2024-02-21,pick,0,-0.0,0
2024-02-22,pick,0,-0.0,0
2024-02-23,pick,0,-0.0,0
2024-02-26,pick,0,-0.0,0
2024-02-27,pick,0,-0.0,0
2024-02-28,pick,0,-0.0,0
2024-02-29,pick,0,-0.0,0
2024-03-01,pick,156.0,14.0,0.0
2024-03-04,pick,0,-0.0,0
2024-03-05,pick,156.0,14.0,0.0
2024-03-06,pick,156.0,154.0,0.6
2024-03-07,pick,0,-0.0,0
2024-03-08,pick,0,-0.0,0
2024-03-11,pick,0,-0.0,0
2024-03-12,pick,0,-0.0,0
2024-03-13,pick,0,-0.0,0
2024-03-14,pick,0,-0.0,0
2024-03-15,pick,156.0,34.0,1.21
2024-03-18,pick,0,-0.0,0
2024-03-19,pick,0,-0.0,0
2024-03-20,pick,0,-0.0,0
2024-03-21,pick,0,-0.0,0
2024-03-22,pick,0,-0.0,0
2024-03-25,pick,0,-0.0,0
2024-03-26,pick,0,-0.0,0
2024-03-27,pick,0,-0.0,0
2024-03-28,pick,0,-0.0,0
2024-04-01,pick,156.0,14.0,0.0
2024-04-02,pick,-174.0,164.0,0.04
2024-04-03,pick,156.0,14.0,0.0
2024-04-04,pick,0,-0.0,0
2024-04-05,pick,0,-0.0,0
2024-04-08,pick,0,-0.0,0
2024-04-09,pick,0,-0.0,0
2024-04-10,pick,0,-0.0,0
2024-04-11,pick,0,-0.0,0
2024-04-12,pick,156.0,64.0,0.14
2024-04-15,pick,0,-0.0,0
2024-04-16,pick,0,-0.0,0
2024-04-17,pick,0,-0.0,0
2024-04-18,pick,0,-0.0,0
2024-04-19,pick,0,-0.0,0
2024-04-22,pick,0,-0.0,0
2024-04-23,pick,0,-0.0,0
2024-04-24,pick,0,-0.0,0
2024-04-25,pick,0,-0.0,0
2024-04-26,pick,0,-0.0,0
2024-04-29,pick,0,-0.0,0
2024-04-30,pick,0,-0.0,0
2024-05-01,pick,156.0,14.0,0.0
2024-05-02,pick,0,-0.0,0
2024-05-03,pick,156.0,14.0,0.0
2024-05-06,pick,0,-0.0,0
2024-05-07,pick,0,-0.0,0
2024-05-08,pick,0,-0.0,0
2024-05-09,pick,0,-0.0,0
2024-05-10,pick,-174.0,164.0,0.47
2024-05-13,pick,0,-0.0,0
2024-05-14,pick,0,-0.0,0
2024-05-15,pick,0,-0.0,0
2024-05-16,pick,0,-0.0,0
2024-05-17,pick,0,-0.0,0
2024-05-20,pick,0,-0.0,0
2024-05-21,pick,0,-0.0,0
2024-05-22,pick,0,-0.0,0
2024-05-23,pick,0,-0.0,0
2024-05-24,pick,0,-0.0,0
2024-05-28,pick,0,-0.0,0
2024-05-29,pick,0,-0.0,0
2024-05-30,pick,0,-0.0,0
2024-05-31,pick,0,-0.0,0
2024-06-03,pick,156.0,14.0,0.0
2024-06-04,pick,156.0,14.0,0.0
2024-06-05,pick,-194.0,184.0,0.0
2024-06-06,pick,0,-0.0,0
2024-06-07,pick,0,-0.0,0
2024-06-10,pick,0,-0.0,0
2024-06-11,pick,0,-0.0,0
2024-06-12,pick,0,-0.0,0
2024-06-13,pick,0,-0.0,0
2024-06-14,pick,-174.0,164.0,0.01
2024-06-17,pick,0,-0.0,0
2024-06-18,pick,0,-0.0,0
2024-06-20,pick,0,-0.0,0
2024-06-21,pick,0,-0.0,0
2024-06-24,pick,0,-0.0,0
2024-06-25,pick,0,-0.0,0
2024-06-26,pick,0,-0.0,0
2024-06-27,pick,0,-0.0,0
2024-06-28,pick,0,-0.0,0
2024-07-01,pick,156.0,24.0,0.0
2024-07-02,pick,-174.0,164.0,0.02
2024-07-03,pick,156.0,14.0,0.0
2024-07-05,pick,0,-0.0,0
2024-07-08,pick,0,-0.0,0
2024-07-09,pick,0,-0.0,0
2024-07-10,pick,0,-0.0,0
2024-07-11,pick,0,-0.0,0
2024-07-12,pick,156.0,84.0,0.07
2024-07-15,pick,0,-0.0,0
2024-07-16,pick,0,-0.0,0
2024-07-17,pick,0,-0.0,0
2024-07-18,pick,0,-0.0,0
2024-07-19,pick,0,-0.0,0
2024-07-22,pick,0,-0.0,0
2024-07-23,pick,0,-0.0,0
2024-07-24,pick,0,-0.0,0
2024-07-25,pick,0,-0.0,0
2024-07-26,pick,0,-0.0,0
2024-07-29,pick,0,-0.0,0
2024-07-30,pick,156.0,54.0,0.02
2024-07-31,pick,0,-0.0,0
2024-08-01,pick,156.0,14.0,0.0
2024-08-02,pick,0,-0.0,0
2024-08-05,pick,156.0,14.0,0.0
2024-08-06,pick,0,-0.0,0
2024-08-07,pick,0,-0.0,0
2024-08-08,pick,0,-0.0,0
2024-08-09,pick,0,-0.0,0
2024-08-12,pick,0,-0.0,0
2024-08-13,pick,0,-0.0,0
2024-08-14,pick,0,-0.0,0
2024-08-15,pick,0,-0.0,0
2024-08-16,pick,156.0,134.0,0.63
2024-08-19,pick,0,-0.0,0
2024-08-20,pick,0,-0.0,0
2024-08-21,pick,0,-0.0,0
2024-08-22,pick,0,-0.0,0
2024-08-23,pick,0,-0.0,0
2024-08-26,pick,0,-0.0,0
2024-08-27,pick,0,-0.0,0
2024-08-28,pick,0,-0.0,0
2024-08-29,pick,0,-0.0,0
2024-08-30,pick,0,-0.0,0
2024-09-03,pick,156.0,14.0,0.0
2024-09-04,pick,-194.0,184.0,0.01
2024-09-05,pick,-174.0,164.0,0.0
2024-09-06,pick,0,-0.0,0
2024-09-09,pick,0,-0.0,0
2024-09-10,pick,0,-0.0,0
2024-09-11,pick,0,-0.0,0
2024-09-12,pick,0,-0.0,0
2024-09-13,pick,156.0,144.0,1.66
2024-09-16,pick,0,-0.0,0
2024-09-17,pick,0,-0.0,0
2024-09-18,pick,0,-0.0,0
2024-09-19,pick,0,-0.0,0
2024-09-20,pick,0,-0.0,0
2024-09-23,pick,0,-0.0,0
2024-09-24,pick,0,-0.0,0
2024-09-25,pick,0,-0.0,0
2024-09-26,pick,0,-0.0,0
2024-09-27,pick,0,-0.0,0
2024-09-30,pick,0,-0.0,0
2024-10-01,pick,-174.0,164.0,0.0
2024-10-02,pick,0,-0.0,0
2024-10-03,pick,156.0,14.0,0.01
2024-10-04,pick,0,-0.0,0
2024-10-07,pick,0,-0.0,0
2024-10-08,pick,0,-0.0,0
2024-10-09,pick,0,-0.0,0
2024-10-10,pick,0,-0.0,0
2024-10-11,pick,156.0,144.0,1.66
2024-10-14,pick,0,-0.0,0
2024-10-15,pick,0,-0.0,0
2024-10-16,pick,0,-0.0,0
2024-10-17,pick,0,-0.0,0
2024-10-18,pick,0,-0.0,0
2024-10-21,pick,0,-0.0,0
2024-10-22,pick,0,-0.0,0
2024-10-23,pick,0,-0.0,0
2024-10-24,pick,0,-0.0,0
2024-10-25,pick,0,-0.0,0
2024-10-28,pick,0,-0.0,0
2024-10-29,pick,156.0,94.0,0.01
2024-10-30,pick,0,-0.0,0
2024-10-31,pick,0,-0.0,0
2024-11-01,pick,156.0,14.0,0.0
2024-11-04,pick,0,-0.0,0
2024-11-05,pick,156.0,14.0,0.0
2024-11-06,pick,0,-0.0,0
2024-11-07,pick,0,-0.0,0
2024-11-08,pick,156.0,144.0,5.49
2024-11-11,pick,0,-0.0,0
2024-11-12,pick,0,-0.0,0
2024-11-13,pick,0,-0.0,0
2024-11-14,pick,0,-0.0,0
2024-11-15,pick,0,-0.0,0
2024-11-18,pick,0,-0.0,0
2024-11-19,pick,0,-0.0,0
2024-11-20,pick,0,-0.0,0
2024-11-21,pick,0,-0.0,0
2024-11-22,pick,0,-0.0,0
2024-11-25,pick,0,-0.0,0
2024-11-26,pick,0,-0.0,0
2024-11-27,pick,156.0,114.0,0.8
2024-11-29,pick,0,-0.0,0
2024-12-02,pick,156.0,14.0,0.0
2024-12-03,pick,-174.0,164.0,0.01
2024-12-04,pick,156.0,14.0,0.0
2024-12-05,pick,0,-0.0,0
2024-12-06,pick,156.0,14.0,0.23
2024-12-09,pick,0,-0.0,0
2024-12-10,pick,0,-0.0,0
2024-12-11,pick,0,-0.0,0
2024-12-12,pick,0,-0.0,0
2024-12-13,pick,0,-0.0,0
2024-12-16,pick,0,-0.0,0
2024-12-17,pick,0,-0.0,0
2024-12-18,pick,0,-0.0,0
2024-12-19,pick,0,-0.0,0
2024-12-20,pick,0,-0.0,0
2024-12-23,pick,0,-0.0,0
2024-12-24,pick,0,-0.0,0
2024-12-26,pick,0,-0.0,0
2024-12-27,pick,0,-0.0,0
2024-12-30,pick,0,-0.0,0
2024-12-31,pick,0,-0.0,0
