entry_time,exit_time,side,qty,pnl,risk,runup,drawdown,entry_price,exit_price,commission,exit_reason
2021-09-22 09:30:00-04:00,2021-09-22 10:00:16-04:00,short,2,-1018.0,1000.0,1840.0,1000.0,15060.75,15086.0,8.0,sl
2021-09-23 09:30:00-04:00,2021-09-23 09:39:50-04:00,short,2,-1018.0,1000.0,1090.0,1000.0,15209.25,15234.5,8.0,sl
2021-09-24 09:30:00-04:00,2021-09-24 09:37:06-04:00,short,2,-1018.0,1000.0,640.0,1000.0,15205.75,15231.0,8.0,sl
2021-09-27 09:30:00-04:00,2021-09-27 09:31:03-04:00,short,2,-1018.0,1000.0,370.0,1000.0,15186.0,15211.25,8.0,sl
2021-09-28 09:30:00-04:00,2021-09-28 09:30:35-04:00,short,2,-1018.0,1000.0,700.0,1000.0,14999.75,15025.0,8.0,sl
2021-09-29 09:30:00-04:00,2021-09-29 09:31:31-04:00,short,2,-1018.0,1000.0,480.0,1000.0,14814.5,14839.75,8.0,sl
2021-09-30 09:30:00-04:00,2021-09-30 09:30:40-04:00,short,2,-1018.0,1000.0,100.0,1000.0,14809.25,14834.5,8.0,sl
2021-10-01 09:30:00-04:00,2021-10-01 09:44:58-04:00,short,2,2992.0,1000.0,3010.0,990.0,14710.75,14635.75,8.0,tp
2021-10-04 09:30:00-04:00,2021-10-04 09:40:53-04:00,short,2,2992.0,1000.0,3010.0,610.0,14704.75,14629.75,8.0,tp
2021-10-05 09:30:00-04:00,2021-10-05 09:30:38-04:00,short,2,-1018.0,1000.0,10.0,1000.0,14506.0,14531.25,8.0,sl
2021-10-06 09:30:00-04:00,2021-10-06 09:31:52-04:00,short,2,-1018.0,1000.0,440.0,1000.0,14522.5,14547.75,8.0,sl
2021-10-07 09:30:00-04:00,2021-10-07 09:32:02-04:00,short,2,-1018.0,1000.0,910.0,1000.0,14882.0,14907.25,8.0,sl
2021-10-08 09:30:00-04:00,2021-10-08 09:36:45-04:00,short,2,2992.0,1000.0,3010.0,360.0,14934.0,14859.0,8.0,tp
2021-10-11 09:30:00-04:00,2021-10-11 09:33:32-04:00,short,2,-1018.0,1000.0,1040.0,1000.0,14748.0,14773.25,8.0,sl
2021-10-12 09:30:00-04:00,2021-10-12 09:45:06-04:00,short,2,2992.0,1000.0,3010.0,850.0,14757.75,14682.75,8.0,tp
2021-10-13 09:30:00-04:00,2021-10-13 09:35:40-04:00,short,2,-1018.0,1000.0,1100.0,1000.0,14745.5,14770.75,8.0,sl
2021-10-14 09:30:00-04:00,2021-10-14 09:43:14-04:00,short,2,-1018.0,1000.0,1130.0,1000.0,14918.75,14944.0,8.0,sl
2021-10-15 09:30:00-04:00,2021-10-15 11:00:02-04:00,short,2,-1018.0,1000.0,1710.0,1000.0,15088.75,15114.0,8.0,sl
2021-10-18 09:30:00-04:00,2021-10-18 09:41:40-04:00,short,2,-1018.0,1000.0,1060.0,1000.0,15078.5,15103.75,8.0,sl
2021-10-19 09:30:00-04:00,2021-10-19 09:48:05-04:00,short,2,-1018.0,1000.0,1150.0,1000.0,15330.75,15356.0,8.0,sl
2021-10-20 09:30:00-04:00,2021-10-20 10:32:22-04:00,short,2,-1018.0,1000.0,1610.0,1000.0,15420.25,15445.5,8.0,sl
2021-10-21 09:30:00-04:00,2021-10-21 09:41:23-04:00,short,2,-1018.0,1000.0,490.0,1000.0,15346.25,15371.5,8.0,sl
2021-10-22 09:30:00-04:00,2021-10-22 09:36:14-04:00,short,2,-1018.0,1000.0,730.0,1000.0,15422.75,15448.0,8.0,sl
2021-10-25 09:30:00-04:00,2021-10-25 09:33:17-04:00,short,2,-1018.0,1000.0,480.0,1000.0,15405.25,15430.5,8.0,sl
2021-10-26 09:30:00-04:00,2021-10-26 09:33:18-04:00,short,2,-1018.0,1000.0,630.0,1000.0,15595.75,15621.0,8.0,sl
2021-10-27 09:30:00-04:00,2021-10-27 09:30:22-04:00,short,2,-1018.0,1000.0,100.0,1000.0,15571.25,15596.5,8.0,sl
2021-10-28 09:30:00-04:00,2021-10-28 09:46:54-04:00,short,2,-1018.0,1000.0,1290.0,1000.0,15667.75,15693.0,8.0,sl
2021-10-29 09:30:00-04:00,2021-10-29 09:34:31-04:00,short,2,-1018.0,1000.0,490.0,1000.0,15628.0,15653.25,8.0,sl
2021-11-01 09:30:00-04:00,2021-11-01 10:02:00-04:00,short,2,2992.0,1000.0,3010.0,430.0,15857.75,15782.75,8.0,tp
2021-11-02 09:30:00-04:00,2021-11-02 09:35:20-04:00,short,2,-1018.0,1000.0,130.0,1000.0,15867.25,15892.5,8.0,sl
2021-11-03 09:30:00-04:00,2021-11-03 14:00:59-04:00,short,2,-1018.0,1000.0,1820.0,1000.0,15980.75,16006.0,8.0,sl
2021-11-04 09:30:00-04:00,2021-11-04 09:44:39-04:00,short,2,-1018.0,1000.0,850.0,1000.0,16178.25,16203.5,8.0,sl
2021-11-05 09:30:00-04:00,2021-11-05 09:35:18-04:00,short,2,-1018.0,1000.0,870.0,1000.0,16412.0,16437.25,8.0,sl
2021-11-08 09:30:00-05:00,2021-11-08 09:34:50-05:00,short,2,-1018.0,1000.0,780.0,1000.0,16351.5,16376.75,8.0,sl
2021-11-09 09:30:00-05:00,2021-11-09 09:53:01-05:00,short,2,2992.0,1000.0,3010.0,540.0,16378.25,16303.25,8.0,tp
2021-11-10 09:30:00-05:00,2021-11-10 09:42:08-05:00,short,2,-1018.0,1000.0,2370.0,1000.0,16101.0,16126.25,8.0,sl
2021-11-11 09:30:00-05:00,2021-11-11 12:17:26-05:00,short,2,2992.0,1000.0,3010.0,290.0,16103.25,16028.25,8.0,tp
2021-11-12 09:30:00-05:00,2021-11-12 10:51:02-05:00,short,2,-1018.0,1000.0,2730.0,1000.0,16070.0,16095.25,8.0,sl
2021-11-15 09:30:00-05:00,2021-11-15 10:18:38-05:00,short,2,2992.0,1000.0,3010.0,550.0,16240.5,16165.5,8.0,tp
2021-11-16 09:30:00-05:00,2021-11-16 09:32:06-05:00,short,2,-1018.0,1000.0,360.0,1000.0,16158.25,16183.5,8.0,sl
2021-11-17 09:30:00-05:00,2021-11-17 10:39:37-05:00,short,2,-1018.0,1000.0,1820.0,1000.0,16315.5,16340.75,8.0,sl
2021-11-18 09:30:00-05:00,2021-11-18 10:15:13-05:00,short,2,2992.0,1000.0,3010.0,900.0,16398.5,16323.5,8.0,tp
2021-11-19 09:30:00-05:00,2021-11-19 09:45:06-05:00,short,2,-1018.0,1000.0,1350.0,1000.0,16550.0,16575.25,8.0,sl
2021-11-22 09:30:00-05:00,2021-11-22 09:31:30-05:00,short,2,-1018.0,1000.0,40.0,1000.0,16639.5,16664.75,8.0,sl
2021-11-23 09:30:00-05:00,2021-11-23 09:39:25-05:00,short,2,-1018.0,1000.0,1950.0,1000.0,16330.5,16355.75,8.0,sl
2021-11-26 09:30:00-05:00,2021-11-26 09:31:40-05:00,short,2,-1018.0,1000.0,600.0,1000.0,16249.25,16274.5,8.0,sl
2021-11-29 09:30:00-05:00,2021-11-29 09:30:27-05:00,short,2,-1018.0,1000.0,40.0,1000.0,16239.0,16264.25,8.0,sl
2021-11-30 09:30:00-05:00,2021-11-30 09:46:34-05:00,short,2,-1018.0,1000.0,1360.0,1000.0,16353.0,16378.25,8.0,sl
2021-12-02 09:30:00-05:00,2021-12-02 09:31:00-05:00,short,2,-1018.0,1000.0,1360.0,1000.0,15822.5,15847.75,8.0,sl
2021-12-03 09:30:00-05:00,2021-12-03 09:32:19-05:00,short,2,-1018.0,1000.0,1460.0,1000.0,16048.0,16073.25,8.0,sl
2021-12-06 09:30:00-05:00,2021-12-06 09:30:31-05:00,short,2,-1028.0,1000.0,410.0,1010.0,15734.5,15760.0,8.0,sl
2021-12-07 09:30:00-05:00,2021-12-07 09:32:36-05:00,short,2,-1018.0,1000.0,0.0,1000.0,16120.25,16145.5,8.0,sl
2021-12-08 09:30:00-05:00,2021-12-08 09:32:03-05:00,short,2,2992.0,1000.0,3010.0,150.0,16329.75,16254.75,8.0,tp
2021-12-09 09:30:00-05:00,2021-12-09 09:31:15-05:00,short,2,-1018.0,1000.0,180.0,1000.0,16339.5,16364.75,8.0,sl
2021-12-10 09:30:00-05:00,2021-12-10 09:32:01-05:00,short,2,-1018.0,1000.0,350.0,1000.0,16267.0,16292.25,8.0,sl
2021-12-13 09:30:00-05:00,2021-12-13 10:02:32-05:00,short,2,2992.0,1000.0,3010.0,490.0,16327.25,16252.25,8.0,tp
2021-12-14 09:30:00-05:00,2021-12-14 09:31:39-05:00,short,2,-1018.0,1000.0,1200.0,1000.0,15886.5,15911.75,8.0,sl
2021-12-15 09:30:00-05:00,2021-12-15 09:49:24-05:00,short,2,2992.0,1000.0,3010.0,710.0,15910.0,15835.0,8.0,tp
2021-12-16 09:30:00-05:00,2021-12-16 09:40:26-05:00,short,2,2992.0,1000.0,3010.0,700.0,16324.5,16249.5,8.0,tp
2021-12-17 09:30:00-05:00,2021-12-17 09:31:18-05:00,short,2,-1018.0,1000.0,1000.0,1000.0,15714.0,15739.25,8.0,sl
2021-12-20 09:30:00-05:00,2021-12-20 09:31:03-05:00,short,2,-1018.0,1000.0,890.0,1000.0,15577.0,15602.25,8.0,sl
2021-12-21 09:30:00-05:00,2021-12-21 09:31:45-05:00,short,2,-1018.0,1000.0,240.0,1000.0,15763.75,15789.0,8.0,sl
2021-12-22 09:30:00-05:00,2021-12-22 09:43:17-05:00,short,2,-1018.0,1000.0,980.0,1000.0,15957.75,15983.0,8.0,sl
2021-12-23 09:30:00-05:00,2021-12-23 09:32:25-05:00,short,2,-1018.0,1000.0,310.0,1000.0,16184.25,16209.5,8.0,sl
2021-12-27 09:30:00-05:00,2021-12-27 09:30:26-05:00,short,2,-1018.0,1000.0,60.0,1000.0,16346.0,16371.25,8.0,sl
2021-12-28 09:30:00-05:00,2021-12-28 09:39:06-05:00,short,2,2992.0,1000.0,3010.0,230.0,16602.75,16527.75,8.0,tp
2021-12-29 09:30:00-05:00,2021-12-29 09:30:18-05:00,short,2,-1018.0,1000.0,50.0,1000.0,16497.75,16523.0,8.0,sl
2021-12-30 09:30:00-05:00,2021-12-30 09:33:18-05:00,short,2,-1018.0,1000.0,670.0,1000.0,16479.25,16504.5,8.0,sl
2021-12-31 09:30:00-05:00,2021-12-31 09:31:16-05:00,short,2,-1018.0,1000.0,110.0,1000.0,16408.75,16434.0,8.0,sl
2022-01-03 09:30:00-05:00,2022-01-03 09:30:21-05:00,short,2,-1018.0,1000.0,210.0,1000.0,16383.5,16408.75,8.0,sl
2022-01-04 09:30:00-05:00,2022-01-04 10:01:26-05:00,short,2,2992.0,1000.0,3010.0,80.0,16510.0,16435.0,8.0,tp
2022-01-05 09:30:00-05:00,2022-01-05 09:32:50-05:00,short,2,2992.0,1000.0,3010.0,590.0,16201.75,16126.75,8.0,tp
2022-01-06 09:30:00-05:00,2022-01-06 09:30:37-05:00,short,2,-1018.0,1000.0,720.0,1000.0,15690.0,15715.25,8.0,sl
2022-01-07 09:30:00-05:00,2022-01-07 09:36:42-05:00,short,2,2992.0,1000.0,3010.0,730.0,15759.75,15684.75,8.0,tp
2022-01-10 09:30:00-05:00,2022-01-10 09:30:57-05:00,short,2,-1018.0,1000.0,790.0,1000.0,15378.25,15403.5,8.0,sl
2022-01-11 09:30:00-05:00,2022-01-11 09:37:00-05:00,short,2,-1018.0,1000.0,2360.0,1000.0,15565.5,15590.75,8.0,sl
2022-01-12 09:30:00-05:00,2022-01-12 09:31:13-05:00,short,2,-1018.0,1000.0,510.0,1000.0,15939.25,15964.5,8.0,sl
2022-01-13 09:30:00-05:00,2022-01-13 09:40:09-05:00,short,2,-1018.0,1000.0,1520.0,1000.0,15952.0,15977.25,8.0,sl
2022-01-14 09:30:00-05:00,2022-01-14 09:31:00-05:00,short,2,-1018.0,1000.0,510.0,1000.0,15392.5,15417.75,8.0,sl
2022-01-18 09:30:00-05:00,2022-01-18 09:30:16-05:00,short,2,-1018.0,1000.0,120.0,1000.0,15345.5,15370.75,8.0,sl
2022-01-19 09:30:00-05:00,2022-01-19 09:30:29-05:00,short,2,-1018.0,1000.0,340.0,1000.0,15267.25,15292.5,8.0,sl
2022-01-20 09:30:00-05:00,2022-01-20 09:30:56-05:00,short,2,-1018.0,1000.0,280.0,1000.0,15167.25,15192.5,8.0,sl
2022-01-21 09:30:00-05:00,2022-01-21 09:31:40-05:00,short,2,-1018.0,1000.0,1510.0,1000.0,14744.5,14769.75,8.0,sl
2022-01-24 09:30:00-05:00,2022-01-24 09:32:12-05:00,short,2,-1018.0,1000.0,1950.0,1000.0,14191.0,14216.25,8.0,sl
2022-01-25 09:30:00-05:00,2022-01-25 09:30:05-05:00,short,2,-1018.0,1000.0,30.0,1000.0,14212.75,14238.0,8.0,sl
2022-01-26 09:30:00-05:00,2022-01-26 09:35:37-05:00,short,2,2992.0,1000.0,3010.0,870.0,14476.25,14401.25,8.0,tp
2022-01-27 09:30:00-05:00,2022-01-27 09:36:18-05:00,short,2,2992.0,1000.0,3010.0,570.0,14333.75,14258.75,8.0,tp
2022-01-28 09:30:00-05:00,2022-01-28 09:30:39-05:00,short,2,-1018.0,1000.0,270.0,1000.0,14070.5,14095.75,8.0,sl
2022-01-31 09:30:00-05:00,2022-01-31 09:34:54-05:00,short,2,-1018.0,1000.0,2720.0,1000.0,14484.25,14509.5,8.0,sl
2022-02-01 09:30:00-05:00,2022-02-01 09:32:17-05:00,short,2,2992.0,1000.0,3010.0,410.0,14941.75,14866.75,8.0,tp
2022-02-02 09:30:00-05:00,2022-02-02 09:42:49-05:00,short,2,2992.0,1000.0,3010.0,440.0,15167.0,15092.0,8.0,tp
2022-02-03 09:30:00-05:00,2022-02-03 09:30:54-05:00,short,2,-1018.0,1000.0,1050.0,1000.0,14703.75,14729.0,8.0,sl
2022-02-04 09:30:00-05:00,2022-02-04 09:30:12-05:00,short,2,-1018.0,1000.0,70.0,1000.0,14520.75,14546.0,8.0,sl
2022-02-07 09:30:00-05:00,2022-02-07 09:36:09-05:00,short,2,-1018.0,1000.0,1750.0,1000.0,14713.75,14739.0,8.0,sl
2022-02-08 09:30:00-05:00,2022-02-08 09:30:59-05:00,short,2,-1018.0,1000.0,520.0,1000.0,14518.0,14543.25,8.0,sl
2022-02-09 09:30:00-05:00,2022-02-09 09:39:04-05:00,short,2,-1018.0,1000.0,1210.0,1000.0,14918.5,14943.75,8.0,sl
2022-02-10 09:30:00-05:00,2022-02-10 09:31:17-05:00,short,2,-1018.0,1000.0,310.0,1000.0,14742.75,14768.0,8.0,sl
2022-02-11 09:30:00-05:00,2022-02-11 09:30:14-05:00,short,2,-1018.0,1000.0,0.0,1000.0,14698.25,14723.5,8.0,sl
2022-02-14 09:30:00-05:00,2022-02-14 09:30:22-05:00,short,2,-1018.0,1000.0,150.0,1000.0,14210.5,14235.75,8.0,sl
2022-02-15 09:30:00-05:00,2022-02-15 09:34:38-05:00,short,2,-1018.0,1000.0,930.0,1000.0,14469.75,14495.0,8.0,sl
2022-02-16 09:30:00-05:00,2022-02-16 09:41:19-05:00,short,2,2992.0,1000.0,3010.0,130.0,14512.25,14437.25,8.0,tp
2022-02-17 09:30:00-05:00,2022-02-17 09:39:54-05:00,short,2,-1048.0,1000.0,670.0,1030.0,14466.0,14492.0,8.0,sl
2022-02-18 09:30:00-05:00,2022-02-18 09:35:56-05:00,short,2,2992.0,1000.0,3010.0,620.0,14202.75,14127.75,8.0,tp
2022-02-22 09:30:00-05:00,2022-02-22 09:30:57-05:00,short,2,-1018.0,1000.0,580.0,1000.0,13884.75,13910.0,8.0,sl
2022-02-23 09:30:00-05:00,2022-02-23 09:30:52-05:00,short,2,-1018.0,1000.0,120.0,1000.0,13996.0,14021.25,8.0,sl
2022-02-24 09:30:00-05:00,2022-02-24 09:30:48-05:00,short,2,-1018.0,1000.0,690.0,1000.0,13075.25,13100.5,8.0,sl
2022-02-25 09:30:00-05:00,2022-02-25 09:38:20-05:00,short,2,2992.0,1000.0,3020.0,810.0,13993.25,13918.25,8.0,tp
2022-02-28 09:30:00-05:00,2022-02-28 09:30:18-05:00,short,2,-1028.0,1000.0,290.0,1010.0,14040.5,14066.0,8.0,sl
2022-03-01 09:30:00-05:00,2022-03-01 09:31:20-05:00,short,2,-1018.0,1000.0,180.0,1000.0,14174.0,14199.25,8.0,sl
2022-03-02 09:30:00-05:00,2022-03-02 09:43:35-05:00,short,2,-1018.0,1000.0,2330.0,1000.0,14069.25,14094.5,8.0,sl
2022-03-03 09:30:00-05:00,2022-03-03 09:38:48-05:00,short,2,2992.0,1000.0,3010.0,50.0,14353.5,14278.5,8.0,tp
2022-03-04 09:30:00-05:00,2022-03-04 09:30:25-05:00,short,2,-1018.0,1000.0,0.0,1000.0,13938.5,13963.75,8.0,sl
2022-03-07 09:30:00-05:00,2022-03-07 09:30:44-05:00,short,2,-1018.0,1000.0,60.0,1000.0,13830.25,13855.5,8.0,sl
2022-03-08 09:30:00-05:00,2022-03-08 09:30:35-05:00,short,2,-1018.0,1000.0,780.0,1000.0,13290.0,13315.25,8.0,sl
2022-03-09 09:30:00-05:00,2022-03-09 09:36:58-05:00,short,2,2992.0,1000.0,3010.0,710.0,13603.25,13528.25,8.0,tp
2022-03-10 09:30:00-05:00,2022-03-10 09:39:17-05:00,short,2,2992.0,1000.0,3010.0,600.0,13564.0,13489.0,8.0,tp
2022-03-11 09:30:00-05:00,2022-03-11 09:39:37-05:00,short,2,2992.0,1000.0,3010.0,490.0,13711.25,13636.25,8.0,tp
2022-03-14 09:30:00-04:00,2022-03-14 09:30:24-04:00,short,2,-1018.0,1000.0,180.0,1000.0,13248.0,13273.25,8.0,sl
2022-03-15 09:30:00-04:00,2022-03-15 09:30:17-04:00,short,2,-1018.0,1000.0,20.0,1000.0,13155.75,13181.0,8.0,sl
2022-03-16 09:30:00-04:00,2022-03-16 09:30:27-04:00,short,2,-1018.0,1000.0,50.0,1000.0,13616.75,13642.0,8.0,sl
2022-03-17 09:30:00-04:00,2022-03-17 09:40:08-04:00,short,2,-1018.0,1000.0,2180.0,1000.0,13873.5,13898.75,8.0,sl
2022-03-18 09:30:00-04:00,2022-03-18 09:36:06-04:00,short,2,-1018.0,1000.0,2090.0,1000.0,14047.25,14072.5,8.0,sl
2022-03-21 09:30:00-04:00,2022-03-21 09:34:34-04:00,short,2,-1018.0,1000.0,550.0,1000.0,14371.75,14397.0,8.0,sl
2022-03-22 09:30:00-04:00,2022-03-22 09:31:11-04:00,short,2,-1018.0,1000.0,770.0,1000.0,14393.25,14418.5,8.0,sl
2022-03-23 09:30:00-04:00,2022-03-23 10:14:34-04:00,short,2,-1018.0,1000.0,2860.0,1000.0,14532.25,14557.5,8.0,sl
2022-03-24 09:30:00-04:00,2022-03-24 09:42:24-04:00,short,2,-1018.0,1000.0,2000.0,1000.0,14522.0,14547.25,8.0,sl
2022-03-25 09:30:00-04:00,2022-03-25 09:32:21-04:00,short,2,-1018.0,1000.0,780.0,1000.0,14763.5,14788.75,8.0,sl
2022-03-28 09:30:00-04:00,2022-03-28 09:31:01-04:00,short,2,-1018.0,1000.0,110.0,1000.0,14752.5,14777.75,8.0,sl
2022-03-29 09:30:00-04:00,2022-03-29 09:31:01-04:00,short,2,-1018.0,1000.0,500.0,1000.0,15149.5,15174.75,8.0,sl
2022-03-30 09:30:00-04:00,2022-03-30 09:34:59-04:00,short,2,-1018.0,1000.0,120.0,1000.0,15168.25,15193.5,8.0,sl
2022-03-31 09:30:00-04:00,2022-03-31 09:40:56-04:00,short,2,2992.0,1000.0,3010.0,340.0,15081.5,15006.5,8.0,tp
2022-04-01 09:30:00-04:00,2022-04-01 09:32:00-04:00,short,2,-1018.0,1000.0,550.0,1000.0,14898.25,14923.5,8.0,sl
2022-04-04 09:30:00-04:00,2022-04-04 09:33:37-04:00,short,2,-1018.0,1000.0,530.0,1000.0,14896.75,14922.0,8.0,sl
2022-04-05 09:30:00-04:00,2022-04-05 09:30:21-04:00,short,2,-1018.0,1000.0,350.0,1000.0,15104.5,15129.75,8.0,sl
2022-04-06 09:30:00-04:00,2022-04-06 09:30:40-04:00,short,2,-1018.0,1000.0,280.0,1000.0,14601.5,14626.75,8.0,sl
2022-04-07 09:30:00-04:00,2022-04-07 09:31:17-04:00,short,2,-1018.0,1000.0,280.0,1000.0,14466.25,14491.5,8.0,sl
2022-04-08 09:30:00-04:00,2022-04-08 09:35:32-04:00,short,2,2992.0,1000.0,3010.0,270.0,14470.0,14395.0,8.0,tp
2022-04-11 09:30:00-04:00,2022-04-11 09:46:15-04:00,short,2,-1028.0,1000.0,2430.0,1010.0,14159.75,14185.25,8.0,sl
2022-04-12 09:30:00-04:00,2022-04-12 09:36:42-04:00,short,2,2992.0,1000.0,3010.0,40.0,14200.25,14125.25,8.0,tp
2022-04-13 09:30:00-04:00,2022-04-13 09:35:30-04:00,short,2,-1018.0,1000.0,1150.0,1000.0,13949.75,13975.0,8.0,sl
2022-04-14 09:30:00-04:00,2022-04-14 09:43:20-04:00,short,2,2992.0,1000.0,3010.0,870.0,14225.0,14150.0,8.0,tp
2022-04-18 09:30:00-04:00,2022-04-18 09:30:16-04:00,short,2,-1018.0,1000.0,130.0,1000.0,13852.0,13877.25,8.0,sl
2022-04-19 09:30:00-04:00,2022-04-19 09:31:00-04:00,short,2,-1018.0,1000.0,360.0,1000.0,13875.0,13900.25,8.0,sl
2022-04-20 09:30:00-04:00,2022-04-20 09:40:03-04:00,short,2,2992.0,1000.0,3010.0,670.0,14253.25,14178.25,8.0,tp
2022-04-21 09:30:00-04:00,2022-04-21 09:31:00-04:00,short,2,-1018.0,1000.0,380.0,1000.0,14174.0,14199.25,8.0,sl
2022-04-22 09:30:00-04:00,2022-04-22 09:33:10-04:00,short,2,-1018.0,1000.0,750.0,1000.0,13725.0,13750.25,8.0,sl
2022-04-25 09:30:00-04:00,2022-04-25 09:32:30-04:00,short,2,-1018.0,1000.0,870.0,1000.0,13288.0,13313.25,8.0,sl
2022-04-26 09:30:00-04:00,2022-04-26 09:34:38-04:00,short,2,2992.0,1000.0,3010.0,330.0,13442.5,13367.5,8.0,tp
2022-04-27 09:30:00-04:00,2022-04-27 09:30:33-04:00,short,2,-1018.0,1000.0,430.0,1000.0,13020.75,13046.0,8.0,sl
2022-04-28 09:30:00-04:00,2022-04-28 09:30:09-04:00,short,2,-1028.0,1000.0,80.0,1010.0,13213.25,13238.75,8.0,sl
2022-04-29 09:30:00-04:00,2022-04-29 09:32:51-04:00,short,2,-1018.0,1000.0,2360.0,1000.0,13285.75,13311.0,8.0,sl
2022-05-02 09:30:00-04:00,2022-05-02 09:30:07-04:00,short,2,-1018.0,1000.0,70.0,1000.0,12840.0,12865.25,8.0,sl
2022-05-03 09:30:00-04:00,2022-05-03 09:37:02-04:00,short,2,2992.0,1000.0,3010.0,250.0,13073.75,12998.75,8.0,tp
2022-05-04 09:30:00-04:00,2022-05-04 09:57:31-04:00,short,2,2992.0,1000.0,3020.0,270.0,13107.5,13032.5,8.0,tp
2022-05-05 09:30:00-04:00,2022-05-05 09:43:29-04:00,short,2,2992.0,1000.0,3010.0,120.0,13343.25,13268.25,8.0,tp
2022-05-06 09:30:00-04:00,2022-05-06 09:31:42-04:00,short,2,-1018.0,1000.0,870.0,1000.0,12761.75,12787.0,8.0,sl
2022-05-09 09:30:00-04:00,2022-05-09 09:30:33-04:00,short,2,-1018.0,1000.0,330.0,1000.0,12450.75,12476.0,8.0,sl
2022-05-10 09:30:00-04:00,2022-05-10 09:30:25-04:00,short,2,-1018.0,1000.0,380.0,1000.0,12496.5,12521.75,8.0,sl
2022-05-11 09:30:00-04:00,2022-05-11 09:31:16-04:00,short,2,-1018.0,1000.0,1620.0,1000.0,12252.0,12277.25,8.0,sl
2022-05-12 09:30:00-04:00,2022-05-12 09:30:32-04:00,short,2,-1018.0,1000.0,370.0,1000.0,11793.5,11818.75,8.0,sl
2022-05-13 09:30:00-04:00,2022-05-13 09:31:15-04:00,short,2,-1018.0,1000.0,470.0,1000.0,12133.25,12158.5,8.0,sl
2022-05-16 09:30:00-04:00,2022-05-16 09:36:19-04:00,short,2,2992.0,1000.0,3010.0,870.0,12313.25,12238.25,8.0,tp
2022-05-17 09:30:00-04:00,2022-05-17 09:33:57-04:00,short,2,-1018.0,1000.0,1410.0,1000.0,12491.75,12517.0,8.0,sl
2022-05-18 09:30:00-04:00,2022-05-18 09:33:53-04:00,short,2,-1018.0,1000.0,780.0,1000.0,12370.0,12395.25,8.0,sl
2022-05-19 09:30:00-04:00,2022-05-19 09:30:25-04:00,short,2,-1018.0,1000.0,30.0,1000.0,11866.5,11891.75,8.0,sl
2022-05-20 09:30:00-04:00,2022-05-20 09:31:11-04:00,short,2,-1018.0,1000.0,660.0,1000.0,12027.25,12052.5,8.0,sl
2022-05-23 09:30:00-04:00,2022-05-23 09:41:52-04:00,short,2,-1018.0,1000.0,2700.0,1000.0,11885.25,11910.5,8.0,sl
2022-05-24 09:30:00-04:00,2022-05-24 09:32:11-04:00,short,2,-1018.0,1000.0,770.0,1000.0,11813.25,11838.5,8.0,sl
2022-05-25 09:30:00-04:00,2022-05-25 09:30:10-04:00,short,2,-1018.0,1000.0,100.0,1000.0,11715.25,11740.5,8.0,sl
2022-05-26 09:30:00-04:00,2022-05-26 09:32:07-04:00,short,2,-1018.0,1000.0,540.0,1000.0,11912.5,11937.75,8.0,sl
2022-05-27 09:30:00-04:00,2022-05-27 09:31:00-04:00,short,2,-1018.0,1000.0,190.0,1000.0,12406.75,12432.0,8.0,sl
2022-05-31 09:30:00-04:00,2022-05-31 09:33:24-04:00,short,2,2992.0,1000.0,3010.0,400.0,12678.0,12603.0,8.0,tp
2022-06-01 09:30:00-04:00,2022-06-01 09:31:18-04:00,short,2,-1018.0,1000.0,30.0,1000.0,12734.75,12760.0,8.0,sl
2022-06-02 09:30:00-04:00,2022-06-02 09:42:43-04:00,short,2,-1018.0,1000.0,2440.0,1000.0,12503.5,12528.75,8.0,sl
2022-06-03 09:30:00-04:00,2022-06-03 09:32:07-04:00,short,2,-1018.0,1000.0,1270.0,1000.0,12673.5,12698.75,8.0,sl
2022-06-06 09:30:00-04:00,2022-06-06 09:30:49-04:00,short,2,-1018.0,1000.0,0.0,1000.0,12742.25,12767.5,8.0,sl
2022-06-07 09:30:00-04:00,2022-06-07 09:33:39-04:00,short,2,-1018.0,1000.0,1730.0,1000.0,12455.75,12481.0,8.0,sl
2022-06-08 09:30:00-04:00,2022-06-08 09:36:13-04:00,short,2,-1018.0,1000.0,1820.0,1000.0,12673.0,12698.25,8.0,sl
2022-06-09 09:30:00-04:00,2022-06-09 09:34:00-04:00,short,2,-1018.0,1000.0,970.0,1000.0,12544.0,12569.25,8.0,sl
2022-06-10 09:30:00-04:00,2022-06-10 09:30:31-04:00,short,2,-1018.0,1000.0,50.0,1000.0,12042.25,12067.5,8.0,sl
2022-06-13 09:30:00-04:00,2022-06-13 09:30:29-04:00,short,2,-1018.0,1000.0,140.0,1000.0,11496.5,11521.75,8.0,sl
2022-06-14 09:30:00-04:00,2022-06-14 09:40:41-04:00,short,2,2992.0,1000.0,3010.0,990.0,11417.25,11342.25,8.0,tp
2022-06-15 09:30:00-04:00,2022-06-15 09:30:19-04:00,short,2,-1018.0,1000.0,90.0,1000.0,11488.0,11513.25,8.0,sl
2022-06-16 09:30:00-04:00,2022-06-16 09:56:41-04:00,short,2,2992.0,1000.0,3010.0,790.0,11330.0,11255.0,8.0,tp
2022-06-17 09:30:00-04:00,2022-06-17 09:30:11-04:00,short,2,-1018.0,1000.0,120.0,1000.0,11187.5,11212.75,8.0,sl
2022-06-22 09:30:00-04:00,2022-06-22 09:31:25-04:00,short,2,-1018.0,1000.0,950.0,1000.0,11470.5,11495.75,8.0,sl
2022-06-23 09:30:00-04:00,2022-06-23 09:35:57-04:00,short,2,2992.0,1000.0,3010.0,850.0,11662.25,11587.25,8.0,tp
2022-06-24 09:30:00-04:00,2022-06-24 09:32:06-04:00,short,2,-1018.0,1000.0,450.0,1000.0,11850.0,11875.25,8.0,sl
2022-06-27 09:30:00-04:00,2022-06-27 09:35:00-04:00,short,2,2992.0,1000.0,3010.0,930.0,12188.75,12113.75,8.0,tp
2022-06-28 09:30:00-04:00,2022-06-28 09:31:11-04:00,short,2,-1018.0,1000.0,660.0,1000.0,12063.75,12089.0,8.0,sl
2022-06-29 09:30:00-04:00,2022-06-29 09:33:25-04:00,short,2,2992.0,1000.0,3010.0,830.0,11669.5,11594.5,8.0,tp
2022-06-30 09:30:00-04:00,2022-06-30 09:30:28-04:00,short,2,-1018.0,1000.0,230.0,1000.0,11555.5,11580.75,8.0,sl
2022-07-01 09:30:00-04:00,2022-07-01 09:30:14-04:00,short,2,-1018.0,1000.0,100.0,1000.0,11480.0,11505.25,8.0,sl
2022-07-05 09:30:00-04:00,2022-07-05 09:48:21-04:00,short,2,-1018.0,1000.0,2630.0,1000.0,11455.0,11480.25,8.0,sl
2022-07-06 09:30:00-04:00,2022-07-06 09:32:22-04:00,short,2,-1018.0,1000.0,940.0,1000.0,11827.0,11852.25,8.0,sl
2022-07-07 09:30:00-04:00,2022-07-07 09:30:16-04:00,short,2,-1018.0,1000.0,60.0,1000.0,11919.75,11945.0,8.0,sl
2022-07-08 09:30:00-04:00,2022-07-08 09:32:39-04:00,short,2,-1018.0,1000.0,1210.0,1000.0,12018.25,12043.5,8.0,sl
2022-07-11 09:30:00-04:00,2022-07-11 09:36:00-04:00,short,2,2992.0,1000.0,3010.0,490.0,12049.5,11974.5,8.0,tp
2022-07-12 09:30:00-04:00,2022-07-12 09:31:19-04:00,short,2,-1018.0,1000.0,140.0,1000.0,11943.0,11968.25,8.0,sl
2022-07-13 09:30:00-04:00,2022-07-13 09:30:25-04:00,short,2,-1018.0,1000.0,60.0,1000.0,11545.25,11570.5,8.0,sl
2022-07-14 09:30:00-04:00,2022-07-14 09:30:22-04:00,short,2,-1028.0,1000.0,70.0,1010.0,11644.5,11670.0,8.0,sl
2022-07-15 09:30:00-04:00,2022-07-15 09:30:43-04:00,short,2,-1018.0,1000.0,40.0,1000.0,11923.75,11949.0,8.0,sl
2022-07-18 09:30:00-04:00,2022-07-18 09:33:23-04:00,short,2,-1018.0,1000.0,1390.0,1000.0,12124.5,12149.75,8.0,sl
2022-07-19 09:30:00-04:00,2022-07-19 10:27:00-04:00,short,2,-1018.0,1000.0,2700.0,1000.0,12060.5,12085.75,8.0,sl
2022-07-20 09:30:00-04:00,2022-07-20 09:37:31-04:00,short,2,-1018.0,1000.0,1270.0,1000.0,12289.25,12314.5,8.0,sl
2022-07-21 09:30:00-04:00,2022-07-21 09:32:57-04:00,short,2,-1018.0,1000.0,1000.0,1000.0,12485.0,12510.25,8.0,sl
2022-07-22 09:30:00-04:00,2022-07-22 09:38:08-04:00,short,2,-1018.0,1000.0,1630.0,1000.0,12606.75,12632.0,8.0,sl
2022-07-25 09:30:00-04:00,2022-07-25 10:06:57-04:00,short,2,2992.0,1000.0,3010.0,820.0,12423.5,12348.5,8.0,tp
2022-07-26 09:30:00-04:00,2022-07-26 09:48:05-04:00,short,2,2992.0,1000.0,3010.0,520.0,12278.25,12203.25,8.0,tp
2022-07-27 09:30:00-04:00,2022-07-27 09:37:04-04:00,short,2,-1018.0,1000.0,1260.0,1000.0,12308.0,12333.25,8.0,sl
2022-07-28 09:30:00-04:00,2022-07-28 09:30:59-04:00,short,2,-1018.0,1000.0,600.0,1000.0,12607.5,12632.75,8.0,sl
2022-07-29 09:30:00-04:00,2022-07-29 09:41:09-04:00,short,2,-1018.0,1000.0,2410.0,1000.0,12804.5,12829.75,8.0,sl
2022-08-01 09:30:00-04:00,2022-08-01 09:39:38-04:00,short,2,-1018.0,1000.0,1770.0,1000.0,12896.0,12921.25,8.0,sl
2022-08-02 09:30:00-04:00,2022-08-02 09:31:25-04:00,short,2,-1018.0,1000.0,340.0,1000.0,12861.5,12886.75,8.0,sl
2022-08-03 09:30:00-04:00,2022-08-03 09:30:47-04:00,short,2,-1018.0,1000.0,180.0,1000.0,12994.0,13019.25,8.0,sl
2022-08-04 09:30:00-04:00,2022-08-04 09:35:11-04:00,short,2,-1018.0,1000.0,1220.0,1000.0,13275.75,13301.0,8.0,sl
2022-08-08 09:30:00-04:00,2022-08-08 09:32:23-04:00,short,2,-1018.0,1000.0,1270.0,1000.0,13263.75,13289.0,8.0,sl
2022-08-09 09:30:00-04:00,2022-08-09 09:53:38-04:00,short,2,2992.0,1000.0,3010.0,520.0,13099.25,13024.25,8.0,tp
2022-08-10 09:30:00-04:00,2022-08-10 10:19:28-04:00,short,2,2992.0,1000.0,3010.0,530.0,13341.75,13266.75,8.0,tp
2022-08-11 09:30:00-04:00,2022-08-11 10:00:45-04:00,short,2,-1018.0,1000.0,1440.0,1000.0,13491.5,13516.75,8.0,sl
2022-08-12 09:30:00-04:00,2022-08-12 09:41:05-04:00,short,2,-1018.0,1000.0,1840.0,1000.0,13405.25,13430.5,8.0,sl
2022-08-15 09:30:00-04:00,2022-08-15 09:30:43-04:00,short,2,-1018.0,1000.0,0.0,1000.0,13535.75,13561.0,8.0,sl
2022-08-16 09:30:00-04:00,2022-08-16 10:17:22-04:00,short,2,2992.0,1000.0,3010.0,690.0,13642.0,13567.0,8.0,tp
2022-08-17 09:30:00-04:00,2022-08-17 09:35:26-04:00,short,2,-1018.0,1000.0,220.0,1000.0,13518.0,13543.25,8.0,sl
2022-08-18 09:30:00-04:00,2022-08-18 10:40:59-04:00,short,2,-1018.0,1000.0,2700.0,1000.0,13490.0,13515.25,8.0,sl
2022-08-19 09:30:00-04:00,2022-08-19 09:32:09-04:00,short,2,-1018.0,1000.0,330.0,1000.0,13396.75,13422.0,8.0,sl
2022-08-22 09:30:00-04:00,2022-08-22 10:09:01-04:00,short,2,2992.0,1000.0,3010.0,480.0,13080.25,13005.25,8.0,tp
2022-08-23 09:30:00-04:00,2022-08-23 09:32:08-04:00,short,2,-1018.0,1000.0,240.0,1000.0,12899.25,12924.5,8.0,sl
2022-08-24 09:30:00-04:00,2022-08-24 09:31:43-04:00,short,2,-1028.0,1000.0,180.0,1010.0,12876.25,12901.75,8.0,sl
2022-08-25 09:30:00-04:00,2022-08-25 09:58:12-04:00,short,2,-1018.0,1000.0,1750.0,1000.0,13005.75,13031.0,8.0,sl
2022-08-26 09:30:00-04:00,2022-08-26 10:01:13-04:00,short,2,2992.0,1000.0,3010.0,570.0,13146.75,13071.75,8.0,tp
2022-08-29 09:30:00-04:00,2022-08-29 09:31:10-04:00,short,2,-1018.0,1000.0,960.0,1000.0,12502.75,12528.0,8.0,sl
2022-08-30 09:30:00-04:00,2022-08-30 09:46:26-04:00,short,2,2992.0,1000.0,3010.0,970.0,12563.0,12488.0,8.0,tp
2022-08-31 09:30:00-04:00,2022-08-31 09:35:22-04:00,short,2,2992.0,1000.0,3010.0,60.0,12475.5,12400.5,8.0,tp
2022-09-01 09:30:00-04:00,2022-09-01 09:40:15-04:00,short,2,-1018.0,1000.0,1280.0,1000.0,12172.5,12197.75,8.0,sl
2022-09-02 09:30:00-04:00,2022-09-02 09:34:45-04:00,short,2,2992.0,1000.0,3020.0,420.0,12404.5,12329.5,8.0,tp
2022-09-07 09:30:00-04:00,2022-09-07 09:31:17-04:00,short,2,-1018.0,1000.0,80.0,1000.0,12038.0,12063.25,8.0,sl
2022-09-08 09:30:00-04:00,2022-09-08 09:42:04-04:00,short,2,-1018.0,1000.0,2230.0,1000.0,12171.5,12196.75,8.0,sl
2022-09-09 09:30:00-04:00,2022-09-09 09:31:15-04:00,short,2,-1018.0,1000.0,80.0,1000.0,12418.0,12443.25,8.0,sl
2022-09-12 09:30:00-04:00,2022-09-12 09:32:18-04:00,short,2,-1018.0,1000.0,350.0,1000.0,12728.5,12753.75,8.0,sl
2022-09-13 09:30:00-04:00,2022-09-13 09:31:22-04:00,short,2,-1018.0,1000.0,470.0,1000.0,12454.5,12479.75,8.0,sl
2022-09-14 09:30:00-04:00,2022-09-14 09:45:36-04:00,short,2,-1018.0,1000.0,2830.0,1000.0,12169.5,12194.75,8.0,sl
2022-09-15 09:30:00-04:00,2022-09-15 09:40:55-04:00,short,2,-1018.0,1000.0,860.0,1000.0,12131.75,12157.0,8.0,sl
2022-09-16 09:30:00-04:00,2022-09-16 09:58:25-04:00,short,2,2992.0,1000.0,3010.0,270.0,11864.5,11789.5,8.0,tp
2022-09-19 09:30:00-04:00,2022-09-19 09:31:32-04:00,short,2,-1018.0,1000.0,130.0,1000.0,11819.0,11844.25,8.0,sl
2022-09-20 09:30:00-04:00,2022-09-20 09:33:42-04:00,short,2,-1018.0,1000.0,260.0,1000.0,11917.0,11942.25,8.0,sl
2022-09-21 09:30:00-04:00,2022-09-21 09:48:53-04:00,short,2,-1018.0,1000.0,980.0,1000.0,11962.5,11987.75,8.0,sl
2022-09-22 09:30:00-04:00,2022-09-22 09:30:42-04:00,short,2,-1018.0,1000.0,350.0,1000.0,11641.0,11666.25,8.0,sl
2022-09-23 09:30:00-04:00,2022-09-23 09:44:01-04:00,short,2,2992.0,1000.0,3010.0,410.0,11460.75,11385.75,8.0,tp
2022-09-26 09:30:00-04:00,2022-09-26 09:30:57-04:00,short,2,-1018.0,1000.0,360.0,1000.0,11351.5,11376.75,8.0,sl
2022-09-27 09:30:00-04:00,2022-09-27 09:31:28-04:00,short,2,-1018.0,1000.0,380.0,1000.0,11470.5,11495.75,8.0,sl
2022-09-28 09:30:00-04:00,2022-09-28 10:00:43-04:00,short,2,-1018.0,1000.0,2490.0,1000.0,11328.25,11353.5,8.0,sl
2022-09-29 09:30:00-04:00,2022-09-29 09:41:04-04:00,short,2,2992.0,1000.0,3010.0,640.0,11386.25,11311.25,8.0,tp
2022-09-30 09:30:00-04:00,2022-09-30 09:31:12-04:00,short,2,-1018.0,1000.0,490.0,1000.0,11185.75,11211.0,8.0,sl
2022-10-03 09:30:00-04:00,2022-10-03 09:47:10-04:00,short,2,-1018.0,1000.0,2570.0,1000.0,11104.0,11129.25,8.0,sl
2022-10-04 09:30:00-04:00,2022-10-04 09:32:09-04:00,short,2,-1018.0,1000.0,70.0,1000.0,11516.0,11541.25,8.0,sl
2022-10-05 09:30:00-04:00,2022-10-05 09:32:10-04:00,short,2,-1018.0,1000.0,250.0,1000.0,11484.5,11509.75,8.0,sl
2022-10-06 09:30:00-04:00,2022-10-06 09:31:05-04:00,short,2,-1018.0,1000.0,40.0,1000.0,11590.5,11615.75,8.0,sl
2022-10-07 09:30:00-04:00,2022-10-07 09:44:39-04:00,short,2,2992.0,1000.0,3010.0,130.0,11346.75,11271.75,8.0,tp
2022-10-10 09:30:00-04:00,2022-10-10 09:36:16-04:00,short,2,2992.0,1000.0,3010.0,640.0,11110.0,11035.0,8.0,tp
2022-10-11 09:30:00-04:00,2022-10-11 09:32:16-04:00,short,2,-1018.0,1000.0,1030.0,1000.0,10918.5,10943.75,8.0,sl
2022-10-12 09:30:00-04:00,2022-10-12 09:36:45-04:00,short,2,-1018.0,1000.0,2620.0,1000.0,10871.0,10896.25,8.0,sl
2022-10-13 09:30:00-04:00,2022-10-13 09:35:01-04:00,short,2,-1018.0,1000.0,1430.0,1000.0,10520.5,10545.75,8.0,sl
2022-10-14 09:30:00-04:00,2022-10-14 09:31:22-04:00,short,2,-1018.0,1000.0,400.0,1000.0,11182.0,11207.25,8.0,sl
2022-10-17 09:30:00-04:00,2022-10-17 09:30:35-04:00,short,2,-1018.0,1000.0,50.0,1000.0,11000.25,11025.5,8.0,sl
2022-10-18 09:30:00-04:00,2022-10-18 09:32:26-04:00,short,2,-1018.0,1000.0,260.0,1000.0,11403.75,11429.0,8.0,sl
2022-10-19 09:30:00-04:00,2022-10-19 09:30:58-04:00,short,2,-1018.0,1000.0,420.0,1000.0,11129.25,11154.5,8.0,sl
2022-10-20 09:30:00-04:00,2022-10-20 09:30:25-04:00,short,2,-1018.0,1000.0,310.0,1000.0,11111.25,11136.5,8.0,sl
2022-10-21 09:30:00-04:00,2022-10-21 09:32:04-04:00,short,2,-1018.0,1000.0,1810.0,1000.0,11040.5,11065.75,8.0,sl
2022-10-24 09:30:00-04:00,2022-10-24 09:38:05-04:00,short,2,-1018.0,1000.0,2510.0,1000.0,11363.25,11388.5,8.0,sl
2022-10-25 09:30:00-04:00,2022-10-25 09:30:27-04:00,short,2,-1018.0,1000.0,10.0,1000.0,11516.0,11541.25,8.0,sl
2022-10-26 09:30:00-04:00,2022-10-26 09:38:06-04:00,short,2,-1018.0,1000.0,1670.0,1000.0,11474.75,11500.0,8.0,sl
2022-10-27 09:30:00-04:00,2022-10-27 09:30:14-04:00,short,2,-1018.0,1000.0,40.0,1000.0,11403.25,11428.5,8.0,sl
2022-10-28 09:30:00-04:00,2022-10-28 09:30:27-04:00,short,2,-1018.0,1000.0,160.0,1000.0,11210.25,11235.5,8.0,sl
2022-10-31 09:30:00-04:00,2022-10-31 09:31:04-04:00,short,2,-1028.0,1000.0,200.0,1010.0,11488.0,11513.5,8.0,sl
2022-11-01 09:30:00-04:00,2022-11-01 09:48:13-04:00,short,2,2992.0,1000.0,3010.0,830.0,11598.25,11523.25,8.0,tp
2022-11-02 09:30:00-04:00,2022-11-02 10:35:15-04:00,short,2,2992.0,1000.0,3010.0,390.0,11331.25,11256.25,8.0,tp
2022-11-03 09:30:00-04:00,2022-11-03 09:51:40-04:00,short,2,2992.0,1000.0,3010.0,960.0,10824.5,10749.5,8.0,tp
2022-11-04 09:30:00-04:00,2022-11-04 09:30:03-04:00,short,2,-1018.0,1000.0,0.0,1000.0,10933.0,10958.25,8.0,sl
2022-11-07 09:30:00-05:00,2022-11-07 09:31:08-05:00,short,2,-1018.0,1000.0,210.0,1000.0,10940.25,10965.5,8.0,sl
2022-11-08 09:30:00-05:00,2022-11-08 10:21:07-05:00,short,2,-1018.0,1000.0,2900.0,1000.0,11079.25,11104.5,8.0,sl
2022-11-09 09:30:00-05:00,2022-11-09 10:16:40-05:00,short,2,-1018.0,1000.0,2260.0,1000.0,11018.0,11043.25,8.0,sl
2022-11-10 09:30:00-05:00,2022-11-10 09:30:22-05:00,short,2,-1018.0,1000.0,50.0,1000.0,11360.25,11385.5,8.0,sl
2022-11-11 09:30:00-05:00,2022-11-11 09:45:16-05:00,short,2,-1018.0,1000.0,2220.0,1000.0,11624.75,11650.0,8.0,sl
2022-11-14 09:30:00-05:00,2022-11-14 10:07:08-05:00,short,2,-1018.0,1000.0,2380.0,1000.0,11761.5,11786.75,8.0,sl
2022-11-15 09:30:00-05:00,2022-11-15 09:30:04-05:00,short,2,-1018.0,1000.0,60.0,1000.0,12024.5,12049.75,8.0,sl
2022-11-16 09:30:00-05:00,2022-11-16 10:15:19-05:00,short,2,2992.0,1000.0,3010.0,580.0,11821.75,11746.75,8.0,tp
2022-11-17 09:30:00-05:00,2022-11-17 09:31:28-05:00,short,2,-1018.0,1000.0,310.0,1000.0,11551.5,11576.75,8.0,sl
2022-11-18 09:30:00-05:00,2022-11-18 09:32:43-05:00,short,2,2992.0,1000.0,3010.0,170.0,11838.25,11763.25,8.0,tp
2022-11-21 09:30:00-05:00,2022-11-21 09:30:51-05:00,short,2,-1018.0,1000.0,20.0,1000.0,11649.0,11674.25,8.0,sl
2022-11-22 09:30:00-05:00,2022-11-22 09:41:18-05:00,short,2,2992.0,1000.0,3010.0,300.0,11620.75,11545.75,8.0,tp
2022-11-23 09:30:00-05:00,2022-11-23 09:34:11-05:00,short,2,-1018.0,1000.0,150.0,1000.0,11749.0,11774.25,8.0,sl
2022-11-25 09:30:00-05:00,2022-11-25 10:17:58-05:00,short,2,-1018.0,1000.0,1400.0,1000.0,11801.25,11826.5,8.0,sl
2022-11-28 09:30:00-05:00,2022-11-28 09:31:46-05:00,short,2,-1018.0,1000.0,400.0,1000.0,11704.0,11729.25,8.0,sl
2022-11-29 09:30:00-05:00,2022-11-29 11:04:05-05:00,short,2,2992.0,1000.0,3010.0,620.0,11623.0,11548.0,8.0,tp
2022-11-30 09:30:00-05:00,2022-11-30 09:34:04-05:00,short,2,-1018.0,1000.0,650.0,1000.0,11535.0,11560.25,8.0,sl
2022-12-01 09:30:00-05:00,2022-12-01 09:35:10-05:00,short,2,-1018.0,1000.0,1120.0,1000.0,12059.5,12084.75,8.0,sl
2022-12-02 09:30:00-05:00,2022-12-02 09:30:30-05:00,short,2,-1018.0,1000.0,80.0,1000.0,11846.25,11871.5,8.0,sl
2022-12-05 09:30:00-05:00,2022-12-05 09:32:38-05:00,short,2,-1018.0,1000.0,360.0,1000.0,11920.75,11946.0,8.0,sl
2022-12-06 09:30:00-05:00,2022-12-06 09:44:57-05:00,short,2,2992.0,1000.0,3010.0,280.0,11798.75,11723.75,8.0,tp
2022-12-07 09:30:00-05:00,2022-12-07 09:30:38-05:00,short,2,-1018.0,1000.0,570.0,1000.0,11509.5,11534.75,8.0,sl
2022-12-08 09:30:00-05:00,2022-12-08 09:44:57-05:00,short,2,2992.0,1000.0,3010.0,330.0,11564.25,11489.25,8.0,tp
2022-12-09 09:30:00-05:00,2022-12-09 09:44:27-05:00,short,2,-1018.0,1000.0,2090.0,1000.0,11602.25,11627.5,8.0,sl
2022-12-12 09:30:00-05:00,2022-12-12 09:50:34-05:00,short,2,-1018.0,1000.0,1350.0,1000.0,11692.5,11717.75,8.0,sl
2022-12-13 09:30:00-05:00,2022-12-13 09:35:00-05:00,short,2,2992.0,1000.0,3010.0,220.0,12290.75,12215.75,8.0,tp
2022-12-14 09:30:00-05:00,2022-12-14 09:30:35-05:00,short,2,-1018.0,1000.0,0.0,1000.0,11930.5,11955.75,8.0,sl
2022-12-15 09:30:00-05:00,2022-12-15 09:31:17-05:00,short,2,-1028.0,1000.0,270.0,1010.0,11685.25,11710.75,8.0,sl
2022-12-16 09:30:00-05:00,2022-12-16 09:32:13-05:00,short,2,-1018.0,1000.0,810.0,1000.0,11427.0,11452.25,8.0,sl
2022-12-19 09:30:00-05:00,2022-12-19 09:47:52-05:00,short,2,2992.0,1000.0,3010.0,210.0,11353.75,11278.75,8.0,tp
2022-12-20 09:30:00-05:00,2022-12-20 09:57:17-05:00,short,2,-1018.0,1000.0,2630.0,1000.0,11132.5,11157.75,8.0,sl
2022-12-21 09:30:00-05:00,2022-12-21 09:46:16-05:00,short,2,-1018.0,1000.0,1440.0,1000.0,11217.0,11242.25,8.0,sl
2022-12-22 09:30:00-05:00,2022-12-22 09:36:20-05:00,short,2,2992.0,1000.0,3010.0,270.0,11201.5,11126.5,8.0,tp
2022-12-23 09:30:00-05:00,2022-12-23 09:31:35-05:00,short,2,-1018.0,1000.0,390.0,1000.0,10998.0,11023.25,8.0,sl
2022-12-27 09:30:00-05:00,2022-12-27 09:36:32-05:00,short,2,2992.0,1000.0,3010.0,160.0,11052.0,10977.0,8.0,tp
2022-12-28 09:30:00-05:00,2022-12-28 09:32:13-05:00,short,2,-1018.0,1000.0,1560.0,1000.0,10900.75,10926.0,8.0,sl
2022-12-29 09:30:00-05:00,2022-12-29 09:34:34-05:00,short,2,-1018.0,1000.0,1170.0,1000.0,10885.75,10911.0,8.0,sl
2022-12-30 09:30:00-05:00,2022-12-30 09:33:57-05:00,short,2,-1018.0,1000.0,1010.0,1000.0,10910.5,10935.75,8.0,sl
2023-01-03 09:30:00-05:00,2023-01-03 09:34:05-05:00,short,2,-1018.0,1000.0,1760.0,1000.0,11116.5,11141.75,8.0,sl
2023-01-04 09:30:00-05:00,2023-01-04 09:46:18-05:00,short,2,2992.0,1000.0,3010.0,470.0,11034.75,10959.75,8.0,tp
2023-01-05 09:30:00-05:00,2023-01-05 09:40:06-05:00,short,2,2992.0,1000.0,3010.0,150.0,10921.0,10846.0,8.0,tp
2023-01-06 09:30:00-05:00,2023-01-06 09:33:33-05:00,short,2,-1018.0,1000.0,1490.0,1000.0,10890.5,10915.75,8.0,sl
2023-01-09 09:30:00-05:00,2023-01-09 09:31:49-05:00,short,2,-1018.0,1000.0,30.0,1000.0,11200.25,11225.5,8.0,sl
2023-01-10 09:30:00-05:00,2023-01-10 09:30:43-05:00,short,2,-1018.0,1000.0,80.0,1000.0,11140.0,11165.25,8.0,sl
2023-01-11 09:30:00-05:00,2023-01-11 09:37:21-05:00,short,2,-1018.0,1000.0,1380.0,1000.0,11325.5,11350.75,8.0,sl
2023-01-12 09:30:00-05:00,2023-01-12 09:31:00-05:00,short,2,-1018.0,1000.0,70.0,1000.0,11492.75,11518.0,8.0,sl
2023-01-13 09:30:00-05:00,2023-01-13 09:31:11-05:00,short,2,-1018.0,1000.0,120.0,1000.0,11423.0,11448.25,8.0,sl
2023-01-17 09:30:00-05:00,2023-01-17 09:54:11-05:00,short,2,-1018.0,1000.0,1970.0,1000.0,11598.75,11624.0,8.0,sl
2023-01-18 09:30:00-05:00,2023-01-18 09:31:26-05:00,short,2,-1018.0,1000.0,280.0,1000.0,11698.5,11723.75,8.0,sl
2023-01-19 09:30:00-05:00,2023-01-19 09:32:27-05:00,short,2,-1018.0,1000.0,370.0,1000.0,11406.0,11431.25,8.0,sl
2023-01-20 09:30:00-05:00,2023-01-20 09:51:48-05:00,short,2,-1018.0,1000.0,1780.0,1000.0,11428.0,11453.25,8.0,sl
2023-01-23 09:30:00-05:00,2023-01-23 09:39:35-05:00,short,2,-1018.0,1000.0,1300.0,1000.0,11704.25,11729.5,8.0,sl
2023-01-24 09:30:00-05:00,2023-01-24 09:40:04-05:00,short,2,-1018.0,1000.0,860.0,1000.0,11861.75,11887.0,8.0,sl
2023-01-25 09:30:00-05:00,2023-01-25 09:57:06-05:00,short,2,2992.0,1000.0,3010.0,590.0,11709.25,11634.25,8.0,tp
2023-01-26 09:30:00-05:00,2023-01-26 09:31:05-05:00,short,2,-1018.0,1000.0,120.0,1000.0,12019.5,12044.75,8.0,sl
2023-01-27 09:30:00-05:00,2023-01-27 09:31:10-05:00,short,2,-1018.0,1000.0,220.0,1000.0,12047.25,12072.5,8.0,sl
2023-01-30 09:30:00-05:00,2023-01-30 09:30:37-05:00,short,2,-1018.0,1000.0,160.0,1000.0,12081.5,12106.75,8.0,sl
2023-01-31 09:30:00-05:00,2023-01-31 09:31:00-05:00,short,2,-1018.0,1000.0,270.0,1000.0,11975.75,12001.0,8.0,sl
2023-02-01 09:30:00-05:00,2023-02-01 14:07:45-05:00,short,2,-1018.0,1000.0,2810.0,1000.0,12142.75,12168.0,8.0,sl
2023-02-02 09:30:00-05:00,2023-02-02 09:30:23-05:00,short,2,-1018.0,1000.0,0.0,1000.0,12682.0,12707.25,8.0,sl
2023-02-03 09:30:00-05:00,2023-02-03 09:31:19-05:00,short,2,-1018.0,1000.0,550.0,1000.0,12572.25,12597.5,8.0,sl
2023-02-06 09:30:00-05:00,2023-02-06 09:31:27-05:00,short,2,-1018.0,1000.0,290.0,1000.0,12509.75,12535.0,8.0,sl
2023-02-07 09:30:00-05:00,2023-02-07 09:40:05-05:00,short,2,-1018.0,1000.0,620.0,1000.0,12504.25,12529.5,8.0,sl
2023-02-08 09:30:00-05:00,2023-02-08 09:40:07-05:00,short,2,-1018.0,1000.0,1170.0,1000.0,12713.0,12738.25,8.0,sl
2023-02-09 09:30:00-05:00,2023-02-09 09:41:35-05:00,short,2,2992.0,1000.0,3010.0,200.0,12723.5,12648.5,8.0,tp
2023-02-10 09:30:00-05:00,2023-02-10 09:30:35-05:00,short,2,-1018.0,1000.0,260.0,1000.0,12336.75,12362.0,8.0,sl
2023-02-13 09:30:00-05:00,2023-02-13 09:43:45-05:00,short,2,-1018.0,1000.0,1970.0,1000.0,12401.25,12426.5,8.0,sl
2023-02-14 09:30:00-05:00,2023-02-14 09:31:33-05:00,short,2,2992.0,1000.0,3010.0,150.0,12475.25,12400.25,8.0,tp
2023-02-15 09:30:00-05:00,2023-02-15 09:31:31-05:00,short,2,-1018.0,1000.0,50.0,1000.0,12553.5,12578.75,8.0,sl
2023-02-16 09:30:00-05:00,2023-02-16 09:32:01-05:00,short,2,-1018.0,1000.0,40.0,1000.0,12523.5,12548.75,8.0,sl
2023-02-17 09:30:00-05:00,2023-02-17 09:34:37-05:00,short,2,-1018.0,1000.0,630.0,1000.0,12388.75,12414.0,8.0,sl
2023-02-21 09:30:00-05:00,2023-02-21 09:35:09-05:00,short,2,-1018.0,1000.0,290.0,1000.0,12227.75,12253.0,8.0,sl
2023-02-22 09:30:00-05:00,2023-02-22 09:32:02-05:00,short,2,-1018.0,1000.0,240.0,1000.0,12121.5,12146.75,8.0,sl
2023-02-23 09:30:00-05:00,2023-02-23 10:07:52-05:00,short,2,2992.0,1000.0,3010.0,300.0,12252.25,12177.25,8.0,tp
2023-02-24 09:30:00-05:00,2023-02-24 09:32:50-05:00,short,2,-1018.0,1000.0,420.0,1000.0,11991.5,12016.75,8.0,sl
2023-02-27 09:30:00-05:00,2023-02-27 10:03:59-05:00,short,2,-1018.0,1000.0,1010.0,1000.0,12131.5,12156.75,8.0,sl
2023-02-28 09:30:00-05:00,2023-02-28 09:40:10-05:00,short,2,-1018.0,1000.0,530.0,1000.0,12054.75,12080.0,8.0,sl
2023-03-01 09:30:00-05:00,2023-03-01 09:49:56-05:00,short,2,-1018.0,1000.0,1870.0,1000.0,12050.75,12076.0,8.0,sl
2023-03-02 09:30:00-05:00,2023-03-02 09:34:56-05:00,short,2,-1018.0,1000.0,380.0,1000.0,11855.75,11881.0,8.0,sl
2023-03-03 09:30:00-05:00,2023-03-03 09:45:08-05:00,short,2,-1018.0,1000.0,910.0,1000.0,12134.25,12159.5,8.0,sl
2023-03-06 09:30:00-05:00,2023-03-06 09:33:31-05:00,short,2,-1018.0,1000.0,220.0,1000.0,12363.25,12388.5,8.0,sl
2023-03-07 09:30:00-05:00,2023-03-07 09:35:45-05:00,short,2,-1018.0,1000.0,370.0,1000.0,12322.25,12347.5,8.0,sl
2023-03-08 09:30:00-05:00,2023-03-08 09:32:06-05:00,short,2,-1018.0,1000.0,70.0,1000.0,12185.75,12211.0,8.0,sl
2023-03-09 09:30:00-05:00,2023-03-09 09:33:52-05:00,short,2,-1018.0,1000.0,550.0,1000.0,12243.75,12269.0,8.0,sl
2023-03-10 09:30:00-05:00,2023-03-10 09:36:01-05:00,short,2,2992.0,1000.0,3010.0,370.0,12018.25,11943.25,8.0,tp
2023-03-13 09:30:00-04:00,2023-03-13 09:30:57-04:00,short,2,-1018.0,1000.0,370.0,1000.0,11885.25,11910.5,8.0,sl
2023-03-14 09:30:00-04:00,2023-03-14 09:32:09-04:00,short,2,-1018.0,1000.0,320.0,1000.0,12208.75,12234.0,8.0,sl
2023-03-15 09:30:00-04:00,2023-03-15 09:30:32-04:00,short,2,-1018.0,1000.0,460.0,1000.0,12209.5,12234.75,8.0,sl
2023-03-16 09:30:00-04:00,2023-03-16 09:41:04-04:00,short,2,-1018.0,1000.0,1410.0,1000.0,12349.25,12374.5,8.0,sl
2023-03-17 09:30:00-04:00,2023-03-17 09:33:24-04:00,short,2,-1018.0,1000.0,580.0,1000.0,12710.5,12735.75,8.0,sl
2023-03-20 09:30:00-04:00,2023-03-20 09:48:16-04:00,short,2,2992.0,1000.0,3010.0,320.0,12625.0,12550.0,8.0,tp
2023-03-21 09:30:00-04:00,2023-03-21 09:31:30-04:00,short,2,-1018.0,1000.0,20.0,1000.0,12774.75,12800.0,8.0,sl
2023-03-22 09:30:00-04:00,2023-03-22 10:21:00-04:00,short,2,-1018.0,1000.0,830.0,1000.0,12872.0,12897.25,8.0,sl
2023-03-23 09:30:00-04:00,2023-03-23 09:31:09-04:00,short,2,-1018.0,1000.0,110.0,1000.0,12856.25,12881.5,8.0,sl
2023-03-24 09:30:00-04:00,2023-03-24 09:42:15-04:00,short,2,2992.0,1000.0,3010.0,720.0,12826.75,12751.75,8.0,tp
2023-03-27 09:30:00-04:00,2023-03-27 09:46:15-04:00,short,2,-1018.0,1000.0,1590.0,1000.0,12920.5,12945.75,8.0,sl
2023-03-28 09:30:00-04:00,2023-03-28 09:38:10-04:00,short,2,2992.0,1000.0,3010.0,60.0,12775.75,12700.75,8.0,tp
2023-03-29 09:30:00-04:00,2023-03-29 09:33:22-04:00,short,2,-1018.0,1000.0,240.0,1000.0,12887.0,12912.25,8.0,sl
2023-03-30 09:30:00-04:00,2023-03-30 10:00:23-04:00,short,2,-1018.0,1000.0,1140.0,1000.0,13065.5,13090.75,8.0,sl
2023-03-31 09:30:00-04:00,2023-03-31 09:34:09-04:00,short,2,-1018.0,1000.0,510.0,1000.0,13093.0,13118.25,8.0,sl
2023-04-03 09:30:00-04:00,2023-04-03 09:34:01-04:00,short,2,-1018.0,1000.0,420.0,1000.0,13208.75,13234.0,8.0,sl
2023-04-04 09:30:00-04:00,2023-04-04 10:00:52-04:00,short,2,-1018.0,1000.0,2190.0,1000.0,13284.75,13310.0,8.0,sl
2023-04-05 09:30:00-04:00,2023-04-05 10:28:17-04:00,short,2,2992.0,1000.0,3010.0,350.0,13173.25,13098.25,8.0,tp
2023-04-06 09:30:00-04:00,2023-04-06 10:11:06-04:00,short,2,-1018.0,1000.0,2350.0,1000.0,13012.0,13037.25,8.0,sl
2023-04-10 09:30:00-04:00,2023-04-10 09:52:31-04:00,short,2,2992.0,1000.0,3010.0,270.0,13043.5,12968.5,8.0,tp
2023-04-11 09:30:00-04:00,2023-04-11 10:13:02-04:00,short,2,2992.0,1000.0,3010.0,50.0,13159.25,13084.25,8.0,tp
2023-04-12 09:30:00-04:00,2023-04-12 09:44:15-04:00,short,2,2992.0,1000.0,3010.0,810.0,13160.25,13085.25,8.0,tp
2023-04-13 09:30:00-04:00,2023-04-13 09:34:32-04:00,short,2,-1018.0,1000.0,350.0,1000.0,13028.5,13053.75,8.0,sl
2023-04-14 09:30:00-04:00,2023-04-14 09:36:12-04:00,short,2,-1018.0,1000.0,240.0,1000.0,13139.5,13164.75,8.0,sl
2023-04-17 09:30:00-04:00,2023-04-17 09:35:19-04:00,short,2,-1018.0,1000.0,640.0,1000.0,13161.75,13187.0,8.0,sl
2023-04-18 09:30:00-04:00,2023-04-18 10:04:26-04:00,short,2,2992.0,1000.0,3010.0,670.0,13281.0,13206.0,8.0,tp
2023-04-19 09:30:00-04:00,2023-04-19 09:33:29-04:00,short,2,-1018.0,1000.0,170.0,1000.0,13084.75,13110.0,8.0,sl
2023-04-20 09:30:00-04:00,2023-04-20 09:32:24-04:00,short,2,-1018.0,1000.0,230.0,1000.0,13052.0,13077.25,8.0,sl
2023-04-21 09:30:00-04:00,2023-04-21 10:27:14-04:00,short,2,-1018.0,1000.0,2940.0,1000.0,13056.0,13081.25,8.0,sl
2023-04-24 09:30:00-04:00,2023-04-24 09:35:16-04:00,short,2,-1018.0,1000.0,860.0,1000.0,13075.5,13100.75,8.0,sl
2023-04-25 09:30:00-04:00,2023-04-25 09:43:06-04:00,short,2,-1018.0,1000.0,350.0,1000.0,12987.5,13012.75,8.0,sl
2023-04-26 09:30:00-04:00,2023-04-26 11:12:14-04:00,short,2,-1018.0,1000.0,2090.0,1000.0,12948.75,12974.0,8.0,sl
2023-04-27 09:30:00-04:00,2023-04-27 10:14:16-04:00,short,2,-1018.0,1000.0,1100.0,1000.0,13041.0,13066.25,8.0,sl
2023-04-28 09:30:00-04:00,2023-04-28 09:31:06-04:00,short,2,-1018.0,1000.0,260.0,1000.0,13218.0,13243.25,8.0,sl
2023-05-01 09:30:00-04:00,2023-05-01 09:52:43-04:00,short,2,-1018.0,1000.0,600.0,1000.0,13300.75,13326.0,8.0,sl
2023-05-02 09:30:00-04:00,2023-05-02 10:21:33-04:00,short,2,2992.0,1000.0,3010.0,500.0,13300.75,13225.75,8.0,tp
2023-05-03 09:30:00-04:00,2023-05-03 09:45:43-04:00,short,2,-1018.0,1000.0,450.0,1000.0,13199.0,13224.25,8.0,sl
2023-05-04 09:30:00-04:00,2023-05-04 10:26:43-04:00,short,2,2992.0,1000.0,3010.0,140.0,13082.5,13007.5,8.0,tp
2023-05-05 09:30:00-04:00,2023-05-05 09:40:01-04:00,short,2,-1018.0,1000.0,570.0,1000.0,13138.5,13163.75,8.0,sl
2023-05-08 09:30:00-04:00,2023-05-08 12:54:45-04:00,short,2,-1018.0,1000.0,1910.0,1000.0,13302.25,13327.5,8.0,sl
2023-05-09 09:30:00-04:00,2023-05-09 09:58:05-04:00,short,2,-1018.0,1000.0,240.0,1000.0,13280.5,13305.75,8.0,sl
2023-05-10 09:30:00-04:00,2023-05-10 09:31:37-04:00,short,2,-1018.0,1000.0,80.0,1000.0,13367.0,13392.25,8.0,sl
2023-05-11 09:30:00-04:00,2023-05-11 12:24:15-04:00,short,2,-1018.0,1000.0,2580.0,1000.0,13426.0,13451.25,8.0,sl
2023-05-12 09:30:00-04:00,2023-05-12 10:32:21-04:00,short,2,2992.0,1000.0,3010.0,770.0,13468.0,13393.0,8.0,tp
2023-05-15 09:30:00-04:00,2023-05-15 11:51:13-04:00,short,2,-1018.0,1000.0,2660.0,1000.0,13418.0,13443.25,8.0,sl
2023-05-16 09:30:00-04:00,2023-05-16 09:31:39-04:00,short,2,-1018.0,1000.0,20.0,1000.0,13435.0,13460.25,8.0,sl
2023-05-17 09:30:00-04:00,2023-05-17 11:17:44-04:00,short,2,-1018.0,1000.0,1970.0,1000.0,13524.75,13550.0,8.0,sl
2023-05-18 09:30:00-04:00,2023-05-18 09:34:08-04:00,short,2,-1018.0,1000.0,10.0,1000.0,13653.0,13678.25,8.0,sl
2023-05-19 09:30:00-04:00,2023-05-19 09:42:32-04:00,short,2,-1018.0,1000.0,460.0,1000.0,13900.25,13925.5,8.0,sl
2023-05-22 09:30:00-04:00,2023-05-22 09:33:56-04:00,short,2,-1018.0,1000.0,120.0,1000.0,13850.0,13875.25,8.0,sl
2023-05-23 09:30:00-04:00,2023-05-23 09:32:35-04:00,short,2,-1018.0,1000.0,340.0,1000.0,13830.75,13856.0,8.0,sl
2023-05-24 09:30:00-04:00,2023-05-24 09:36:27-04:00,short,2,-1018.0,1000.0,880.0,1000.0,13642.75,13668.0,8.0,sl
2023-05-25 09:30:00-04:00,2023-05-25 09:36:24-04:00,short,2,2992.0,1000.0,3010.0,410.0,13955.5,13880.5,8.0,tp
2023-05-26 09:30:00-04:00,2023-05-26 09:33:56-04:00,short,2,-1018.0,1000.0,130.0,1000.0,14018.0,14043.25,8.0,sl
2023-05-30 09:30:00-04:00,2023-05-30 09:39:46-04:00,short,2,-1018.0,1000.0,1360.0,1000.0,14510.0,14535.25,8.0,sl
2023-05-31 09:30:00-04:00,2023-05-31 09:31:59-04:00,short,2,-1018.0,1000.0,210.0,1000.0,14329.25,14354.5,8.0,sl
2023-06-01 09:30:00-04:00,2023-06-01 09:58:10-04:00,short,2,-1018.0,1000.0,1790.0,1000.0,14296.75,14322.0,8.0,sl
2023-06-02 09:30:00-04:00,2023-06-02 09:30:41-04:00,short,2,-1018.0,1000.0,70.0,1000.0,14544.75,14570.0,8.0,sl
2023-06-05 09:30:00-04:00,2023-06-05 09:32:08-04:00,short,2,-1018.0,1000.0,80.0,1000.0,14569.75,14595.0,8.0,sl
2023-06-06 09:30:00-04:00,2023-06-06 10:45:08-04:00,short,2,-1018.0,1000.0,2210.0,1000.0,14559.75,14585.0,8.0,sl
2023-06-07 09:30:00-04:00,2023-06-07 09:30:45-04:00,short,2,-1018.0,1000.0,10.0,1000.0,14593.25,14618.5,8.0,sl
2023-06-08 09:30:00-04:00,2023-06-08 09:31:25-04:00,short,2,-1018.0,1000.0,190.0,1000.0,14337.75,14363.0,8.0,sl
2023-06-09 09:30:00-04:00,2023-06-09 09:30:15-04:00,short,2,-1018.0,1000.0,30.0,1000.0,14561.25,14586.5,8.0,sl
2023-06-12 09:30:00-04:00,2023-06-12 10:48:48-04:00,short,2,-1018.0,1000.0,1620.0,1000.0,14804.5,14829.75,8.0,sl
2023-06-13 09:30:00-04:00,2023-06-13 09:43:07-04:00,short,2,-1018.0,1000.0,1420.0,1000.0,15099.0,15124.25,8.0,sl
2023-06-14 09:30:00-04:00,2023-06-14 09:50:35-04:00,short,2,-1018.0,1000.0,1730.0,1000.0,15095.75,15121.0,8.0,sl
2023-06-15 09:30:00-04:00,2023-06-15 09:41:26-04:00,short,2,-1018.0,1000.0,1050.0,1000.0,15140.75,15166.0,8.0,sl
2023-06-16 09:30:00-04:00,2023-06-16 09:35:05-04:00,short,2,2992.0,1000.0,3010.0,170.0,15471.25,15396.25,8.0,tp
2023-06-20 09:30:00-04:00,2023-06-20 09:31:14-04:00,short,2,-1018.0,1000.0,240.0,1000.0,15210.5,15235.75,8.0,sl
2023-06-21 09:30:00-04:00,2023-06-21 09:56:44-04:00,short,2,2992.0,1000.0,3010.0,690.0,15202.0,15127.0,8.0,tp
2023-06-22 09:30:00-04:00,2023-06-22 09:32:41-04:00,short,2,-1018.0,1000.0,680.0,1000.0,14981.0,15006.25,8.0,sl
2023-06-23 09:30:00-04:00,2023-06-23 09:32:07-04:00,short,2,-1018.0,1000.0,310.0,1000.0,15042.0,15067.25,8.0,sl
2023-06-26 09:30:00-04:00,2023-06-26 09:34:47-04:00,short,2,-1018.0,1000.0,390.0,1000.0,15034.25,15059.5,8.0,sl
2023-06-27 09:30:00-04:00,2023-06-27 09:35:09-04:00,short,2,-1018.0,1000.0,790.0,1000.0,14917.75,14943.0,8.0,sl
2023-06-28 09:30:00-04:00,2023-06-28 09:32:26-04:00,short,2,-1018.0,1000.0,130.0,1000.0,15028.75,15054.0,8.0,sl
2023-06-29 09:30:00-04:00,2023-06-29 09:35:00-04:00,short,2,-1018.0,1000.0,1630.0,1000.0,15118.75,15144.0,8.0,sl
2023-06-30 09:30:00-04:00,2023-06-30 09:36:19-04:00,short,2,-1018.0,1000.0,510.0,1000.0,15251.25,15276.5,8.0,sl
2023-07-03 09:30:00-04:00,2023-07-03 09:48:05-04:00,short,2,-1018.0,1000.0,610.0,1000.0,15352.5,15377.75,8.0,sl
2023-07-05 09:30:00-04:00,2023-07-05 09:30:24-04:00,short,2,-1018.0,1000.0,60.0,1000.0,15294.0,15319.25,8.0,sl
2023-07-06 09:30:00-04:00,2023-07-06 10:05:01-04:00,short,2,2992.0,1000.0,3010.0,690.0,15197.0,15122.0,8.0,tp
2023-07-07 09:30:00-04:00,2023-07-07 09:46:20-04:00,short,2,-1018.0,1000.0,1260.0,1000.0,15220.25,15245.5,8.0,sl
2023-07-10 09:30:00-04:00,2023-07-10 09:30:40-04:00,short,2,-1018.0,1000.0,80.0,1000.0,15169.25,15194.5,8.0,sl
2023-07-11 09:30:00-04:00,2023-07-11 09:35:38-04:00,short,2,-1018.0,1000.0,750.0,1000.0,15202.5,15227.75,8.0,sl
2023-07-12 09:30:00-04:00,2023-07-12 09:48:58-04:00,short,2,-1018.0,1000.0,910.0,1000.0,15431.25,15456.5,8.0,sl
2023-07-13 09:30:00-04:00,2023-07-13 09:35:20-04:00,short,2,-1018.0,1000.0,990.0,1000.0,15577.0,15602.25,8.0,sl
2023-07-14 09:30:00-04:00,2023-07-14 09:30:17-04:00,short,2,-1018.0,1000.0,10.0,1000.0,15723.25,15748.5,8.0,sl
2023-07-17 09:30:00-04:00,2023-07-17 09:30:34-04:00,short,2,-1018.0,1000.0,100.0,1000.0,15728.75,15754.0,8.0,sl
2023-07-18 09:30:00-04:00,2023-07-18 09:51:33-04:00,short,2,2992.0,1000.0,3010.0,60.0,15814.5,15739.5,8.0,tp
2023-07-19 09:30:00-04:00,2023-07-19 10:43:09-04:00,short,2,-1018.0,1000.0,1690.0,1000.0,16013.25,16038.5,8.0,sl
2023-07-20 09:30:00-04:00,2023-07-20 09:31:51-04:00,short,2,-1018.0,1000.0,60.0,1000.0,15833.25,15858.5,8.0,sl
2023-07-21 09:30:00-04:00,2023-07-21 09:34:21-04:00,short,2,-1018.0,1000.0,1160.0,1000.0,15685.75,15711.0,8.0,sl
2023-07-24 09:30:00-04:00,2023-07-24 09:30:47-04:00,short,2,-1018.0,1000.0,120.0,1000.0,15577.0,15602.25,8.0,sl
2023-07-25 09:30:00-04:00,2023-07-25 09:31:48-04:00,short,2,-1018.0,1000.0,10.0,1000.0,15589.25,15614.5,8.0,sl
2023-07-26 09:30:00-04:00,2023-07-26 10:57:52-04:00,short,2,2992.0,1000.0,3010.0,820.0,15618.75,15543.75,8.0,tp
2023-07-27 09:30:00-04:00,2023-07-27 09:34:16-04:00,short,2,-1018.0,1000.0,500.0,1000.0,15835.5,15860.75,8.0,sl
2023-07-28 09:30:00-04:00,2023-07-28 09:39:27-04:00,short,2,-1018.0,1000.0,790.0,1000.0,15735.5,15760.75,8.0,sl
2023-07-31 09:30:00-04:00,2023-07-31 09:32:25-04:00,short,2,-1018.0,1000.0,0.0,1000.0,15860.75,15886.0,8.0,sl
2023-08-01 09:30:00-04:00,2023-08-01 10:42:00-04:00,short,2,-1018.0,1000.0,2750.0,1000.0,15797.0,15822.25,8.0,sl
2023-08-02 09:30:00-04:00,2023-08-02 09:37:23-04:00,short,2,2992.0,1000.0,3010.0,70.0,15665.5,15590.5,8.0,tp
2023-08-03 09:30:00-04:00,2023-08-03 09:31:00-04:00,short,2,-1018.0,1000.0,130.0,1000.0,15360.75,15386.0,8.0,sl
2023-08-04 09:30:00-04:00,2023-08-04 09:33:02-04:00,short,2,-1018.0,1000.0,630.0,1000.0,15512.25,15537.5,8.0,sl
2023-08-07 09:30:00-04:00,2023-08-07 09:30:36-04:00,short,2,-1018.0,1000.0,40.0,1000.0,15432.75,15458.0,8.0,sl
2023-08-08 09:30:00-04:00,2023-08-08 09:48:58-04:00,short,2,2992.0,1000.0,3010.0,30.0,15377.5,15302.5,8.0,tp
2023-08-09 09:30:00-04:00,2023-08-09 09:44:08-04:00,short,2,2992.0,1000.0,3010.0,330.0,15360.25,15285.25,8.0,tp
2023-08-10 09:30:00-04:00,2023-08-10 09:32:21-04:00,short,2,-1018.0,1000.0,1220.0,1000.0,15303.75,15329.0,8.0,sl
2023-08-11 09:30:00-04:00,2023-08-11 09:36:54-04:00,short,2,-1018.0,1000.0,1260.0,1000.0,15088.75,15114.0,8.0,sl
2023-08-14 09:30:00-04:00,2023-08-14 09:40:32-04:00,short,2,-1018.0,1000.0,1280.0,1000.0,15067.0,15092.25,8.0,sl
2023-08-15 09:30:00-04:00,2023-08-15 09:38:41-04:00,short,2,-1018.0,1000.0,520.0,1000.0,15225.0,15250.25,8.0,sl
2023-08-16 09:30:00-04:00,2023-08-16 09:39:19-04:00,short,2,-1018.0,1000.0,1110.0,1000.0,15078.75,15104.0,8.0,sl
2023-08-17 09:30:00-04:00,2023-08-17 09:54:20-04:00,short,2,2992.0,1000.0,3010.0,550.0,14993.75,14918.75,8.0,tp
2023-08-18 09:30:00-04:00,2023-08-18 09:30:15-04:00,short,2,-1018.0,1000.0,110.0,1000.0,14626.25,14651.5,8.0,sl
2023-08-21 09:30:00-04:00,2023-08-21 09:34:21-04:00,short,2,-1018.0,1000.0,170.0,1000.0,14809.75,14835.0,8.0,sl
2023-08-22 09:30:00-04:00,2023-08-22 09:54:16-04:00,short,2,2992.0,1000.0,3010.0,120.0,15089.0,15014.0,8.0,tp
2023-08-23 09:30:00-04:00,2023-08-23 09:31:08-04:00,short,2,-1018.0,1000.0,160.0,1000.0,15003.5,15028.75,8.0,sl
2023-08-24 09:30:00-04:00,2023-08-24 09:34:46-04:00,short,2,2992.0,1000.0,3010.0,170.0,15335.5,15260.5,8.0,tp
2023-08-25 09:30:00-04:00,2023-08-25 09:30:41-04:00,short,2,-1018.0,1000.0,130.0,1000.0,14895.5,14920.75,8.0,sl
2023-08-28 09:30:00-04:00,2023-08-28 09:35:10-04:00,short,2,-1018.0,1000.0,1490.0,1000.0,15097.5,15122.75,8.0,sl
2023-08-29 09:30:00-04:00,2023-08-29 09:34:20-04:00,short,2,-1018.0,1000.0,510.0,1000.0,15075.5,15100.75,8.0,sl
2023-08-30 09:30:00-04:00,2023-08-30 09:32:26-04:00,short,2,-1018.0,1000.0,220.0,1000.0,15417.5,15442.75,8.0,sl
2023-08-31 09:30:00-04:00,2023-08-31 09:30:56-04:00,short,2,-1018.0,1000.0,20.0,1000.0,15489.25,15514.5,8.0,sl
2023-09-01 09:30:00-04:00,2023-09-01 09:38:07-04:00,short,2,2992.0,1000.0,3010.0,770.0,15633.5,15558.5,8.0,tp
2023-09-05 09:30:00-04:00,2023-09-05 09:41:00-04:00,short,2,-1018.0,1000.0,1240.0,1000.0,15481.0,15506.25,8.0,sl
2023-09-06 09:30:00-04:00,2023-09-06 10:02:08-04:00,short,2,2992.0,1000.0,3010.0,500.0,15501.75,15426.75,8.0,tp
2023-09-07 09:30:00-04:00,2023-09-07 09:41:50-04:00,short,2,-1018.0,1000.0,1750.0,1000.0,15201.25,15226.5,8.0,sl
2023-09-08 09:30:00-04:00,2023-09-08 09:31:02-04:00,short,2,-1018.0,1000.0,80.0,1000.0,15272.0,15297.25,8.0,sl
2023-09-11 09:30:00-04:00,2023-09-11 09:33:49-04:00,short,2,-1018.0,1000.0,280.0,1000.0,15620.5,15645.75,8.0,sl
2023-09-12 09:30:00-04:00,2023-09-12 09:34:07-04:00,short,2,-1018.0,1000.0,490.0,1000.0,15597.75,15623.0,8.0,sl
2023-09-13 09:30:00-04:00,2023-09-13 09:31:07-04:00,short,2,-1018.0,1000.0,420.0,1000.0,15504.0,15529.25,8.0,sl
2023-09-14 09:30:00-04:00,2023-09-14 09:55:45-04:00,short,2,2992.0,1000.0,3010.0,760.0,15619.75,15544.75,8.0,tp
2023-09-15 09:30:00-04:00,2023-09-15 09:42:54-04:00,short,2,2992.0,1000.0,3010.0,630.0,15611.75,15536.75,8.0,tp
2023-09-18 09:30:00-04:00,2023-09-18 09:33:03-04:00,short,2,-1018.0,1000.0,560.0,1000.0,15357.0,15382.25,8.0,sl
2023-09-19 09:30:00-04:00,2023-09-19 10:02:07-04:00,short,2,2992.0,1000.0,3010.0,800.0,15353.25,15278.25,8.0,tp
2023-09-20 09:30:00-04:00,2023-09-20 11:19:44-04:00,short,2,2992.0,1000.0,3010.0,710.0,15417.5,15342.5,8.0,tp
2023-09-21 09:30:00-04:00,2023-09-21 09:35:41-04:00,short,2,-1018.0,1000.0,540.0,1000.0,14988.5,15013.75,8.0,sl
2023-09-22 09:30:00-04:00,2023-09-22 10:06:55-04:00,short,2,-1018.0,1000.0,1990.0,1000.0,14937.75,14963.0,8.0,sl
2023-09-25 09:30:00-04:00,2023-09-25 09:40:13-04:00,short,2,-1018.0,1000.0,1720.0,1000.0,14825.5,14850.75,8.0,sl
2023-09-26 09:30:00-04:00,2023-09-26 10:14:13-04:00,short,2,2992.0,1000.0,3010.0,860.0,14824.75,14749.75,8.0,tp
2023-09-27 09:30:00-04:00,2023-09-27 09:31:03-04:00,short,2,-1018.0,1000.0,160.0,1000.0,14753.25,14778.5,8.0,sl
2023-09-28 09:30:00-04:00,2023-09-28 09:52:46-04:00,short,2,-1018.0,1000.0,1410.0,1000.0,14693.25,14718.5,8.0,sl
2023-09-29 09:30:00-04:00,2023-09-29 09:48:12-04:00,short,2,-1018.0,1000.0,990.0,1000.0,15001.5,15026.75,8.0,sl
2023-10-02 09:30:00-04:00,2023-10-02 09:33:28-04:00,short,2,-1018.0,1000.0,970.0,1000.0,14872.0,14897.25,8.0,sl
2023-10-03 09:30:00-04:00,2023-10-03 09:33:39-04:00,short,2,-1018.0,1000.0,360.0,1000.0,14882.5,14907.75,8.0,sl
2023-10-04 09:30:00-04:00,2023-10-04 09:31:09-04:00,short,2,-1018.0,1000.0,170.0,1000.0,14753.25,14778.5,8.0,sl
2023-10-05 09:30:00-04:00,2023-10-05 09:51:58-04:00,short,2,2992.0,1000.0,3020.0,680.0,14909.5,14834.5,8.0,tp
2023-10-06 09:30:00-04:00,2023-10-06 09:31:00-04:00,short,2,-1018.0,1000.0,40.0,1000.0,14737.75,14763.0,8.0,sl
2023-10-09 09:30:00-04:00,2023-10-09 09:44:58-04:00,short,2,-1018.0,1000.0,2480.0,1000.0,15011.5,15036.75,8.0,sl
2023-10-10 09:30:00-04:00,2023-10-10 09:43:58-04:00,short,2,-1018.0,1000.0,810.0,1000.0,15200.25,15225.5,8.0,sl
2023-10-11 09:30:00-04:00,2023-10-11 09:31:07-04:00,short,2,-1018.0,1000.0,80.0,1000.0,15325.0,15350.25,8.0,sl
2023-10-12 09:30:00-04:00,2023-10-12 10:06:51-04:00,short,2,-1018.0,1000.0,1100.0,1000.0,15393.5,15418.75,8.0,sl
2023-10-13 09:30:00-04:00,2023-10-13 10:24:53-04:00,short,2,2992.0,1000.0,3010.0,960.0,15342.75,15267.75,8.0,tp
2023-10-16 09:30:00-04:00,2023-10-16 09:31:39-04:00,short,2,-1018.0,1000.0,360.0,1000.0,15177.75,15203.0,8.0,sl
2023-10-17 09:30:00-04:00,2023-10-17 09:52:25-04:00,short,2,2992.0,1000.0,3010.0,220.0,15136.5,15061.5,8.0,tp
2023-10-18 09:30:00-04:00,2023-10-18 09:33:08-04:00,short,2,-1018.0,1000.0,90.0,1000.0,15127.75,15153.0,8.0,sl
2023-10-19 09:30:00-04:00,2023-10-19 10:29:59-04:00,short,2,2992.0,1000.0,3010.0,930.0,15085.75,15010.75,8.0,tp
2023-10-20 09:30:00-04:00,2023-10-20 09:42:07-04:00,short,2,-1018.0,1000.0,1990.0,1000.0,14860.5,14885.75,8.0,sl
2023-10-23 09:30:00-04:00,2023-10-23 09:30:26-04:00,short,2,-1018.0,1000.0,250.0,1000.0,14602.75,14628.0,8.0,sl
2023-10-24 09:30:00-04:00,2023-10-24 09:31:04-04:00,short,2,-1018.0,1000.0,120.0,1000.0,14778.5,14803.75,8.0,sl
2023-10-25 09:30:00-04:00,2023-10-25 09:35:11-04:00,short,2,2992.0,1000.0,3010.0,410.0,14739.0,14664.0,8.0,tp
2023-10-26 09:30:00-04:00,2023-10-26 09:33:07-04:00,short,2,-1018.0,1000.0,1300.0,1000.0,14422.75,14448.0,8.0,sl
2023-10-27 09:30:00-04:00,2023-10-27 09:30:11-04:00,short,2,-1018.0,1000.0,0.0,1000.0,14308.5,14333.75,8.0,sl
2023-10-30 09:30:00-04:00,2023-10-30 09:34:17-04:00,short,2,-1018.0,1000.0,1210.0,1000.0,14365.0,14390.25,8.0,sl
2023-10-31 09:30:00-04:00,2023-10-31 09:36:46-04:00,short,2,2992.0,1000.0,3010.0,410.0,14418.5,14343.5,8.0,tp
2023-11-01 09:30:00-04:00,2023-11-01 09:32:53-04:00,short,2,-1018.0,1000.0,150.0,1000.0,14519.0,14544.25,8.0,sl
2023-11-02 09:30:00-04:00,2023-11-02 09:40:00-04:00,short,2,-1018.0,1000.0,720.0,1000.0,14921.75,14947.0,8.0,sl
2023-11-03 09:30:00-04:00,2023-11-03 09:31:58-04:00,short,2,-1018.0,1000.0,430.0,1000.0,15052.25,15077.5,8.0,sl
2023-11-06 09:30:00-05:00,2023-11-06 09:30:49-05:00,short,2,-1018.0,1000.0,0.0,1000.0,15204.25,15229.5,8.0,sl
2023-11-07 09:30:00-05:00,2023-11-07 09:57:14-05:00,short,2,-1018.0,1000.0,1970.0,1000.0,15273.25,15298.5,8.0,sl
2023-11-08 09:30:00-05:00,2023-11-08 09:35:00-05:00,short,2,-1018.0,1000.0,530.0,1000.0,15387.25,15412.5,8.0,sl
2023-11-09 09:30:00-05:00,2023-11-09 10:00:02-05:00,short,2,-1018.0,1000.0,1600.0,1000.0,15405.5,15430.75,8.0,sl
2023-11-10 09:30:00-05:00,2023-11-10 09:41:00-05:00,short,2,-1018.0,1000.0,910.0,1000.0,15328.25,15353.5,8.0,sl
2023-11-13 09:30:00-05:00,2023-11-13 11:08:43-05:00,short,2,-1018.0,1000.0,2560.0,1000.0,15529.25,15554.5,8.0,sl
2023-11-14 09:30:00-05:00,2023-11-14 09:35:37-05:00,short,2,-1018.0,1000.0,800.0,1000.0,15810.25,15835.5,8.0,sl
2023-11-15 09:30:00-05:00,2023-11-15 13:00:10-05:00,short,2,2992.0,1000.0,3010.0,780.0,15957.75,15882.75,8.0,tp
2023-11-16 09:30:00-05:00,2023-11-16 09:48:53-05:00,short,2,-1018.0,1000.0,930.0,1000.0,15848.5,15873.75,8.0,sl
2023-11-17 09:30:00-05:00,2023-11-17 12:03:08-05:00,short,2,-1018.0,1000.0,1470.0,1000.0,15861.75,15887.0,8.0,sl
2023-11-20 09:30:00-05:00,2023-11-20 09:30:51-05:00,short,2,-1018.0,1000.0,30.0,1000.0,15896.25,15921.5,8.0,sl
2023-11-21 09:30:00-05:00,2023-11-21 10:26:40-05:00,short,2,2992.0,1000.0,3010.0,330.0,16012.5,15937.5,8.0,tp
2023-11-22 09:30:00-05:00,2023-11-22 09:30:57-05:00,short,2,-1018.0,1000.0,10.0,1000.0,16070.75,16096.0,8.0,sl
2023-11-24 09:30:00-05:00,2023-11-24 09:33:44-05:00,short,2,-1018.0,1000.0,1060.0,1000.0,16028.5,16053.75,8.0,sl
2023-11-27 09:30:00-05:00,2023-11-27 09:30:39-05:00,short,2,-1018.0,1000.0,50.0,1000.0,15999.5,16024.75,8.0,sl
2023-11-28 09:30:00-05:00,2023-11-28 09:32:25-05:00,short,2,-1018.0,1000.0,80.0,1000.0,15975.25,16000.5,8.0,sl
2023-11-29 09:30:00-05:00,2023-11-29 09:32:37-05:00,short,2,-1018.0,1000.0,30.0,1000.0,16147.25,16172.5,8.0,sl
2023-11-30 09:30:00-05:00,2023-11-30 09:46:46-05:00,short,2,2992.0,1000.0,3010.0,780.0,16032.0,15957.0,8.0,tp
2023-12-01 09:30:00-05:00,2023-12-01 10:02:35-05:00,short,2,-1018.0,1000.0,2270.0,1000.0,15932.25,15957.5,8.0,sl
2023-12-04 09:30:00-05:00,2023-12-04 10:22:52-05:00,short,2,2992.0,1000.0,3010.0,540.0,15863.0,15788.0,8.0,tp
2023-12-05 09:30:00-05:00,2023-12-05 09:36:42-05:00,short,2,-1018.0,1000.0,230.0,1000.0,15789.0,15814.25,8.0,sl
2023-12-06 09:30:00-05:00,2023-12-06 09:35:17-05:00,short,2,2992.0,1000.0,3010.0,180.0,16033.25,15958.25,8.0,tp
2023-12-07 09:30:00-05:00,2023-12-07 09:34:37-05:00,short,2,-1018.0,1000.0,1090.0,1000.0,15934.25,15959.5,8.0,sl
2023-12-08 09:30:00-05:00,2023-12-08 09:30:56-05:00,short,2,-1018.0,1000.0,310.0,1000.0,15955.0,15980.25,8.0,sl
2023-12-11 09:30:00-05:00,2023-12-11 09:33:16-05:00,short,2,-1018.0,1000.0,330.0,1000.0,16289.75,16315.0,8.0,sl
2023-12-12 09:30:00-05:00,2023-12-12 10:00:00-05:00,short,2,-1018.0,1000.0,1860.0,1000.0,16443.0,16468.25,8.0,sl
2023-12-13 09:30:00-05:00,2023-12-13 09:31:38-05:00,short,2,-1018.0,1000.0,110.0,1000.0,16608.75,16634.0,8.0,sl
2023-12-14 09:30:00-05:00,2023-12-14 09:31:36-05:00,short,2,-1018.0,1000.0,380.0,1000.0,16821.0,16846.25,8.0,sl
2023-12-15 09:30:00-05:00,2023-12-15 09:31:23-05:00,short,2,-1018.0,1000.0,240.0,1000.0,16786.0,16811.25,8.0,sl
2023-12-18 09:30:00-05:00,2023-12-18 09:36:39-05:00,short,2,-1018.0,1000.0,560.0,1000.0,16846.5,16871.75,8.0,sl
2023-12-19 09:30:00-05:00,2023-12-19 09:30:53-05:00,short,2,-1018.0,1000.0,310.0,1000.0,16952.25,16977.5,8.0,sl
2023-12-20 09:30:00-05:00,2023-12-20 09:41:08-05:00,short,2,-1018.0,1000.0,590.0,1000.0,16985.75,17011.0,8.0,sl
2023-12-21 09:30:00-05:00,2023-12-21 09:31:01-05:00,short,2,-1018.0,1000.0,420.0,1000.0,16921.5,16946.75,8.0,sl
2023-12-22 09:30:00-05:00,2023-12-22 09:44:17-05:00,short,2,-1018.0,1000.0,460.0,1000.0,17000.75,17026.0,8.0,sl
2023-12-26 09:30:00-05:00,2023-12-26 09:35:00-05:00,short,2,-1018.0,1000.0,110.0,1000.0,17008.25,17033.5,8.0,sl
2023-12-27 09:30:00-05:00,2023-12-27 09:30:58-05:00,short,2,-1018.0,1000.0,30.0,1000.0,17093.25,17118.5,8.0,sl
2023-12-28 09:30:00-05:00,2023-12-28 15:58:00-05:00,short,2,2682.0,1000.0,2810.0,440.0,17148.0,17080.75,8.0,time
2023-12-29 09:30:00-05:00,2023-12-29 10:47:38-05:00,short,2,2992.0,1000.0,3010.0,800.0,17087.5,17012.5,8.0,tp
2024-01-02 09:30:00-05:00,2024-01-02 09:40:28-05:00,short,2,2992.0,1000.0,3010.0,460.0,16862.0,16787.0,8.0,tp
2024-01-03 09:30:00-05:00,2024-01-03 09:44:01-05:00,short,2,-1018.0,1000.0,1170.0,1000.0,16610.75,16636.0,8.0,sl
2024-01-04 09:30:00-05:00,2024-01-04 09:32:26-05:00,short,2,-1018.0,1000.0,380.0,1000.0,16452.75,16478.0,8.0,sl
2024-01-05 09:30:00-05:00,2024-01-05 09:32:29-05:00,short,2,-1018.0,1000.0,500.0,1000.0,16450.0,16475.25,8.0,sl
2024-01-08 09:30:00-05:00,2024-01-08 09:31:40-05:00,short,2,-1018.0,1000.0,250.0,1000.0,16511.75,16537.0,8.0,sl
2024-01-09 09:30:00-05:00,2024-01-09 09:31:18-05:00,short,2,-1018.0,1000.0,40.0,1000.0,16667.25,16692.5,8.0,sl
2024-01-10 09:30:00-05:00,2024-01-10 09:32:06-05:00,short,2,-1018.0,1000.0,0.0,1000.0,16840.25,16865.5,8.0,sl
2024-01-11 09:30:00-05:00,2024-01-11 09:30:41-05:00,short,2,-1018.0,1000.0,0.0,1000.0,16983.0,17008.25,8.0,sl
2024-01-12 09:30:00-05:00,2024-01-12 09:44:11-05:00,short,2,-1018.0,1000.0,1410.0,1000.0,17009.25,17034.5,8.0,sl
2024-01-16 09:30:00-05:00,2024-01-16 09:36:10-05:00,short,2,-1018.0,1000.0,550.0,1000.0,16918.75,16944.0,8.0,sl
2024-01-17 09:30:00-05:00,2024-01-17 09:43:18-05:00,short,2,2992.0,1000.0,3010.0,690.0,16825.75,16750.75,8.0,tp
2024-01-18 09:30:00-05:00,2024-01-18 09:30:13-05:00,short,2,-1018.0,1000.0,30.0,1000.0,16997.0,17022.25,8.0,sl
2024-01-19 09:30:00-05:00,2024-01-19 10:00:00-05:00,short,2,-1018.0,1000.0,1020.0,1000.0,17191.75,17217.0,8.0,sl
2024-01-22 09:30:00-05:00,2024-01-22 09:31:47-05:00,short,2,-1018.0,1000.0,40.0,1000.0,17530.25,17555.5,8.0,sl
2024-01-23 09:30:00-05:00,2024-01-23 09:35:17-05:00,short,2,2992.0,1000.0,3010.0,40.0,17486.0,17411.0,8.0,tp
2024-01-24 09:30:00-05:00,2024-01-24 10:29:40-05:00,short,2,-1018.0,1000.0,2230.0,1000.0,17693.25,17718.5,8.0,sl
2024-01-25 09:30:00-05:00,2024-01-25 11:51:19-05:00,short,2,-1018.0,1000.0,2980.0,1000.0,17723.75,17749.0,8.0,sl
2024-01-26 09:30:00-05:00,2024-01-26 10:29:05-05:00,short,2,-1018.0,1000.0,2120.0,1000.0,17557.0,17582.25,8.0,sl
2024-01-29 09:30:00-05:00,2024-01-29 09:37:06-05:00,short,2,-1018.0,1000.0,700.0,1000.0,17547.25,17572.5,8.0,sl
2024-01-30 09:30:00-05:00,2024-01-30 12:26:40-05:00,short,2,2992.0,1000.0,3010.0,970.0,17660.5,17585.5,8.0,tp
2024-01-31 09:30:00-05:00,2024-01-31 09:34:40-05:00,short,2,-1018.0,1000.0,1090.0,1000.0,17399.25,17424.5,8.0,sl
2024-02-01 09:30:00-05:00,2024-02-01 09:34:36-05:00,short,2,-1018.0,1000.0,390.0,1000.0,17304.0,17329.25,8.0,sl
2024-02-02 09:30:00-05:00,2024-02-02 09:37:07-05:00,short,2,-1018.0,1000.0,1800.0,1000.0,17510.5,17535.75,8.0,sl
2024-02-05 09:30:00-05:00,2024-02-05 10:14:04-05:00,short,2,2992.0,1000.0,3010.0,650.0,17721.0,17646.0,8.0,tp
2024-02-06 09:30:00-05:00,2024-02-06 09:30:55-05:00,short,2,-1018.0,1000.0,0.0,1000.0,17739.25,17764.5,8.0,sl
2024-02-07 09:30:00-05:00,2024-02-07 10:13:52-05:00,short,2,-1018.0,1000.0,2240.0,1000.0,17774.75,17800.0,8.0,sl
2024-02-08 09:30:00-05:00,2024-02-08 10:05:14-05:00,short,2,-1018.0,1000.0,1160.0,1000.0,17837.0,17862.25,8.0,sl
2024-02-09 09:30:00-05:00,2024-02-09 09:59:07-05:00,short,2,-1018.0,1000.0,1400.0,1000.0,17910.0,17935.25,8.0,sl
2024-02-12 09:30:00-05:00,2024-02-12 10:40:01-05:00,short,2,-1018.0,1000.0,890.0,1000.0,18029.5,18054.75,8.0,sl
2024-02-13 09:30:00-05:00,2024-02-13 09:36:04-05:00,short,2,-1018.0,1000.0,1640.0,1000.0,17627.75,17653.0,8.0,sl
2024-02-14 09:30:00-05:00,2024-02-14 09:31:20-05:00,short,2,-1018.0,1000.0,210.0,1000.0,17789.25,17814.5,8.0,sl
2024-02-15 09:30:00-05:00,2024-02-15 09:55:23-05:00,short,2,2992.0,1000.0,3010.0,500.0,17890.75,17815.75,8.0,tp
2024-02-16 09:30:00-05:00,2024-02-16 09:50:17-05:00,short,2,2992.0,1000.0,3010.0,220.0,17924.5,17849.5,8.0,tp
2024-02-20 09:30:00-05:00,2024-02-20 09:31:03-05:00,short,2,-1018.0,1000.0,470.0,1000.0,17661.25,17686.5,8.0,sl
2024-02-21 09:30:00-05:00,2024-02-21 10:04:19-05:00,short,2,-1018.0,1000.0,1820.0,1000.0,17493.75,17519.0,8.0,sl
2024-02-22 09:30:00-05:00,2024-02-22 09:45:13-05:00,short,2,-1018.0,1000.0,1310.0,1000.0,17896.75,17922.0,8.0,sl
2024-02-23 09:30:00-05:00,2024-02-23 09:31:48-05:00,short,2,-1018.0,1000.0,310.0,1000.0,18104.75,18130.0,8.0,sl
2024-02-26 09:30:00-05:00,2024-02-26 09:31:10-05:00,short,2,-1018.0,1000.0,340.0,1000.0,18018.25,18043.5,8.0,sl
2024-02-27 09:30:00-05:00,2024-02-27 12:52:36-05:00,short,2,2992.0,1000.0,3010.0,680.0,18015.5,17940.5,8.0,tp
2024-02-28 09:30:00-05:00,2024-02-28 11:00:30-05:00,short,2,-1018.0,1000.0,1890.0,1000.0,17923.25,17948.5,8.0,sl
2024-02-29 09:30:00-05:00,2024-02-29 09:30:36-05:00,short,2,-1018.0,1000.0,320.0,1000.0,18028.75,18054.0,8.0,sl
2024-03-01 09:30:00-05:00,2024-03-01 09:30:42-05:00,short,2,-1018.0,1000.0,70.0,1000.0,18095.5,18120.75,8.0,sl
2024-03-04 09:30:00-05:00,2024-03-04 15:49:15-05:00,short,2,2992.0,1000.0,3010.0,670.0,18329.75,18254.75,8.0,tp
2024-03-05 09:30:00-05:00,2024-03-05 09:35:09-05:00,short,2,2992.0,1000.0,3010.0,50.0,18134.0,18059.0,8.0,tp
2024-03-06 09:30:00-05:00,2024-03-06 10:00:00-05:00,short,2,2992.0,1000.0,3010.0,820.0,18106.0,18031.0,8.0,tp
2024-03-07 09:30:00-05:00,2024-03-07 09:35:26-05:00,short,2,-1018.0,1000.0,720.0,1000.0,18184.25,18209.5,8.0,sl
2024-03-08 09:30:00-05:00,2024-03-08 09:34:30-05:00,short,2,-1018.0,1000.0,850.0,1000.0,18316.5,18341.75,8.0,sl
2024-03-11 09:30:00-04:00,2024-03-11 09:46:30-04:00,short,2,-1018.0,1000.0,2730.0,1000.0,18223.25,18248.5,8.0,sl
2024-03-12 09:30:00-04:00,2024-03-12 09:30:42-04:00,short,2,-1018.0,1000.0,0.0,1000.0,18312.5,18337.75,8.0,sl
2024-03-13 09:30:00-04:00,2024-03-13 09:45:28-04:00,short,2,2992.0,1000.0,3010.0,90.0,18427.5,18352.5,8.0,tp
2024-03-14 09:30:00-04:00,2024-03-14 09:48:34-04:00,short,2,2992.0,1000.0,3010.0,930.0,18374.75,18299.75,8.0,tp
2024-03-15 09:30:00-04:00,2024-03-15 09:30:13-04:00,short,2,-1018.0,1000.0,150.0,1000.0,18146.75,18172.0,8.0,sl
2024-03-18 09:30:00-04:00,2024-03-18 09:31:52-04:00,short,2,-1018.0,1000.0,340.0,1000.0,18286.0,18311.25,8.0,sl
2024-03-19 09:30:00-04:00,2024-03-19 09:40:19-04:00,short,2,2992.0,1000.0,3020.0,310.0,18144.75,18069.75,8.0,tp
2024-03-20 09:30:00-04:00,2024-03-20 14:01:20-04:00,short,2,-1038.0,1000.0,2950.0,1020.0,18318.5,18344.25,8.0,sl
2024-03-21 09:30:00-04:00,2024-03-21 13:55:31-04:00,short,2,2992.0,1000.0,3010.0,860.0,18687.5,18612.5,8.0,tp
2024-03-22 09:30:00-04:00,2024-03-22 10:05:41-04:00,short,2,-1018.0,1000.0,1520.0,1000.0,18538.0,18563.25,8.0,sl
2024-03-25 09:30:00-04:00,2024-03-25 09:51:32-04:00,short,2,-1018.0,1000.0,1660.0,1000.0,18456.25,18481.5,8.0,sl
2024-03-26 09:30:00-04:00,2024-03-26 09:35:06-04:00,short,2,-1018.0,1000.0,740.0,1000.0,18568.5,18593.75,8.0,sl
2024-03-27 09:30:00-04:00,2024-03-27 09:36:23-04:00,short,2,2992.0,1000.0,3010.0,100.0,18569.25,18494.25,8.0,tp
2024-03-28 09:30:00-04:00,2024-03-28 09:50:47-04:00,short,2,-1018.0,1000.0,1820.0,1000.0,18502.75,18528.0,8.0,sl
2024-04-01 09:30:00-04:00,2024-04-01 09:33:20-04:00,short,2,-1018.0,1000.0,710.0,1000.0,18500.25,18525.5,8.0,sl
2024-04-02 09:30:00-04:00,2024-04-02 10:12:13-04:00,short,2,2992.0,1000.0,3010.0,190.0,18287.25,18212.25,8.0,tp
2024-04-03 09:30:00-04:00,2024-04-03 09:32:41-04:00,short,2,-1018.0,1000.0,40.0,1000.0,18240.5,18265.75,8.0,sl
2024-04-04 09:30:00-04:00,2024-04-04 14:06:09-04:00,short,2,2992.0,1000.0,3010.0,980.0,18543.5,18468.5,8.0,tp
2024-04-05 09:30:00-04:00,2024-04-05 09:32:25-04:00,short,2,-1018.0,1000.0,710.0,1000.0,18141.25,18166.5,8.0,sl
2024-04-08 09:30:00-04:00,2024-04-08 09:39:30-04:00,short,2,2992.0,1000.0,3010.0,300.0,18329.5,18254.5,8.0,tp
2024-04-09 09:30:00-04:00,2024-04-09 10:27:18-04:00,short,2,2992.0,1000.0,3010.0,600.0,18390.0,18315.0,8.0,tp
2024-04-10 09:30:00-04:00,2024-04-10 09:32:54-04:00,short,2,-1018.0,1000.0,810.0,1000.0,18139.25,18164.5,8.0,sl
2024-04-11 09:30:00-04:00,2024-04-11 10:15:33-04:00,short,2,2992.0,1000.0,3010.0,460.0,18262.5,18187.5,8.0,tp
2024-04-12 09:30:00-04:00,2024-04-12 09:32:36-04:00,short,2,-1018.0,1000.0,640.0,1000.0,18297.0,18322.25,8.0,sl
2024-04-15 09:30:00-04:00,2024-04-15 09:35:33-04:00,short,2,2992.0,1000.0,3010.0,100.0,18336.5,18261.5,8.0,tp
2024-04-16 09:30:00-04:00,2024-04-16 09:57:10-04:00,short,2,-1018.0,1000.0,1770.0,1000.0,17866.25,17891.5,8.0,sl
2024-04-17 09:30:00-04:00,2024-04-17 09:51:58-04:00,short,2,2992.0,1000.0,3010.0,30.0,17958.5,17883.5,8.0,tp
2024-04-18 09:30:00-04:00,2024-04-18 09:36:51-04:00,short,2,2992.0,1000.0,3010.0,300.0,17671.25,17596.25,8.0,tp
2024-04-19 09:30:00-04:00,2024-04-19 09:46:25-04:00,short,2,-1018.0,1000.0,2280.0,1000.0,17489.5,17514.75,8.0,sl
2024-04-22 09:30:00-04:00,2024-04-22 09:48:34-04:00,short,2,-1018.0,1000.0,1030.0,1000.0,17289.75,17315.0,8.0,sl
2024-04-23 09:30:00-04:00,2024-04-23 09:32:03-04:00,short,2,-1018.0,1000.0,720.0,1000.0,17431.75,17457.0,8.0,sl
2024-04-24 09:30:00-04:00,2024-04-24 09:36:00-04:00,short,2,-1018.0,1000.0,600.0,1000.0,17728.25,17753.5,8.0,sl
2024-04-25 09:30:00-04:00,2024-04-25 09:44:32-04:00,short,2,-1018.0,1000.0,1650.0,1000.0,17349.5,17374.75,8.0,sl
2024-04-26 09:30:00-04:00,2024-04-26 09:34:12-04:00,short,2,-1018.0,1000.0,1140.0,1000.0,17696.75,17722.0,8.0,sl
2024-04-29 09:30:00-04:00,2024-04-29 09:33:04-04:00,short,2,-1018.0,1000.0,500.0,1000.0,17922.0,17947.25,8.0,sl
2024-04-30 09:30:00-04:00,2024-04-30 09:40:32-04:00,short,2,-1018.0,1000.0,440.0,1000.0,17835.0,17860.25,8.0,sl
2024-05-01 09:30:00-04:00,2024-05-01 11:17:53-04:00,short,2,2992.0,1000.0,3010.0,880.0,17495.5,17420.5,8.0,tp
2024-05-02 09:30:00-04:00,2024-05-02 09:48:30-04:00,short,2,2992.0,1000.0,3010.0,680.0,17585.5,17510.5,8.0,tp
2024-05-03 09:30:00-04:00,2024-05-03 09:45:00-04:00,short,2,-1018.0,1000.0,1600.0,1000.0,17959.25,17984.5,8.0,sl
2024-05-06 09:30:00-04:00,2024-05-06 09:38:42-04:00,short,2,-1018.0,1000.0,1280.0,1000.0,18074.75,18100.0,8.0,sl
2024-05-07 09:30:00-04:00,2024-05-07 10:55:00-04:00,short,2,-1018.0,1000.0,1180.0,1000.0,18211.25,18236.5,8.0,sl
2024-05-08 09:30:00-04:00,2024-05-08 09:36:40-04:00,short,2,-1018.0,1000.0,310.0,1000.0,18086.25,18111.5,8.0,sl
2024-05-09 09:30:00-04:00,2024-05-09 09:49:25-04:00,short,2,2992.0,1000.0,3010.0,700.0,18186.5,18111.5,8.0,tp
2024-05-10 09:30:00-04:00,2024-05-10 09:34:20-04:00,short,2,-1018.0,1000.0,690.0,1000.0,18274.5,18299.75,8.0,sl
2024-05-13 09:30:00-04:00,2024-05-13 09:46:08-04:00,short,2,2992.0,1000.0,3010.0,120.0,18333.25,18258.25,8.0,tp
2024-05-14 09:30:00-04:00,2024-05-14 09:36:53-04:00,short,2,-1018.0,1000.0,280.0,1000.0,18272.5,18297.75,8.0,sl
2024-05-15 09:30:00-04:00,2024-05-15 10:23:48-04:00,short,2,-1018.0,1000.0,2670.0,1000.0,18513.5,18538.75,8.0,sl
2024-05-16 09:30:00-04:00,2024-05-16 09:47:13-04:00,short,2,-1018.0,1000.0,260.0,1000.0,18678.5,18703.75,8.0,sl
2024-05-17 09:30:00-04:00,2024-05-17 10:34:49-04:00,short,2,-1018.0,1000.0,1170.0,1000.0,18649.75,18675.0,8.0,sl
2024-05-20 09:30:00-04:00,2024-05-20 09:33:00-04:00,short,2,-1018.0,1000.0,380.0,1000.0,18644.75,18670.0,8.0,sl
2024-05-21 09:30:00-04:00,2024-05-21 09:34:38-04:00,short,2,-1018.0,1000.0,280.0,1000.0,18685.0,18710.25,8.0,sl
2024-05-22 09:30:00-04:00,2024-05-22 11:06:06-04:00,short,2,-1018.0,1000.0,840.0,1000.0,18809.75,18835.0,8.0,sl
2024-05-23 09:30:00-04:00,2024-05-23 09:45:00-04:00,short,2,2992.0,1000.0,3010.0,70.0,18980.75,18905.75,8.0,tp
2024-05-24 09:30:00-04:00,2024-05-24 09:46:10-04:00,short,2,-1018.0,1000.0,1120.0,1000.0,18761.0,18786.25,8.0,sl
2024-05-28 09:30:00-04:00,2024-05-28 09:46:44-04:00,short,2,2992.0,1000.0,3010.0,770.0,18917.25,18842.25,8.0,tp
2024-05-29 09:30:00-04:00,2024-05-29 09:30:42-04:00,short,2,-1018.0,1000.0,110.0,1000.0,18763.75,18789.0,8.0,sl
2024-05-30 09:30:00-04:00,2024-05-30 10:13:26-04:00,short,2,2992.0,1000.0,3010.0,270.0,18762.75,18687.75,8.0,tp
2024-05-31 09:30:00-04:00,2024-05-31 09:40:07-04:00,short,2,-1018.0,1000.0,960.0,1000.0,18599.75,18625.0,8.0,sl
2024-06-03 09:30:00-04:00,2024-06-03 09:41:28-04:00,short,2,-1018.0,1000.0,570.0,1000.0,18712.75,18738.0,8.0,sl
2024-06-04 09:30:00-04:00,2024-06-04 14:15:19-04:00,short,2,-1018.0,1000.0,2940.0,1000.0,18641.25,18666.5,8.0,sl
2024-06-05 09:30:00-04:00,2024-06-05 10:24:07-04:00,short,2,-1018.0,1000.0,1960.0,1000.0,18849.0,18874.25,8.0,sl
2024-06-06 09:30:00-04:00,2024-06-06 14:09:08-04:00,short,2,2992.0,1000.0,3010.0,540.0,19102.25,19027.25,8.0,tp
2024-06-07 09:30:00-04:00,2024-06-07 09:51:53-04:00,short,2,-1018.0,1000.0,1780.0,1000.0,19037.0,19062.25,8.0,sl
2024-06-10 09:30:00-04:00,2024-06-10 09:34:23-04:00,short,2,-1018.0,1000.0,570.0,1000.0,18992.0,19017.25,8.0,sl
2024-06-11 09:30:00-04:00,2024-06-11 09:34:22-04:00,short,2,-1018.0,1000.0,360.0,1000.0,19055.25,19080.5,8.0,sl
2024-06-12 09:30:00-04:00,2024-06-12 09:33:10-04:00,short,2,-1018.0,1000.0,1070.0,1000.0,19401.5,19426.75,8.0,sl
2024-06-13 09:30:00-04:00,2024-06-13 09:39:23-04:00,short,2,-1018.0,1000.0,740.0,1000.0,19636.75,19662.0,8.0,sl
2024-06-14 09:30:00-04:00,2024-06-14 09:40:04-04:00,short,2,-1018.0,1000.0,830.0,1000.0,19578.0,19603.25,8.0,sl
2024-06-17 09:30:00-04:00,2024-06-17 10:16:53-04:00,short,2,-1018.0,1000.0,2070.0,1000.0,19955.75,19981.0,8.0,sl
2024-06-18 09:30:00-04:00,2024-06-18 09:35:16-04:00,short,2,-1018.0,1000.0,310.0,1000.0,20190.0,20215.25,8.0,sl
2024-06-20 09:30:00-04:00,2024-06-20 10:11:30-04:00,short,2,2992.0,1000.0,3010.0,730.0,20245.0,20170.0,8.0,tp
2024-06-21 09:30:00-04:00,2024-06-21 09:51:21-04:00,short,2,2992.0,1000.0,3010.0,700.0,20010.5,19935.5,8.0,tp
2024-06-24 09:30:00-04:00,2024-06-24 09:33:26-04:00,short,2,-1018.0,1000.0,570.0,1000.0,19923.25,19948.5,8.0,sl
2024-06-25 09:30:00-04:00,2024-06-25 10:01:07-04:00,short,2,-1018.0,1000.0,1520.0,1000.0,19830.25,19855.5,8.0,sl
2024-06-26 09:30:00-04:00,2024-06-26 09:44:00-04:00,short,2,-1018.0,1000.0,360.0,1000.0,19928.25,19953.5,8.0,sl
2024-06-27 09:30:00-04:00,2024-06-27 09:31:00-04:00,short,2,-1018.0,1000.0,70.0,1000.0,19991.75,20017.0,8.0,sl
2024-06-28 09:30:00-04:00,2024-06-28 09:43:44-04:00,short,2,-1018.0,1000.0,1210.0,1000.0,20069.5,20094.75,8.0,sl
2024-07-01 09:30:00-04:00,2024-07-01 09:46:27-04:00,short,2,2992.0,1000.0,3010.0,610.0,19970.5,19895.5,8.0,tp
2024-07-02 09:30:00-04:00,2024-07-02 09:31:37-04:00,short,2,-1018.0,1000.0,270.0,1000.0,19983.5,20008.75,8.0,sl
2024-07-03 09:30:00-04:00,2024-07-03 09:30:59-04:00,short,2,-1018.0,1000.0,60.0,1000.0,20218.5,20243.75,8.0,sl
2024-07-05 09:30:00-04:00,2024-07-05 09:31:40-04:00,short,2,-1018.0,1000.0,0.0,1000.0,20440.0,20465.25,8.0,sl
2024-07-08 09:30:00-04:00,2024-07-08 11:22:27-04:00,short,2,-1018.0,1000.0,1780.0,1000.0,20632.5,20657.75,8.0,sl
2024-07-09 09:30:00-04:00,2024-07-09 09:33:08-04:00,short,2,-1018.0,1000.0,80.0,1000.0,20723.25,20748.5,8.0,sl
2024-07-10 09:30:00-04:00,2024-07-10 10:08:39-04:00,short,2,-1018.0,1000.0,1460.0,1000.0,20758.0,20783.25,8.0,sl
2024-07-11 09:30:00-04:00,2024-07-11 10:09:37-04:00,short,2,2992.0,1000.0,3010.0,220.0,20896.75,20821.75,8.0,tp
2024-07-12 09:30:00-04:00,2024-07-12 09:31:01-04:00,short,2,-1018.0,1000.0,500.0,1000.0,20441.75,20467.0,8.0,sl
2024-07-15 09:30:00-04:00,2024-07-15 09:34:02-04:00,short,2,-1018.0,1000.0,500.0,1000.0,20613.25,20638.5,8.0,sl
2024-07-16 09:30:00-04:00,2024-07-16 09:39:05-04:00,short,2,-1018.0,1000.0,760.0,1000.0,20650.0,20675.25,8.0,sl
2024-07-17 09:30:00-04:00,2024-07-17 10:00:54-04:00,short,2,2992.0,1000.0,3010.0,970.0,20257.25,20182.25,8.0,tp
2024-07-18 09:30:00-04:00,2024-07-18 09:42:19-04:00,short,2,2992.0,1000.0,3010.0,380.0,20139.75,20064.75,8.0,tp
2024-07-19 09:30:00-04:00,2024-07-19 09:34:42-04:00,short,2,-1018.0,1000.0,1100.0,1000.0,19863.25,19888.5,8.0,sl
2024-07-22 09:30:00-04:00,2024-07-22 09:38:49-04:00,short,2,-1018.0,1000.0,2750.0,1000.0,19951.5,19976.75,8.0,sl
2024-07-23 09:30:00-04:00,2024-07-23 09:37:35-04:00,short,2,-1018.0,1000.0,940.0,1000.0,19957.0,19982.25,8.0,sl
2024-07-24 09:30:00-04:00,2024-07-24 09:36:27-04:00,short,2,2992.0,1000.0,3010.0,600.0,19638.75,19563.75,8.0,tp
2024-07-25 09:30:00-04:00,2024-07-25 09:34:12-04:00,short,2,2992.0,1000.0,3010.0,470.0,19215.0,19140.0,8.0,tp
2024-07-26 09:30:00-04:00,2024-07-26 09:42:06-04:00,short,2,2992.0,1000.0,3010.0,150.0,19162.5,19087.5,8.0,tp
2024-07-29 09:30:00-04:00,2024-07-29 09:39:08-04:00,short,2,-1018.0,1000.0,2510.0,1000.0,19284.75,19310.0,8.0,sl
2024-07-30 09:30:00-04:00,2024-07-30 09:41:55-04:00,short,2,-1018.0,1000.0,1270.0,1000.0,19287.0,19312.25,8.0,sl
2024-07-31 09:30:00-04:00,2024-07-31 09:40:52-04:00,short,2,-1018.0,1000.0,2510.0,1000.0,19373.5,19398.75,8.0,sl
2024-08-01 09:30:00-04:00,2024-08-01 09:33:08-04:00,short,2,-1028.0,1000.0,500.0,1010.0,19526.0,19551.5,8.0,sl
2024-08-02 09:30:00-04:00,2024-08-02 09:33:21-04:00,short,2,2992.0,1000.0,3010.0,20.0,18651.75,18576.75,8.0,tp
2024-08-05 09:30:00-04:00,2024-08-05 09:30:48-04:00,short,2,-1018.0,1000.0,1900.0,1000.0,17556.75,17582.0,8.0,sl
2024-08-06 09:30:00-04:00,2024-08-06 09:30:01-04:00,short,2,-1018.0,1000.0,40.0,1000.0,18080.75,18106.0,8.0,sl
2024-08-07 09:30:00-04:00,2024-08-07 09:30:53-04:00,short,2,-1018.0,1000.0,620.0,1000.0,18454.25,18479.5,8.0,sl
2024-08-08 09:30:00-04:00,2024-08-08 09:38:07-04:00,short,2,2992.0,1000.0,3010.0,610.0,18227.75,18152.75,8.0,tp
2024-08-09 09:30:00-04:00,2024-08-09 09:30:49-04:00,short,2,-1018.0,1000.0,90.0,1000.0,18454.0,18479.25,8.0,sl
2024-08-12 09:30:00-04:00,2024-08-12 09:34:51-04:00,short,2,-1018.0,1000.0,340.0,1000.0,18642.25,18667.5,8.0,sl
2024-08-13 09:30:00-04:00,2024-08-13 09:31:27-04:00,short,2,-1018.0,1000.0,450.0,1000.0,18827.5,18852.75,8.0,sl
2024-08-14 09:30:00-04:00,2024-08-14 09:30:56-04:00,short,2,-1018.0,1000.0,300.0,1000.0,19135.5,19160.75,8.0,sl
2024-08-15 09:30:00-04:00,2024-08-15 09:32:16-04:00,short,2,-1018.0,1000.0,560.0,1000.0,19355.5,19380.75,8.0,sl
2024-08-16 09:30:00-04:00,2024-08-16 09:41:07-04:00,short,2,-1018.0,1000.0,1780.0,1000.0,19507.0,19532.25,8.0,sl
2024-08-19 09:30:00-04:00,2024-08-19 10:32:03-04:00,short,2,-1018.0,1000.0,2970.0,1000.0,19603.25,19628.5,8.0,sl
2024-08-20 09:30:00-04:00,2024-08-20 09:31:16-04:00,short,2,-1018.0,1000.0,40.0,1000.0,19818.0,19843.25,8.0,sl
2024-08-21 09:30:00-04:00,2024-08-21 09:46:27-04:00,short,2,-1018.0,1000.0,1210.0,1000.0,19843.25,19868.5,8.0,sl
2024-08-22 09:30:00-04:00,2024-08-22 09:30:50-04:00,short,2,-1018.0,1000.0,260.0,1000.0,19995.25,20020.5,8.0,sl
2024-08-23 09:30:00-04:00,2024-08-23 10:00:03-04:00,short,2,-1038.0,1000.0,2080.0,1020.0,19758.5,19784.25,8.0,sl
2024-08-26 09:30:00-04:00,2024-08-26 09:33:10-04:00,short,2,-1018.0,1000.0,940.0,1000.0,19765.5,19790.75,8.0,sl
2024-08-27 09:30:00-04:00,2024-08-27 09:45:30-04:00,short,2,2992.0,1000.0,3010.0,680.0,19522.25,19447.25,8.0,tp
2024-08-28 09:30:00-04:00,2024-08-28 09:30:30-04:00,short,2,-1018.0,1000.0,170.0,1000.0,19624.75,19650.0,8.0,sl
2024-08-29 09:30:00-04:00,2024-08-29 09:31:33-04:00,short,2,-1018.0,1000.0,730.0,1000.0,19496.5,19521.75,8.0,sl
2024-08-30 09:30:00-04:00,2024-08-30 09:45:55-04:00,short,2,-1018.0,1000.0,1720.0,1000.0,19557.0,19582.25,8.0,sl
2024-09-03 09:30:00-04:00,2024-09-03 09:35:31-04:00,short,2,2992.0,1000.0,3010.0,190.0,19478.5,19403.5,8.0,tp
2024-09-04 09:30:00-04:00,2024-09-04 09:33:37-04:00,short,2,-1018.0,1000.0,770.0,1000.0,18879.25,18904.5,8.0,sl
2024-09-05 09:30:00-04:00,2024-09-05 09:30:45-04:00,short,2,-1018.0,1000.0,40.0,1000.0,18886.75,18912.0,8.0,sl
2024-09-06 09:30:00-04:00,2024-09-06 09:30:47-04:00,short,2,-1018.0,1000.0,340.0,1000.0,18932.25,18957.5,8.0,sl
2024-09-09 09:30:00-04:00,2024-09-09 09:33:27-04:00,short,2,-1018.0,1000.0,1000.0,1000.0,18629.75,18655.0,8.0,sl
2024-09-10 09:30:00-04:00,2024-09-10 09:31:12-04:00,short,2,-1018.0,1000.0,570.0,1000.0,18761.75,18787.0,8.0,sl
2024-09-11 09:30:00-04:00,2024-09-11 09:40:03-04:00,short,2,2992.0,1000.0,3010.0,250.0,18900.25,18825.25,8.0,tp
2024-09-12 09:30:00-04:00,2024-09-12 09:37:55-04:00,short,2,-1018.0,1000.0,1950.0,1000.0,19259.0,19284.25,8.0,sl
2024-09-13 09:30:00-04:00,2024-09-13 09:33:12-04:00,short,2,-1018.0,1000.0,450.0,1000.0,19409.5,19434.75,8.0,sl
2024-09-16 09:30:00-04:00,2024-09-16 09:33:32-04:00,short,2,2992.0,1000.0,3010.0,60.0,19674.25,19599.25,8.0,tp
2024-09-17 09:30:00-04:00,2024-09-17 09:31:19-04:00,short,2,-1018.0,1000.0,540.0,1000.0,19796.75,19822.0,8.0,sl
2024-09-18 09:30:00-04:00,2024-09-18 10:11:54-04:00,short,2,2992.0,1000.0,3010.0,490.0,19724.25,19649.25,8.0,tp
2024-09-19 09:30:00-04:00,2024-09-19 09:51:10-04:00,short,2,2992.0,1000.0,3010.0,850.0,20051.75,19976.75,8.0,tp
2024-09-20 09:30:00-04:00,2024-09-20 09:31:49-04:00,short,2,-1018.0,1000.0,60.0,1000.0,20033.5,20058.75,8.0,sl
2024-09-23 09:30:00-04:00,2024-09-23 09:50:00-04:00,short,2,-1018.0,1000.0,1780.0,1000.0,20075.75,20101.0,8.0,sl
2024-09-24 09:30:00-04:00,2024-09-24 10:00:35-04:00,short,2,2992.0,1000.0,3010.0,760.0,20135.0,20060.0,8.0,tp
2024-09-25 09:30:00-04:00,2024-09-25 09:31:22-04:00,short,2,-1018.0,1000.0,230.0,1000.0,20143.75,20169.0,8.0,sl
2024-09-26 09:30:00-04:00,2024-09-26 09:35:57-04:00,short,2,2992.0,1000.0,3010.0,490.0,20505.25,20430.25,8.0,tp
2024-09-27 09:30:00-04:00,2024-09-27 10:13:07-04:00,short,2,2992.0,1000.0,3010.0,170.0,20378.75,20303.75,8.0,tp
2024-09-30 09:30:00-04:00,2024-09-30 09:31:36-04:00,short,2,-1018.0,1000.0,400.0,1000.0,20178.75,20204.0,8.0,sl
2024-10-01 09:30:00-04:00,2024-10-01 09:34:00-04:00,short,2,2992.0,1000.0,3010.0,480.0,20254.0,20179.0,8.0,tp
2024-10-02 09:30:00-04:00,2024-10-02 09:42:06-04:00,short,2,2992.0,1000.0,3010.0,970.0,19942.5,19867.5,8.0,tp
2024-10-03 09:30:00-04:00,2024-10-03 09:32:39-04:00,short,2,-1018.0,1000.0,800.0,1000.0,19914.75,19940.0,8.0,sl
2024-10-04 09:30:00-04:00,2024-10-04 09:54:40-04:00,short,2,2992.0,1000.0,3010.0,340.0,20230.5,20155.5,8.0,tp
2024-10-07 09:30:00-04:00,2024-10-07 09:38:42-04:00,short,2,-1018.0,1000.0,910.0,1000.0,20138.25,20163.5,8.0,sl
2024-10-08 09:30:00-04:00,2024-10-08 09:53:03-04:00,short,2,-1018.0,1000.0,1300.0,1000.0,20102.25,20127.5,8.0,sl
2024-10-09 09:30:00-04:00,2024-10-09 10:16:04-04:00,short,2,-1018.0,1000.0,1800.0,1000.0,20283.5,20308.75,8.0,sl
2024-10-10 09:30:00-04:00,2024-10-10 09:32:17-04:00,short,2,-1018.0,1000.0,740.0,1000.0,20359.0,20384.25,8.0,sl
2024-10-11 09:30:00-04:00,2024-10-11 09:51:20-04:00,short,2,-1018.0,1000.0,1060.0,1000.0,20341.25,20366.5,8.0,sl
2024-10-14 09:30:00-04:00,2024-10-14 09:33:18-04:00,short,2,-1018.0,1000.0,350.0,1000.0,20549.75,20575.0,8.0,sl
2024-10-15 09:30:00-04:00,2024-10-15 09:35:21-04:00,short,2,-1018.0,1000.0,1020.0,1000.0,20631.25,20656.5,8.0,sl
2024-10-16 09:30:00-04:00,2024-10-16 09:39:37-04:00,short,2,2992.0,1000.0,3010.0,210.0,20352.0,20277.0,8.0,tp
2024-10-17 09:30:00-04:00,2024-10-17 09:34:09-04:00,short,2,2992.0,1000.0,3010.0,240.0,20570.0,20495.0,8.0,tp
2024-10-18 09:30:00-04:00,2024-10-18 09:42:01-04:00,short,2,-1018.0,1000.0,1090.0,1000.0,20460.25,20485.5,8.0,sl
2024-10-21 09:30:00-04:00,2024-10-21 09:30:50-04:00,short,2,-1018.0,1000.0,10.0,1000.0,20428.75,20454.0,8.0,sl
2024-10-22 09:30:00-04:00,2024-10-22 09:38:55-04:00,short,2,-1018.0,1000.0,1360.0,1000.0,20403.5,20428.75,8.0,sl
2024-10-23 09:30:00-04:00,2024-10-23 09:30:17-04:00,short,2,-1018.0,1000.0,30.0,1000.0,20434.75,20460.0,8.0,sl
2024-10-24 09:30:00-04:00,2024-10-24 09:48:56-04:00,short,2,2992.0,1000.0,3010.0,50.0,20374.25,20299.25,8.0,tp
2024-10-25 09:30:00-04:00,2024-10-25 09:30:22-04:00,short,2,-1018.0,1000.0,20.0,1000.0,20491.0,20516.25,8.0,sl
2024-10-28 09:30:00-04:00,2024-10-28 09:49:12-04:00,short,2,2992.0,1000.0,3010.0,70.0,20624.5,20549.5,8.0,tp
2024-10-29 09:30:00-04:00,2024-10-29 09:35:05-04:00,short,2,2992.0,1000.0,3010.0,700.0,20509.0,20434.0,8.0,tp
2024-10-30 09:30:00-04:00,2024-10-30 09:40:57-04:00,short,2,2992.0,1000.0,3010.0,350.0,20660.5,20585.5,8.0,tp
2024-10-31 09:30:00-04:00,2024-10-31 09:32:37-04:00,short,2,2992.0,1000.0,3010.0,240.0,20363.25,20288.25,8.0,tp
2024-11-01 09:30:00-04:00,2024-11-01 09:31:06-04:00,short,2,-1018.0,1000.0,420.0,1000.0,20068.0,20093.25,8.0,sl
2024-11-04 09:30:00-05:00,2024-11-04 09:34:54-05:00,short,2,2992.0,1000.0,3010.0,840.0,20120.25,20045.25,8.0,tp
2024-11-05 09:30:00-05:00,2024-11-05 09:30:30-05:00,short,2,-1018.0,1000.0,230.0,1000.0,20152.75,20178.0,8.0,sl
2024-11-06 09:30:00-05:00,2024-11-06 09:32:22-05:00,short,2,-1018.0,1000.0,880.0,1000.0,20692.0,20717.25,8.0,sl
2024-11-07 09:30:00-05:00,2024-11-07 09:32:10-05:00,short,2,-1018.0,1000.0,180.0,1000.0,21008.5,21033.75,8.0,sl
2024-11-08 09:30:00-05:00,2024-11-08 09:30:44-05:00,short,2,-1028.0,1000.0,10.0,1010.0,21186.75,21212.25,8.0,sl
2024-11-11 09:30:00-05:00,2024-11-11 09:44:27-05:00,short,2,2992.0,1000.0,3020.0,240.0,21286.75,21211.75,8.0,tp
2024-11-12 09:30:00-05:00,2024-11-12 09:36:32-05:00,short,2,-1018.0,1000.0,1260.0,1000.0,21213.0,21238.25,8.0,sl
2024-11-13 09:30:00-05:00,2024-11-13 10:06:34-05:00,short,2,2992.0,1000.0,3010.0,960.0,21160.5,21085.5,8.0,tp
2024-11-14 09:30:00-05:00,2024-11-14 09:30:32-05:00,short,2,-1018.0,1000.0,70.0,1000.0,21142.75,21168.0,8.0,sl
2024-11-15 09:30:00-05:00,2024-11-15 09:58:27-05:00,short,2,2992.0,1000.0,3010.0,740.0,20755.25,20680.25,8.0,tp
2024-11-18 09:30:00-05:00,2024-11-18 10:04:41-05:00,short,2,-1018.0,1000.0,2240.0,1000.0,20557.0,20582.25,8.0,sl
2024-11-19 09:30:00-05:00,2024-11-19 09:31:31-05:00,short,2,-1018.0,1000.0,340.0,1000.0,20522.0,20547.25,8.0,sl
2024-11-20 09:30:00-05:00,2024-11-20 09:39:05-05:00,short,2,2992.0,1000.0,3010.0,90.0,20753.75,20678.75,8.0,tp
2024-11-21 09:30:00-05:00,2024-11-21 09:31:30-05:00,short,2,-1018.0,1000.0,1030.0,1000.0,20872.75,20898.0,8.0,sl
2024-11-22 09:30:00-05:00,2024-11-22 09:30:16-05:00,short,2,-1018.0,1000.0,430.0,1000.0,20792.5,20817.75,8.0,sl
2024-11-25 09:30:00-05:00,2024-11-25 09:39:44-05:00,short,2,-1018.0,1000.0,2470.0,1000.0,21018.0,21043.25,8.0,sl
2024-11-26 09:30:00-05:00,2024-11-26 09:31:22-05:00,short,2,-1018.0,1000.0,0.0,1000.0,20939.25,20964.5,8.0,sl
2024-11-27 09:30:00-05:00,2024-11-27 09:39:41-05:00,short,2,2992.0,1000.0,3010.0,160.0,20935.5,20860.5,8.0,tp
2024-11-29 09:30:00-05:00,2024-11-29 09:37:49-05:00,short,2,-1018.0,1000.0,1110.0,1000.0,20833.25,20858.5,8.0,sl
2024-12-02 09:30:00-05:00,2024-12-02 09:31:07-05:00,short,2,-1018.0,1000.0,660.0,1000.0,21043.0,21068.25,8.0,sl
2024-12-03 09:30:00-05:00,2024-12-03 09:34:39-05:00,short,2,-1018.0,1000.0,970.0,1000.0,21158.5,21183.75,8.0,sl
2024-12-04 09:30:00-05:00,2024-12-04 10:07:54-05:00,short,2,-1018.0,1000.0,1170.0,1000.0,21417.5,21442.75,8.0,sl
2024-12-05 09:30:00-05:00,2024-12-05 12:15:07-05:00,short,2,-1018.0,1000.0,1950.0,1000.0,21536.5,21561.75,8.0,sl
2024-12-06 09:30:00-05:00,2024-12-06 09:31:33-05:00,short,2,-1018.0,1000.0,290.0,1000.0,21493.25,21518.5,8.0,sl
2024-12-09 09:30:00-05:00,2024-12-09 09:32:27-05:00,short,2,-1018.0,1000.0,1290.0,1000.0,21615.0,21640.25,8.0,sl
2024-12-10 09:30:00-05:00,2024-12-10 09:42:26-05:00,short,2,-1018.0,1000.0,990.0,1000.0,21530.25,21555.5,8.0,sl
2024-12-11 09:30:00-05:00,2024-12-11 09:34:36-05:00,short,2,-1018.0,1000.0,630.0,1000.0,21588.75,21614.0,8.0,sl
2024-12-12 09:30:00-05:00,2024-12-12 10:37:51-05:00,short,2,-1018.0,1000.0,2830.0,1000.0,21695.5,21720.75,8.0,sl
2024-12-13 09:30:00-05:00,2024-12-13 09:35:08-05:00,short,2,-1018.0,1000.0,200.0,1000.0,21795.0,21820.25,8.0,sl
2024-12-16 09:30:00-05:00,2024-12-16 09:31:13-05:00,short,2,-1018.0,1000.0,180.0,1000.0,21900.5,21925.75,8.0,sl
2024-12-17 09:30:00-05:00,2024-12-17 09:44:33-05:00,short,2,-1018.0,1000.0,2280.0,1000.0,22336.5,22361.75,8.0,sl
2024-12-18 09:30:00-05:00,2024-12-18 10:05:35-05:00,short,2,-1018.0,1000.0,2750.0,1000.0,22280.0,22305.25,8.0,sl
2024-12-19 09:30:00-05:00,2024-12-19 09:37:30-05:00,short,2,2992.0,1000.0,3010.0,970.0,21673.5,21598.5,8.0,tp
2024-12-20 09:30:00-05:00,2024-12-20 09:38:30-05:00,short,2,-1018.0,1000.0,1120.0,1000.0,21212.25,21237.5,8.0,sl
2024-12-23 09:30:00-05:00,2024-12-23 09:30:38-05:00,short,2,-1018.0,1000.0,440.0,1000.0,21620.0,21645.25,8.0,sl
2024-12-24 09:30:00-05:00,2024-12-24 09:40:15-05:00,short,2,-1018.0,1000.0,1160.0,1000.0,21828.25,21853.5,8.0,sl
2024-12-26 09:30:00-05:00,2024-12-26 09:32:09-05:00,short,2,-1018.0,1000.0,280.0,1000.0,21963.0,21988.25,8.0,sl
2024-12-27 09:30:00-05:00,2024-12-27 09:34:55-05:00,short,2,2992.0,1000.0,3010.0,610.0,21847.75,21772.75,8.0,tp
2024-12-30 09:30:00-05:00,2024-12-30 09:35:12-05:00,short,2,2992.0,1000.0,3010.0,400.0,21406.0,21331.0,8.0,tp
2024-12-31 09:30:00-05:00,2024-12-31 09:33:38-05:00,short,2,-1018.0,1000.0,990.0,1000.0,21458.0,21483.25,8.0,sl
