uid,period,variant,trades,net,t,net_under_5s,net_without_fast_winners,median_hold_s,dead,central
W-A-GC,build,offA_offx0p5-r1,211,-3294.0,-2.0294946799346563,-1076.0,-10782.0,0.0,False,False
W-A-GC,build,offA_offx0p5-r2,211,-1324.0,-0.5889238109412224,934.0,-11908.0,1.0,False,False
W-A-GC,build,offA_offx0p5-r3,211,346.0,0.12289489802958546,1444.0,-11494.0,2.0,False,False
W-A-GC,build,offA_offx1-r1,211,5466.0,1.8482414070147768,4060.0,-6294.0,8.0,False,False
W-A-GC,build,offA_offx1-r2,211,7586.0,1.7271298664470902,3214.0,-4294.0,39.0,False,False
W-A-GC,build,offA_offx1-r3,211,12026.0,2.1514147943854205,3254.0,106.0,71.0,False,False
W-A-GC,build,offA_offx1p5-r1,211,4916.0,1.1095171392728977,8072.0,-9292.0,54.0,False,False
W-A-GC,build,offA_offx1p5-r2,211,9976.0,1.5351564210443323,7258.0,-3732.0,241.0,False,False
W-A-GC,build,offA_offx1p5-r3,211,9346.0,1.1650271160078438,2166.0,386.0,410.0,False,False
W-A-GC,build,offB_offx0p5-r1,175,-1000.0,-0.4673176944144627,1410.0,-9760.0,3.0,False,False
W-A-GC,build,offB_offx0p5-r2,175,-180.0,-0.05984543456894781,710.0,-9652.0,8.0,False,False
W-A-GC,build,offB_offx0p5-r3,175,860.0,0.2315755281264879,1050.0,-8952.0,10.0,False,False
W-A-GC,build,offB_offx1-r1,175,-350.0,-0.08600355460460594,3826.0,-10118.0,45.0,False,False
W-A-GC,build,offB_offx1-r2,175,3240.0,0.5563191726072345,4472.0,-7488.0,164.0,False,False
W-A-GC,build,offB_offx1-r3,175,3440.0,0.4802481441007967,588.0,-3728.0,286.0,False,False
W-A-GC,build,offB_offx1p5-r1,175,610.0,0.10097645351438034,6954.0,-10540.0,210.0,False,False
W-A-GC,build,offB_offx1p5-r2,175,-1230.0,-0.14633547389566823,3404.0,-9294.0,785.0,False,False
W-A-GC,build,offB_offx1p5-r3,175,790.0,0.07856548506178733,-1968.0,-1902.0,1030.0,False,True
W-A-GC,build,offC_offx0p5-r1,138,-5052.0,-2.018337304115118,632.0,-12108.0,7.5,False,False
W-A-GC,build,offC_offx0p5-r2,138,-1202.0,-0.3430901049211503,2032.0,-10310.0,16.5,False,False
W-A-GC,build,offC_offx0p5-r3,138,-1382.0,-0.3243662269966073,-198.0,-8534.0,25.5,False,False
W-A-GC,build,offC_offx1-r1,138,188.0,0.039243616071426735,6860.0,-9316.0,95.5,False,False
W-A-GC,build,offC_offx1-r2,138,2568.0,0.37672357994395517,3672.0,-4596.0,294.0,False,False
W-A-GC,build,offC_offx1-r3,138,4358.0,0.5190744763584563,96.0,770.0,506.0,False,False
W-A-GC,build,offC_offx1p5-r1,138,-10952.0,-1.5655709798067163,7116.0,-19296.0,639.5,False,False
W-A-GC,build,offC_offx1p5-r2,138,-4152.0,-0.4338304022693586,2360.0,-7740.0,1285.0,False,False
W-A-GC,build,offC_offx1p5-r3,138,-9422.0,-0.8692967455506303,-1228.0,-9422.0,2279.5,False,False
W-A-GC,build,offD_offx0p5-r1,85,640.0,0.2255022399914239,3234.0,-6168.0,14.0,False,False
W-A-GC,build,offD_offx0p5-r2,85,3200.0,0.7756577563940752,2658.0,-3356.0,42.0,False,False
W-A-GC,build,offD_offx0p5-r3,85,2180.0,0.4305399480090257,-2496.0,-508.0,63.0,False,False
W-A-GC,build,offD_offx1-r1,85,2240.0,0.3997470665191105,5308.0,-4316.0,217.0,False,False
W-A-GC,build,offD_offx1-r2,85,5210.0,0.6483439100161175,470.0,2818.0,603.0,False,False
W-A-GC,build,offD_offx1-r3,85,-6420.0,-0.7399947722128986,-1922.0,-6420.0,1227.0,False,False
W-A-GC,build,offD_offx1p5-r1,85,1470.0,0.1798274390369707,1764.0,-1218.0,1399.0,False,False
W-A-GC,build,offD_offx1p5-r2,85,-9560.0,-0.942599769065597,-924.0,-9560.0,3888.0,False,False
W-A-GC,build,offD_offx1p5-r3,85,1070.0,0.08625784335948536,-924.0,1070.0,4559.0,False,False
W-B-GC,build,offA_offx0p5-r1,153,-1022.0,-0.7366482627605031,296.0,-7550.0,0.0,False,False
W-B-GC,build,offA_offx0p5-r2,153,1228.0,0.6249784505251144,2596.0,-8572.0,0.0,False,False
W-B-GC,build,offA_offx0p5-r3,153,2318.0,0.9338076059324105,3708.0,-9226.0,0.0,False,False
W-B-GC,build,offA_offx1-r1,153,3558.0,1.4070563651347894,4804.0,-7418.0,3.0,False,False
W-B-GC,build,offA_offx1-r2,153,7218.0,1.9137905061878961,4346.0,-4266.0,13.0,False,False
W-B-GC,build,offA_offx1-r3,153,9888.0,2.0592893841111715,4186.0,-1436.0,33.0,False,False
W-B-GC,build,offA_offx1p5-r1,153,5448.0,1.4485556980948244,8728.0,-8464.0,13.0,False,False
W-B-GC,build,offA_offx1p5-r2,153,9998.0,1.790118099579329,7614.0,-3114.0,80.0,False,False
W-B-GC,build,offA_offx1p5-r3,153,6518.0,0.9521006544917607,3118.0,-2442.0,213.0,False,False
W-B-GC,build,offB_offx0p5-r1,132,512.0,0.27319140574686596,2342.0,-7664.0,1.0,False,True
W-B-GC,build,offB_offx0p5-r2,132,1852.0,0.6909526938467967,1930.0,-7324.0,3.0,False,False
W-B-GC,build,offB_offx0p5-r3,132,1852.0,0.5614202637608352,2120.0,-7514.0,6.5,False,False
W-B-GC,build,offB_offx1-r1,132,1572.0,0.4445161022926927,4482.0,-7900.0,20.5,False,False
W-B-GC,build,offB_offx1-r2,132,1282.0,0.2545928306074939,4828.0,-8850.0,57.0,False,False
W-B-GC,build,offB_offx1-r3,132,842.0,0.13648487163067646,1540.0,-6326.0,114.0,False,False
W-B-GC,build,offB_offx1p5-r1,132,542.0,0.10317374257865168,6508.0,-10162.0,116.0,False,False
W-B-GC,build,offB_offx1p5-r2,132,-3558.0,-0.492946166824696,3404.0,-11622.0,416.5,False,False
W-B-GC,build,offB_offx1p5-r3,132,-1328.0,-0.15183911711626916,-1968.0,-4020.0,769.0,False,False
W-B-GC,build,offC_offx0p5-r1,112,-3128.0,-1.3694486486319815,1108.0,-9988.0,4.0,False,False
W-B-GC,build,offC_offx0p5-r2,112,-468.0,-0.1466564541741078,2308.0,-9180.0,9.0,False,False
W-B-GC,build,offC_offx0p5-r3,112,-1438.0,-0.3741770800342531,474.0,-8590.0,18.0,False,False
W-B-GC,build,offC_offx1-r1,112,-388.0,-0.0897314171941719,6464.0,-9496.0,51.0,False,False
W-B-GC,build,offC_offx1-r2,112,-1568.0,-0.2590032953753918,3672.0,-8732.0,206.0,False,False
W-B-GC,build,offC_offx1-r3,112,-728.0,-0.09831243575358165,96.0,-4316.0,338.0,False,False
W-B-GC,build,offC_offx1p5-r1,112,-12338.0,-1.968769771840386,7116.0,-20682.0,324.0,False,False
W-B-GC,build,offC_offx1p5-r2,112,-7368.0,-0.8607673907847793,2360.0,-10956.0,1018.0,False,False
W-B-GC,build,offC_offx1p5-r3,112,-15288.0,-1.6187461149249809,-1228.0,-15288.0,1347.0,False,False
W-B-GC,build,offD_offx0p5-r1,77,102.0,0.03768468770202125,2938.0,-6410.0,9.0,False,False
W-B-GC,build,offD_offx0p5-r2,77,2072.0,0.530280384080427,2658.0,-4484.0,30.0,False,False
W-B-GC,build,offD_offx0p5-r3,77,1062.0,0.22254779816174697,-2496.0,-1626.0,42.0,False,False
W-B-GC,build,offD_offx1-r1,77,-1318.0,-0.24656262795053843,5308.0,-7874.0,194.0,False,False
W-B-GC,build,offD_offx1-r2,77,1072.0,0.14252678000907626,470.0,-1320.0,475.0,False,False
W-B-GC,build,offD_offx1-r3,77,-10708.0,-1.3267101338242202,-1922.0,-10708.0,866.0,False,False
W-B-GC,build,offD_offx1p5-r1,77,-2708.0,-0.3466495988943891,1764.0,-5396.0,1313.0,False,False
W-B-GC,build,offD_offx1p5-r2,77,-13578.0,-1.4169595876912986,-924.0,-13578.0,3604.0,False,False
W-B-GC,build,offD_offx1p5-r3,77,-3518.0,-0.2955537451982234,-924.0,-3518.0,4534.0,False,False
W-C-GC,build,offA_offx0p5-r1,90,-1420.0,-1.344471463026706,-888.0,-4684.0,0.0,False,False
W-C-GC,build,offA_offx0p5-r2,90,-190.0,-0.12806785726192008,-758.0,-4110.0,1.0,False,False
W-C-GC,build,offA_offx0p5-r3,90,-500.0,-0.27880727025602786,-964.0,-4348.0,1.5,False,False
W-C-GC,build,offA_offx1-r1,90,2830.0,1.4715801308261405,3148.0,-2070.0,13.0,False,False
W-C-GC,build,offA_offx1-r2,90,3260.0,1.1366551004079581,1020.0,488.0,64.0,False,False
W-C-GC,build,offA_offx1-r3,90,6610.0,1.7849824818908964,632.0,4226.0,137.0,False,False
W-C-GC,build,offA_offx1p5-r1,90,5290.0,1.8646849835235944,3184.0,850.0,72.0,False,False
W-C-GC,build,offA_offx1p5-r2,90,8350.0,1.9423167644502108,1128.0,5966.0,435.0,False,False
W-C-GC,build,offA_offx1p5-r3,90,7460.0,1.4197163850356775,-360.0,6564.0,910.0,False,False
W-C-GC,build,offB_offx0p5-r1,74,-66.0,-0.04755198966868251,622.0,-2986.0,9.0,False,False
W-C-GC,build,offB_offx0p5-r2,74,-1446.0,-0.761222353429967,-574.0,-3518.0,27.5,False,False
W-C-GC,build,offB_offx0p5-r3,74,324.0,0.13429934957938114,-416.0,-1906.0,44.0,False,False
W-C-GC,build,offB_offx1-r1,74,1154.0,0.43808211356751,1758.0,-918.0,139.5,False,False
W-C-GC,build,offB_offx1-r2,74,5874.0,1.5039705132698222,2070.0,3490.0,374.0,False,False
W-C-GC,build,offB_offx1-r3,74,4384.0,0.9289386582355877,-314.0,4384.0,882.5,False,False
W-C-GC,build,offB_offx1p5-r1,74,5054.0,1.3088609872935124,1766.0,2824.0,551.0,False,False
W-C-GC,build,offB_offx1p5-r2,74,3254.0,0.5997838329302102,-464.0,3254.0,1993.5,False,False
W-C-GC,build,offB_offx1p5-r3,74,6764.0,1.0329365803009305,-464.0,6764.0,2657.0,False,False
W-C-GC,build,offC_offx0p5-r1,58,-2422.0,-1.5176317270389763,-1000.0,-3598.0,38.0,False,False
W-C-GC,build,offC_offx0p5-r2,58,-4132.0,-2.0357925836799478,-1202.0,-5320.0,104.5,False,False
W-C-GC,build,offC_offx0p5-r3,58,-3762.0,-1.5291404046371788,-1794.0,-4358.0,149.0,False,False
W-C-GC,build,offC_offx1-r1,58,1098.0,0.35374639286509313,1584.0,-486.0,320.5,False,False
W-C-GC,build,offC_offx1-r2,58,1978.0,0.4466568801021633,0.0,1978.0,1249.0,False,True
W-C-GC,build,offC_offx1-r3,58,4408.0,0.8104720067898797,0.0,4408.0,1740.0,False,False
W-C-GC,build,offC_offx1p5-r1,58,-1612.0,-0.36518360711709336,596.0,-2208.0,1482.0,False,False
W-C-GC,build,offC_offx1p5-r2,58,1888.0,0.3154648246267409,0.0,1888.0,4379.0,False,False
W-C-GC,build,offC_offx1p5-r3,58,4098.0,0.5971926599670121,0.0,4098.0,6176.5,False,False
W-C-GC,build,offD_offx0p5-r1,31,-2504.0,-1.4759249822481533,-1050.0,-2800.0,136.0,False,False
W-C-GC,build,offD_offx0p5-r2,31,-1634.0,-0.6954106591211436,-1346.0,-1634.0,219.0,False,False
W-C-GC,build,offD_offx0p5-r3,31,-2404.0,-0.9237421595489141,-1346.0,-2404.0,229.0,False,False
W-C-GC,build,offD_offx1-r1,31,906.0,0.2715451929232349,0.0,906.0,1620.0,False,False
W-C-GC,build,offD_offx1-r2,31,4526.0,0.9879211027805449,0.0,4526.0,5378.0,False,False
W-C-GC,build,offD_offx1-r3,31,6936.0,1.309742764830381,0.0,6936.0,8816.0,False,False
W-C-GC,build,offD_offx1p5-r1,31,646.0,0.14915437990654826,0.0,646.0,4896.0,False,False
W-C-GC,build,offD_offx1p5-r2,31,5906.0,1.0483201884770528,0.0,5906.0,21197.0,False,False
W-C-GC,build,offD_offx1p5-r3,31,9146.0,1.363388214977543,0.0,9146.0,21278.0,False,False
D-A-GC,build,x0p25_atr1p5-r0,133,-17502.0,-2.116511742155802,-8040.0,-17502.0,1859.0,False,False
D-A-GC,build,x0p25_atr1p5-r1,133,-13662.0,-2.387172242949022,-3004.0,-18444.0,451.0,False,False
D-A-GC,build,x0p25_atr1p5-r2,133,-11642.0,-1.5697095802462235,-4470.0,-15212.0,1224.0,False,False
D-A-GC,build,x0p25_atr1p5-r3,133,-11962.0,-1.4591897446354485,-5598.0,-14404.0,1343.0,False,False
D-A-GC,build,x0p25_atr3-r0,133,-23242.0,-2.0281694611132037,-5588.0,-23242.0,21927.0,False,False
D-A-GC,build,x0p25_atr3-r1,133,-21082.0,-2.1251930072078764,-2018.0,-24652.0,4504.0,False,False
D-A-GC,build,x0p25_atr3-r2,133,-19632.0,-1.7028440131382834,-5588.0,-19632.0,9540.0,False,False
D-A-GC,build,x0p25_atr3-r3,133,-21092.0,-1.7907701560126108,-5588.0,-21092.0,13160.0,False,False
D-A-GC,build,x0p25_pts2-r0,133,-13232.0,-2.4772770072525687,-9084.0,-13232.0,69.0,False,False
D-A-GC,build,x0p25_pts2-r1,133,-3792.0,-1.579419706421177,-3114.0,-8692.0,6.0,False,False
D-A-GC,build,x0p25_pts2-r2,133,-4402.0,-1.3486074032932822,-3722.0,-9550.0,18.0,False,False
D-A-GC,build,x0p25_pts2-r3,133,-9402.0,-2.5919147013729926,-3506.0,-14766.0,26.0,False,False
D-A-GC,build,x0p25_pts3-r0,133,-17122.0,-2.6539818285272125,-8060.0,-17122.0,448.0,False,False
D-A-GC,build,x0p25_pts3-r1,133,-4772.0,-1.3487790764996765,-2400.0,-9804.0,24.0,False,False
D-A-GC,build,x0p25_pts3-r2,133,-10722.0,-2.3294460383827804,-2696.0,-16086.0,130.0,False,False
D-A-GC,build,x0p25_pts3-r3,133,-10652.0,-1.9368559641770058,-2684.0,-16028.0,203.0,False,False
D-A-GC,build,x0p25_pts5-r0,133,-21232.0,-2.6427101379321933,-7226.0,-21232.0,1947.0,False,False
D-A-GC,build,x0p25_pts5-r1,133,-12412.0,-2.1750251637536064,-1770.0,-17868.0,400.0,False,False
D-A-GC,build,x0p25_pts5-r2,133,-13432.0,-1.7939189419154653,-3242.0,-17416.0,1224.0,False,False
D-A-GC,build,x0p25_pts5-r3,133,-7212.0,-0.8118200054241527,-4234.0,-10204.0,1401.0,False,False
D-A-GC,build,x0p25_pts7-r0,133,-23672.0,-2.3777012325850317,-5028.0,-23672.0,7579.0,False,False
D-A-GC,build,x0p25_pts7-r1,133,-16512.0,-2.1132368479026256,-156.0,-21384.0,1599.0,False,False
D-A-GC,build,x0p25_pts7-r2,133,-11072.0,-1.0986410588385405,-2236.0,-13864.0,4032.0,False,False
D-A-GC,build,x0p25_pts7-r3,133,-22232.0,-2.200713585476704,-5028.0,-22232.0,5413.0,False,False
D-A-GC,build,x0p25_pct0p1-r0,133,-11662.0,-2.1968382557572284,-8604.0,-11662.0,59.0,False,False
D-A-GC,build,x0p25_pct0p1-r1,133,-3092.0,-1.3706411839640753,-2632.0,-8024.0,5.0,False,False
D-A-GC,build,x0p25_pct0p1-r2,133,-3902.0,-1.2718616544167378,-3612.0,-8680.0,17.0,False,False
D-A-GC,build,x0p25_pct0p1-r3,133,-6312.0,-1.7772848377062587,-2910.0,-11792.0,24.0,False,False
D-A-GC,build,x0p25_pct0p2-r0,133,-16232.0,-2.2428770549161205,-6618.0,-16232.0,1065.0,False,False
D-A-GC,build,x0p25_pct0p2-r1,133,-6612.0,-1.5183664480780386,-1464.0,-11766.0,83.0,False,False
D-A-GC,build,x0p25_pct0p2-r2,133,-9922.0,-1.7219888673214514,-2222.0,-14318.0,486.0,False,False
D-A-GC,build,x0p25_pct0p2-r3,133,-8552.0,-1.232829728241936,-4436.0,-10734.0,614.0,False,False
D-A-GC,build,x0p5_atr1p5-r0,151,-16404.0,-1.8549504278799953,-9576.0,-16404.0,2616.0,False,False
D-A-GC,build,x0p5_atr1p5-r1,151,-7534.0,-1.2408817449584437,-2736.0,-14120.0,235.0,False,False
D-A-GC,build,x0p5_atr1p5-r2,151,-6904.0,-0.8717482381041699,-4314.0,-12166.0,916.0,False,False
D-A-GC,build,x0p5_atr1p5-r3,151,-7674.0,-0.8662102774210503,-6238.0,-11012.0,1443.0,False,False
D-A-GC,build,x0p5_atr3-r0,151,-20724.0,-1.7578030345067404,-6926.0,-20724.0,26878.0,False,False
D-A-GC,build,x0p5_atr3-r1,151,-14084.0,-1.3406739771044638,-1664.0,-19346.0,4289.0,False,False
D-A-GC,build,x0p5_atr3-r2,151,-12914.0,-1.0587285262496975,-6926.0,-12914.0,9900.0,False,False
D-A-GC,build,x0p5_atr3-r3,151,-16984.0,-1.3715319002752717,-6926.0,-16984.0,19800.0,False,False
D-A-GC,build,x0p5_pts2-r0,151,-13324.0,-2.4056245684070534,-11090.0,-13324.0,82.0,False,False
D-A-GC,build,x0p5_pts2-r1,151,-3144.0,-1.2280612899767809,-2476.0,-10200.0,4.0,False,False
D-A-GC,build,x0p5_pts2-r2,151,-2814.0,-0.7928560907089308,-4124.0,-9546.0,14.0,False,False
D-A-GC,build,x0p5_pts2-r3,151,-7634.0,-1.8816651491953764,-3108.0,-15382.0,26.0,False,False
D-A-GC,build,x0p5_pts3-r0,151,-19284.0,-2.8034974184808292,-9650.0,-19284.0,486.0,False,False
D-A-GC,build,x0p5_pts3-r1,151,-4934.0,-1.3092374447553605,-2814.0,-11446.0,18.0,False,False
D-A-GC,build,x0p5_pts3-r2,151,-10014.0,-2.004057178662508,-1902.0,-17762.0,104.0,False,False
D-A-GC,build,x0p5_pts3-r3,151,-9074.0,-1.5007782462828836,-2482.0,-16242.0,213.0,False,False
D-A-GC,build,x0p5_pts5-r0,151,-20534.0,-2.3567116108586914,-9826.0,-20534.0,3086.0,False,False
D-A-GC,build,x0p5_pts5-r1,151,-7524.0,-1.222227017006946,-2386.0,-14964.0,240.0,False,False
D-A-GC,build,x0p5_pts5-r2,151,-6704.0,-0.8092543350312457,-4846.0,-11684.0,1105.0,False,False
D-A-GC,build,x0p5_pts5-r3,151,-4854.0,-0.5054996425635936,-6834.0,-7846.0,1797.0,False,False
D-A-GC,build,x0p5_pts7-r0,151,-23744.0,-2.242450244929141,-7914.0,-23744.0,7701.0,False,False
D-A-GC,build,x0p5_pts7-r1,151,-14164.0,-1.6921010905365454,-258.0,-21820.0,1471.0,False,False
D-A-GC,build,x0p5_pts7-r2,151,-9104.0,-0.8430663866066331,-5122.0,-11896.0,4032.0,False,False
D-A-GC,build,x0p5_pts7-r3,151,-20664.0,-1.8783345030366838,-7914.0,-20664.0,5399.0,False,False
D-A-GC,build,x0p5_pct0p1-r0,151,-12524.0,-2.305092638762852,-10480.0,-12524.0,68.0,False,False
D-A-GC,build,x0p5_pct0p1-r1,151,-2794.0,-1.160855961528788,-1838.0,-9948.0,3.0,False,False
D-A-GC,build,x0p5_pct0p1-r2,151,-1574.0,-0.46679799012438755,-3102.0,-8718.0,14.0,False,False
D-A-GC,build,x0p5_pct0p1-r3,151,-5104.0,-1.3004886895006524,-2422.0,-12928.0,24.0,False,False
D-A-GC,build,x0p5_pct0p2-r0,151,-17604.0,-2.273321918635293,-9326.0,-17604.0,1352.0,False,False
D-A-GC,build,x0p5_pct0p2-r1,151,-3634.0,-0.778610904172565,-1806.0,-11154.0,70.0,False,False
D-A-GC,build,x0p5_pct0p2-r2,151,-4334.0,-0.675301258219143,-1776.0,-11884.0,407.0,False,False
D-A-GC,build,x0p5_pct0p2-r3,151,-5234.0,-0.6811005106328487,-5908.0,-8652.0,539.0,False,False
D-A-GC,build,x1_atr1p5-r0,178,-28422.0,-2.9894254700113017,-7432.0,-28422.0,2368.5,False,False
D-A-GC,build,x1_atr1p5-r1,178,-12822.0,-1.9499721959106981,676.0,-20506.0,223.0,False,False
D-A-GC,build,x1_atr1p5-r2,178,-16442.0,-1.948381877138241,-3158.0,-20292.0,781.0,False,False
D-A-GC,build,x1_atr1p5-r3,178,-17572.0,-1.864780483533233,-6546.0,-18458.0,1327.0,False,False
D-A-GC,build,x1_atr3-r0,178,-26862.0,-1.98918143493284,-3196.0,-26862.0,26874.0,False,False
D-A-GC,build,x1_atr3-r1,178,-17152.0,-1.51556601991677,654.0,-21002.0,4275.0,False,False
D-A-GC,build,x1_atr3-r2,178,-21172.0,-1.607675129800744,-3196.0,-21172.0,8898.0,False,False
D-A-GC,build,x1_atr3-r3,178,-24912.0,-1.8454689584672237,-3196.0,-24912.0,19022.0,False,False
D-A-GC,build,x1_pts2-r0,178,-18862.0,-3.5656386554647255,-9562.0,-18862.0,121.0,False,False
D-A-GC,build,x1_pts2-r1,178,108.0,0.03894827991481177,-240.0,-8124.0,6.0,False,False
D-A-GC,build,x1_pts2-r2,178,-2452.0,-0.6342814048696017,-1022.0,-10768.0,23.0,False,False
D-A-GC,build,x1_pts2-r3,178,-7672.0,-1.7203617371780542,-2186.0,-14824.0,53.5,False,False
D-A-GC,build,x1_pts3-r0,178,-25142.0,-3.5426906618445306,-9356.0,-25142.0,425.0,False,False
D-A-GC,build,x1_pts3-r1,178,-2462.0,-0.6003561306779275,-1050.0,-10454.0,31.0,False,False
D-A-GC,build,x1_pts3-r2,178,-12462.0,-2.3009520550242946,-1890.0,-19614.0,115.0,False,False
D-A-GC,build,x1_pts3-r3,178,-13582.0,-2.118998958210715,-5458.0,-17166.0,203.5,False,False
D-A-GC,build,x1_pts5-r0,178,-33402.0,-3.6281520886172904,-5704.0,-33402.0,2576.0,False,False
D-A-GC,build,x1_pts5-r1,178,-14142.0,-2.1172209092862326,1736.0,-21582.0,416.5,False,False
D-A-GC,build,x1_pts5-r2,178,-20382.0,-2.366043626203151,-2716.0,-23370.0,1104.0,False,False
D-A-GC,build,x1_pts5-r3,178,-17392.0,-1.7478913473416158,-5704.0,-17392.0,1567.0,False,False
D-A-GC,build,x1_pts7-r0,178,-36022.0,-3.1804570495082336,-2152.0,-36022.0,7519.5,False,False
D-A-GC,build,x1_pts7-r1,178,-16872.0,-1.8555095968097304,4808.0,-23832.0,1858.0,False,False
D-A-GC,build,x1_pts7-r2,178,-16302.0,-1.40156426549507,-2152.0,-16302.0,4516.0,False,False
D-A-GC,build,x1_pts7-r3,178,-32682.0,-2.81882955089364,-2152.0,-32682.0,5849.0,False,False
D-A-GC,build,x1_pct0p1-r0,178,-18232.0,-3.529633028697677,-9908.0,-18232.0,95.0,False,False
D-A-GC,build,x1_pct0p1-r1,178,-312.0,-0.11966686227476246,-230.0,-8960.0,4.0,False,False
D-A-GC,build,x1_pct0p1-r2,178,-3862.0,-1.0769742573116514,-1998.0,-11548.0,18.5,False,False
D-A-GC,build,x1_pct0p1-r3,178,-6112.0,-1.442131644870313,-1950.0,-13846.0,29.0,False,False
D-A-GC,build,x1_pct0p2-r0,178,-27482.0,-3.542051710101882,-7082.0,-27482.0,1031.5,False,False
D-A-GC,build,x1_pct0p2-r1,178,-6302.0,-1.2414482240647386,1384.0,-14344.0,104.5,False,False
D-A-GC,build,x1_pct0p2-r2,178,-7922.0,-1.1504837869698004,-850.0,-13730.0,368.5,False,False
D-A-GC,build,x1_pct0p2-r3,178,-14712.0,-1.8651494551616732,-5040.0,-16754.0,512.5,False,False
D-A-GC,build,x2_atr1p5-r0,207,-14738.0,-1.0917476175965264,-3382.0,-14738.0,3594.0,False,False
D-A-GC,build,x2_atr1p5-r1,207,-6508.0,-0.9135792729899108,1934.0,-11390.0,366.0,False,False
D-A-GC,build,x2_atr1p5-r2,207,-14688.0,-1.6077221696003527,-1326.0,-16310.0,1245.0,False,False
D-A-GC,build,x2_atr1p5-r3,207,-12468.0,-1.1634767775582286,-3382.0,-12468.0,1867.0,False,False
D-A-GC,build,x2_atr3-r0,207,-14558.0,-0.8635122880615663,-3306.0,-14558.0,26876.0,False,False
D-A-GC,build,x2_atr3-r1,207,-17488.0,-1.42542204972909,-1684.0,-19110.0,4288.0,False,False
D-A-GC,build,x2_atr3-r2,207,-18328.0,-1.233171445628431,-3306.0,-18328.0,9161.0,False,False
D-A-GC,build,x2_atr3-r3,207,-19718.0,-1.2454559191081982,-3306.0,-19718.0,15997.0,False,False
D-A-GC,build,x2_pts2-r0,207,-8458.0,-0.9370085581052628,-7502.0,-8458.0,168.0,False,False
D-A-GC,build,x2_pts2-r1,207,1612.0,0.5402206231699662,806.0,-6228.0,10.0,False,False
D-A-GC,build,x2_pts2-r2,207,412.0,0.0970726820067847,-3288.0,-3548.0,52.0,False,False
D-A-GC,build,x2_pts2-r3,207,-4228.0,-0.8419307364177705,-4268.0,-7208.0,77.0,False,False
D-A-GC,build,x2_pts3-r0,207,-3678.0,-0.3029641233226067,-6430.0,-3678.0,789.0,False,False
D-A-GC,build,x2_pts3-r1,207,3742.0,0.8512074240077618,396.0,-2770.0,40.0,False,False
D-A-GC,build,x2_pts3-r2,207,-6068.0,-0.9943230477077911,-3136.0,-9048.0,218.0,False,False
D-A-GC,build,x2_pts3-r3,207,-7938.0,-1.089738948655726,-4324.0,-9730.0,407.0,False,False
D-A-GC,build,x2_pts5-r0,207,-10108.0,-0.7315029908475376,-3124.0,-10108.0,4058.0,False,False
D-A-GC,build,x2_pts5-r1,207,-3758.0,-0.5193034758285132,872.0,-7230.0,685.0,False,False
D-A-GC,build,x2_pts5-r2,207,-11138.0,-1.142755663595956,-2128.0,-12134.0,1889.0,False,False
D-A-GC,build,x2_pts5-r3,207,-6528.0,-0.569402878947601,-3124.0,-6528.0,2720.0,False,False
D-A-GC,build,x2_pts7-r0,207,-20618.0,-1.3246961475692376,-2876.0,-20618.0,7496.0,False,False
D-A-GC,build,x2_pts7-r1,207,-18798.0,-1.9069506108689716,-1484.0,-20190.0,1861.0,False,False
D-A-GC,build,x2_pts7-r2,207,-19218.0,-1.5125815558419935,-2876.0,-19218.0,4095.0,False,False
D-A-GC,build,x2_pts7-r3,207,-25088.0,-1.8244925090950996,-2876.0,-25088.0,5697.0,False,False
D-A-GC,build,x2_pct0p1-r0,207,-13488.0,-1.7000297660799408,-8306.0,-13488.0,105.0,False,False
D-A-GC,build,x2_pct0p1-r1,207,102.0,0.03626164874590392,-2.0,-7580.0,8.0,False,True
D-A-GC,build,x2_pct0p1-r2,207,-1738.0,-0.4413468929643173,-4116.0,-5674.0,31.0,False,False
D-A-GC,build,x2_pct0p1-r3,207,-5128.0,-1.0999156890640098,-5352.0,-7828.0,59.0,False,False
D-A-GC,build,x2_pct0p2-r0,207,-7698.0,-0.6048406932713242,-4668.0,-7698.0,1750.0,False,False
D-A-GC,build,x2_pct0p2-r1,207,-1048.0,-0.1906997629869535,58.0,-5340.0,146.0,False,False
D-A-GC,build,x2_pct0p2-r2,207,-4848.0,-0.6393715759743146,-2126.0,-6956.0,486.0,False,False
D-A-GC,build,x2_pct0p2-r3,207,-10538.0,-1.1828325450353685,-3672.0,-11534.0,899.0,False,False
D-A-GC,build,x5_atr1p5-r0,218,-10522.0,-0.7970991557422357,-3826.0,-10522.0,3343.0,False,False
D-A-GC,build,x5_atr1p5-r1,218,-13702.0,-1.8838089420951831,-1730.0,-15798.0,389.0,False,False
D-A-GC,build,x5_atr1p5-r2,218,-13482.0,-1.4375934512547812,-3826.0,-13482.0,1087.5,False,False
D-A-GC,build,x5_atr1p5-r3,218,-8322.0,-0.7529304531845415,-3826.0,-8322.0,1925.0,False,False
D-A-GC,build,x5_atr3-r0,218,-12622.0,-0.7646223975207198,-5074.0,-12622.0,26874.0,False,False
D-A-GC,build,x5_atr3-r1,218,-15672.0,-1.2593390966330569,-5074.0,-15672.0,4391.5,False,False
D-A-GC,build,x5_atr3-r2,218,-16822.0,-1.1309378149752571,-5074.0,-16822.0,11787.0,False,False
D-A-GC,build,x5_atr3-r3,218,-16062.0,-1.022946085614848,-5074.0,-16062.0,21484.5,False,False
D-A-GC,build,x5_pts2-r0,218,-12192.0,-1.4813106984770692,-6526.0,-12192.0,89.0,False,False
D-A-GC,build,x5_pts2-r1,218,-5232.0,-1.7098449872648305,-1626.0,-10132.0,19.0,False,False
D-A-GC,build,x5_pts2-r2,218,-5582.0,-1.3271497714068996,-4546.0,-7562.0,55.5,False,False
D-A-GC,build,x5_pts2-r3,218,-12232.0,-2.554616827764323,-6526.0,-12232.0,74.0,False,False
D-A-GC,build,x5_pts3-r0,218,-4542.0,-0.4077793839145345,-4556.0,-4542.0,815.5,False,False
D-A-GC,build,x5_pts3-r1,218,-5192.0,-1.1482178650414785,-2484.0,-7264.0,81.5,False,False
D-A-GC,build,x5_pts3-r2,218,-7662.0,-1.2313263940869825,-4556.0,-7662.0,245.0,False,False
D-A-GC,build,x5_pts3-r3,218,-5712.0,-0.7548267357720103,-4556.0,-5712.0,311.0,False,False
D-A-GC,build,x5_pts5-r0,218,-13382.0,-1.0107826358171297,-4202.0,-13382.0,3634.0,False,False
D-A-GC,build,x5_pts5-r1,218,-11472.0,-1.5484082056337904,-3210.0,-12464.0,578.0,False,False
D-A-GC,build,x5_pts5-r2,218,-16332.0,-1.6731861656670015,-4202.0,-16332.0,1916.0,False,False
D-A-GC,build,x5_pts5-r3,218,-14132.0,-1.2381120624756907,-4202.0,-14132.0,2805.0,False,False
D-A-GC,build,x5_pts7-r0,218,-14942.0,-0.96970722240337,-3600.0,-14942.0,8558.5,False,False
D-A-GC,build,x5_pts7-r1,218,-19742.0,-1.9462301302641254,-3600.0,-19742.0,1779.5,False,False
D-A-GC,build,x5_pts7-r2,218,-19192.0,-1.4855053964157965,-3600.0,-19192.0,4519.5,False,False
D-A-GC,build,x5_pts7-r3,218,-18382.0,-1.315349760944398,-3600.0,-18382.0,7133.0,False,False
D-A-GC,build,x5_pct0p1-r0,218,-10542.0,-1.2931317340573674,-6724.0,-10542.0,84.0,False,False
D-A-GC,build,x5_pct0p1-r1,218,-5342.0,-1.8587269352218672,-1686.0,-10380.0,15.0,False,False
D-A-GC,build,x5_pct0p1-r2,218,-5792.0,-1.4741696884408482,-4964.0,-7552.0,39.0,False,False
D-A-GC,build,x5_pct0p1-r3,218,-9702.0,-2.120593064364353,-6198.0,-10228.0,65.0,False,False
D-A-GC,build,x5_pct0p2-r0,218,-1372.0,-0.10947705443983839,-3496.0,-1372.0,1755.5,False,False
D-A-GC,build,x5_pct0p2-r1,218,-6782.0,-1.2069005014492655,-1380.0,-8898.0,142.5,False,False
D-A-GC,build,x5_pct0p2-r2,218,-8992.0,-1.1725129678680348,-3496.0,-8992.0,515.5,False,False
D-A-GC,build,x5_pct0p2-r3,218,-5982.0,-0.6463282782862709,-3496.0,-5982.0,927.0,False,False
D-A-GC,build,x15_atr1p5-r0,222,-1728.0,-0.12648209619134448,-1406.0,-1728.0,3727.0,False,False
D-A-GC,build,x15_atr1p5-r1,222,-8008.0,-1.082478795656043,-518.0,-8896.0,535.5,False,False
D-A-GC,build,x15_atr1p5-r2,222,-7108.0,-0.7313297389940386,-1406.0,-7108.0,1734.5,False,False
D-A-GC,build,x15_atr1p5-r3,222,-2658.0,-0.23543528879826472,-1406.0,-2658.0,2731.0,False,False
D-A-GC,build,x15_atr3-r0,222,-3768.0,-0.22019767337386084,0.0,-3768.0,26864.0,False,False
D-A-GC,build,x15_atr3-r1,222,-4788.0,-0.36626849841148845,0.0,-4788.0,4327.5,False,False
D-A-GC,build,x15_atr3-r2,222,-4718.0,-0.30178247476111886,0.0,-4718.0,10316.0,False,False
D-A-GC,build,x15_atr3-r3,222,-5628.0,-0.3412583246818837,0.0,-5628.0,19711.5,False,False
D-A-GC,build,x15_pts2-r0,222,-3368.0,-0.3443232254414328,-3006.0,-3368.0,187.0,False,False
D-A-GC,build,x15_pts2-r1,222,-1338.0,-0.4355164265072178,-458.0,-3886.0,40.5,False,False
D-A-GC,build,x15_pts2-r2,222,-4988.0,-1.1760977456975918,-2610.0,-5384.0,107.5,False,False
D-A-GC,build,x15_pts2-r3,222,-3728.0,-0.7178694975543425,-3006.0,-3728.0,147.5,False,False
D-A-GC,build,x15_pts3-r0,222,1612.0,0.13495692786504218,-1894.0,1612.0,891.0,False,False
D-A-GC,build,x15_pts3-r1,222,-3248.0,-0.7129150916574641,-1302.0,-3840.0,131.5,False,False
D-A-GC,build,x15_pts3-r2,222,-3008.0,-0.471512290041865,-1894.0,-3008.0,334.5,False,False
D-A-GC,build,x15_pts3-r3,222,-6668.0,-0.8851308927741754,-1894.0,-6668.0,642.5,False,False
D-A-GC,build,x15_pts5-r0,222,-6758.0,-0.48727051194074844,0.0,-6758.0,3836.5,False,False
D-A-GC,build,x15_pts5-r1,222,-7278.0,-0.9672788950672581,0.0,-7278.0,756.5,False,False
D-A-GC,build,x15_pts5-r2,222,-11658.0,-1.1649199981252683,0.0,-11658.0,2121.0,False,False
D-A-GC,build,x15_pts5-r3,222,-7028.0,-0.5936256434525727,0.0,-7028.0,3047.0,False,False
D-A-GC,build,x15_pts7-r0,222,-468.0,-0.029655266662571678,0.0,-468.0,10287.0,False,False
D-A-GC,build,x15_pts7-r1,222,-6788.0,-0.6605605205655571,0.0,-6788.0,2315.0,False,False
D-A-GC,build,x15_pts7-r2,222,-1728.0,-0.1300220092597987,0.0,-1728.0,5420.0,False,False
D-A-GC,build,x15_pts7-r3,222,-4828.0,-0.3395876647679342,0.0,-4828.0,8164.0,False,False
D-A-GC,build,x15_pct0p1-r0,222,-7478.0,-0.8432561437778319,-3224.0,-7478.0,166.5,False,False
D-A-GC,build,x15_pct0p1-r1,222,-1008.0,-0.3513494039834728,-856.0,-3376.0,34.0,False,False
D-A-GC,build,x15_pct0p1-r2,222,-5498.0,-1.3956619713945333,-2522.0,-6200.0,92.0,False,False
D-A-GC,build,x15_pct0p1-r3,222,-3138.0,-0.6433969917795738,-3224.0,-3138.0,119.0,False,False
D-A-GC,build,x15_pct0p2-r0,222,912.0,0.07186494655912448,-828.0,912.0,1870.5,False,False
D-A-GC,build,x15_pct0p2-r1,222,-6368.0,-1.1236476340517219,-126.0,-7070.0,295.5,False,False
D-A-GC,build,x15_pct0p2-r2,222,-2538.0,-0.32130988165738905,-828.0,-2538.0,723.0,False,False
D-A-GC,build,x15_pct0p2-r3,222,-6178.0,-0.6697131358627209,-828.0,-6178.0,1234.5,False,False
D-A-GC,build,x60_atr1p5-r0,219,5904.0,0.40648879583200376,0.0,5904.0,4038.0,False,False
D-A-GC,build,x60_atr1p5-r1,219,-226.0,-0.030887048050231736,0.0,-226.0,731.0,False,False
D-A-GC,build,x60_atr1p5-r2,219,-6836.0,-0.6979492374182951,0.0,-6836.0,1795.0,False,False
D-A-GC,build,x60_atr1p5-r3,219,3794.0,0.3225206521882713,0.0,3794.0,2829.0,False,False
D-A-GC,build,x60_atr3-r0,219,-36.0,-0.002066037480836267,0.0,-36.0,26819.0,False,False
D-A-GC,build,x60_atr3-r1,219,-6866.0,-0.533219578196908,0.0,-6866.0,4444.0,False,False
D-A-GC,build,x60_atr3-r2,219,2604.0,0.1624961373603865,0.0,2604.0,8972.0,False,False
D-A-GC,build,x60_atr3-r3,219,-3476.0,-0.2075528082297933,0.0,-3476.0,20503.0,False,False
D-A-GC,build,x60_pts2-r0,219,6684.0,0.5990500704941998,-428.0,6684.0,315.0,False,False
D-A-GC,build,x60_pts2-r1,219,-146.0,-0.04803345457330486,944.0,-1518.0,87.0,False,False
D-A-GC,build,x60_pts2-r2,219,-7856.0,-1.908545360238836,-428.0,-7856.0,187.0,False,False
D-A-GC,build,x60_pts2-r3,219,-5586.0,-1.0997809824918279,-428.0,-5586.0,261.0,False,False
D-A-GC,build,x60_pts3-r0,219,6104.0,0.48293557322404185,0.0,6104.0,1150.0,False,False
D-A-GC,build,x60_pts3-r1,219,-4126.0,-0.91223639293996,592.0,-4718.0,197.0,False,False
D-A-GC,build,x60_pts3-r2,219,-7736.0,-1.2441535802827708,0.0,-7736.0,548.0,False,False
D-A-GC,build,x60_pts3-r3,219,-7836.0,-1.0481254806240636,0.0,-7836.0,787.0,False,False
D-A-GC,build,x60_pts5-r0,219,7854.0,0.5364603612325929,0.0,7854.0,4382.0,False,False
D-A-GC,build,x60_pts5-r1,219,-2766.0,-0.37134868952328726,0.0,-2766.0,963.0,False,False
D-A-GC,build,x60_pts5-r2,219,-6756.0,-0.6698339615542919,0.0,-6756.0,2750.0,False,False
D-A-GC,build,x60_pts5-r3,219,3964.0,0.32568117581247136,0.0,3964.0,3548.0,False,False
D-A-GC,build,x60_pts7-r0,219,1564.0,0.09718448125746107,0.0,1564.0,9461.0,False,False
D-A-GC,build,x60_pts7-r1,219,-9076.0,-0.8978662743939011,0.0,-9076.0,2273.0,False,False
D-A-GC,build,x60_pts7-r2,219,3024.0,0.2230722618333195,0.0,3024.0,4454.0,False,False
D-A-GC,build,x60_pts7-r3,219,-4636.0,-0.32452503869227667,0.0,-4636.0,7204.0,False,False
D-A-GC,build,x60_pct0p1-r0,219,8634.0,0.7781566138924574,-582.0,8634.0,275.0,False,False
D-A-GC,build,x60_pct0p1-r1,219,-506.0,-0.17787124339949792,1082.0,-2170.0,73.0,False,False
D-A-GC,build,x60_pct0p1-r2,219,-7846.0,-2.0395225479966523,-582.0,-7846.0,141.0,False,False
D-A-GC,build,x60_pct0p1-r3,219,-4356.0,-0.9065891790281677,-582.0,-4356.0,197.0,False,False
D-A-GC,build,x60_pct0p2-r0,219,11364.0,0.8406019351826743,0.0,11364.0,2816.0,False,False
D-A-GC,build,x60_pct0p2-r1,219,-5976.0,-1.0640654075874532,0.0,-5976.0,470.0,False,False
D-A-GC,build,x60_pct0p2-r2,219,-2226.0,-0.2844958440973642,0.0,-2226.0,865.0,False,False
D-A-GC,build,x60_pct0p2-r3,219,354.0,0.03719360908159307,0.0,354.0,1503.0,False,False
D-B-GC,build,x0p25_atr1p5-r0,90,-9230.0,-1.2951271201341708,-7556.0,-9230.0,1222.5,False,False
D-B-GC,build,x0p25_atr1p5-r1,90,-5220.0,-1.0906360665337098,-2520.0,-10002.0,95.0,False,False
D-B-GC,build,x0p25_atr1p5-r2,90,-1950.0,-0.3043693527268838,-3986.0,-5520.0,249.0,False,False
D-B-GC,build,x0p25_atr1p5-r3,90,-4670.0,-0.6743574653205943,-5114.0,-7112.0,535.5,False,False
D-B-GC,build,x0p25_atr3-r0,90,-15750.0,-1.6392063988133976,-4644.0,-15750.0,12030.5,False,False
D-B-GC,build,x0p25_atr3-r1,90,-10310.0,-1.230183225029929,-1074.0,-13880.0,3345.0,False,False
D-B-GC,build,x0p25_atr3-r2,90,-13200.0,-1.3907822385357045,-4644.0,-13200.0,5941.0,False,False
D-B-GC,build,x0p25_atr3-r3,90,-13600.0,-1.3618137666780616,-4644.0,-13600.0,8641.0,False,False
D-B-GC,build,x0p25_pts2-r0,90,-9720.0,-2.187069849122839,-7162.0,-9720.0,15.5,False,False
D-B-GC,build,x0p25_pts2-r1,90,-2570.0,-1.3111008258273544,-1584.0,-7078.0,3.0,False,False
D-B-GC,build,x0p25_pts2-r2,90,-2300.0,-0.8508855953193943,-1800.0,-7448.0,4.5,False,False
D-B-GC,build,x0p25_pts2-r3,90,-5650.0,-1.862546374136245,-1584.0,-11014.0,7.0,False,False
D-B-GC,build,x0p25_pts3-r0,90,-12000.0,-2.190591443878861,-7018.0,-12000.0,161.0,False,False
D-B-GC,build,x0p25_pts3-r1,90,-2150.0,-0.7364395289940865,-1358.0,-7182.0,11.0,False,False
D-B-GC,build,x0p25_pts3-r2,90,-5310.0,-1.3654179981684778,-1654.0,-10674.0,19.5,False,False
D-B-GC,build,x0p25_pts3-r3,90,-4310.0,-0.9111386350156923,-1642.0,-9686.0,33.0,False,False
D-B-GC,build,x0p25_pts5-r0,90,-15520.0,-2.2843831306330515,-6692.0,-15520.0,1478.0,False,False
D-B-GC,build,x0p25_pts5-r1,90,-4350.0,-0.910362593751748,-1236.0,-9806.0,115.0,False,False
D-B-GC,build,x0p25_pts5-r2,90,-7470.0,-1.1858621915832248,-2708.0,-11454.0,526.0,False,False
D-B-GC,build,x0p25_pts5-r3,90,-2660.0,-0.3505928201825532,-3700.0,-5652.0,740.5,False,False
D-B-GC,build,x0p25_pts7-r0,90,-15740.0,-1.865636008009479,-4304.0,-15740.0,6458.5,False,False
D-B-GC,build,x0p25_pts7-r1,90,-8150.0,-1.2498399080136233,568.0,-13022.0,1241.5,False,False
D-B-GC,build,x0p25_pts7-r2,90,-3760.0,-0.4407564219998325,-1512.0,-6552.0,3741.5,False,False
D-B-GC,build,x0p25_pts7-r3,90,-15160.0,-1.8044875101023818,-4304.0,-15160.0,5016.5,False,False
D-B-GC,build,x0p25_pct0p1-r0,90,-8650.0,-1.957268389435939,-6782.0,-8650.0,15.5,False,False
D-B-GC,build,x0p25_pct0p1-r1,90,-1860.0,-1.01171335178261,-1378.0,-6224.0,2.5,False,False
D-B-GC,build,x0p25_pct0p1-r2,90,-1830.0,-0.7200451371642026,-1790.0,-6608.0,4.5,False,False
D-B-GC,build,x0p25_pct0p1-r3,90,-2720.0,-0.901980657251975,-1088.0,-8200.0,5.5,False,False
D-B-GC,build,x0p25_pct0p2-r0,90,-10330.0,-1.6661781977956989,-5800.0,-10330.0,673.5,False,False
D-B-GC,build,x0p25_pct0p2-r1,90,-1280.0,-0.35620101043884767,-646.0,-6434.0,24.5,False,False
D-B-GC,build,x0p25_pct0p2-r2,90,-4000.0,-0.8231118350720509,-1404.0,-8396.0,113.5,False,False
D-B-GC,build,x0p25_pct0p2-r3,90,-2360.0,-0.3969573056824184,-3618.0,-4542.0,198.0,False,False
D-B-GC,build,x0p5_atr1p5-r0,108,-10562.0,-1.3581295585873567,-9092.0,-10562.0,2194.0,False,False
D-B-GC,build,x0p5_atr1p5-r1,108,-2832.0,-0.5490370539447984,-2252.0,-9418.0,45.0,False,False
D-B-GC,build,x0p5_atr1p5-r2,108,78.0,0.011206846931021273,-3830.0,-5184.0,260.5,False,False
D-B-GC,build,x0p5_atr1p5-r3,108,-2262.0,-0.2919069616093872,-5754.0,-5600.0,741.5,False,False
D-B-GC,build,x0p5_atr3-r0,108,-15992.0,-1.604039024449517,-5982.0,-15992.0,19023.5,False,False
D-B-GC,build,x0p5_atr3-r1,108,-6072.0,-0.6733327892332398,-720.0,-11334.0,2210.5,False,False
D-B-GC,build,x0p5_atr3-r2,108,-9242.0,-0.8995354165330065,-5982.0,-9242.0,6310.5,False,False
D-B-GC,build,x0p5_atr3-r3,108,-12252.0,-1.1483749919530644,-5982.0,-12252.0,9570.0,False,False
D-B-GC,build,x0p5_pts2-r0,108,-9782.0,-2.0891875790050545,-8730.0,-9782.0,41.0,False,False
D-B-GC,build,x0p5_pts2-r1,108,-1492.0,-0.6936584071845314,-704.0,-7960.0,2.0,False,False
D-B-GC,build,x0p5_pts2-r2,108,-692.0,-0.22812112742107535,-1764.0,-7424.0,4.0,False,False
D-B-GC,build,x0p5_pts2-r3,108,-3862.0,-1.0951762203826494,-748.0,-11610.0,6.0,False,False
D-B-GC,build,x0p5_pts3-r0,108,-13352.0,-2.223155338605645,-8598.0,-13352.0,234.0,False,False
D-B-GC,build,x0p5_pts3-r1,108,-3522.0,-1.1055228095174934,-2058.0,-9738.0,8.0,False,False
D-B-GC,build,x0p5_pts3-r2,108,-4592.0,-1.0585590858530298,-850.0,-12340.0,18.0,False,False
D-B-GC,build,x0p5_pts3-r3,108,-2722.0,-0.5097795401412556,-1430.0,-9890.0,76.0,False,False
D-B-GC,build,x0p5_pts5-r0,108,-17462.0,-2.325669183095309,-9292.0,-17462.0,2440.0,False,False
D-B-GC,build,x0p5_pts5-r1,108,-2522.0,-0.4802986184604192,-1852.0,-9962.0,72.5,False,False
D-B-GC,build,x0p5_pts5-r2,108,-4692.0,-0.6589732869882723,-4312.0,-9672.0,434.5,False,False
D-B-GC,build,x0p5_pts5-r3,108,-2942.0,-0.35111387721041754,-6300.0,-5934.0,915.0,False,False
D-B-GC,build,x0p5_pts7-r0,108,-18812.0,-2.0596655960408925,-7190.0,-18812.0,6427.5,False,False
D-B-GC,build,x0p5_pts7-r1,108,-9522.0,-1.33637253488951,466.0,-17178.0,1171.0,False,False
D-B-GC,build,x0p5_pts7-r2,108,-4802.0,-0.5129553675542801,-4398.0,-7594.0,2740.5,False,False
D-B-GC,build,x0p5_pts7-r3,108,-16592.0,-1.7593325973455665,-7190.0,-16592.0,4628.0,False,False
D-B-GC,build,x0p5_pct0p1-r0,108,-9542.0,-2.087312748607559,-8280.0,-9542.0,35.5,False,False
D-B-GC,build,x0p5_pct0p1-r1,108,-1232.0,-0.6086634600730401,-206.0,-7818.0,1.5,False,False
D-B-GC,build,x0p5_pct0p1-r2,108,-132.0,-0.04591787929453076,-902.0,-7276.0,4.0,False,False
D-B-GC,build,x0p5_pct0p1-r3,108,-1552.0,-0.45116749411304446,-222.0,-9376.0,5.0,False,False
D-B-GC,build,x0p5_pct0p2-r0,108,-12862.0,-1.9153406821113816,-8508.0,-12862.0,776.5,False,False
D-B-GC,build,x0p5_pct0p2-r1,108,-552.0,-0.13965907142547027,-988.0,-8072.0,21.0,False,False
D-B-GC,build,x0p5_pct0p2-r2,108,-1702.0,-0.3100569433385232,-958.0,-9252.0,118.5,False,False
D-B-GC,build,x0p5_pct0p2-r3,108,-1632.0,-0.24530372454114005,-5090.0,-5050.0,218.0,False,False
D-B-GC,build,x1_atr1p5-r0,126,-17324.0,-2.0419089602233664,-6948.0,-17324.0,1936.5,False,False
D-B-GC,build,x1_atr1p5-r1,126,-4924.0,-0.8878478936945572,1160.0,-12608.0,51.0,False,False
D-B-GC,build,x1_atr1p5-r2,126,-4664.0,-0.6346460271115972,-2674.0,-8514.0,310.5,False,False
D-B-GC,build,x1_atr1p5-r3,126,-7004.0,-0.845384283098567,-6062.0,-7890.0,675.5,False,False
D-B-GC,build,x1_atr3-r0,126,-16924.0,-1.426166448131896,-2252.0,-16924.0,26031.5,False,False
D-B-GC,build,x1_atr3-r1,126,-5234.0,-0.542721009761823,1598.0,-9084.0,2533.0,False,False
D-B-GC,build,x1_atr3-r2,126,-12064.0,-1.063599649878497,-2252.0,-12064.0,6819.5,False,False
D-B-GC,build,x1_atr3-r3,126,-14974.0,-1.2627863581570988,-2252.0,-14974.0,12014.5,False,False
D-B-GC,build,x1_pts2-r0,126,-13354.0,-2.923183188678861,-7864.0,-13354.0,53.5,False,False
D-B-GC,build,x1_pts2-r1,126,776.0,0.33491222738588144,478.0,-6476.0,3.0,False,False
D-B-GC,build,x1_pts2-r2,126,1556.0,0.46652935711505716,280.0,-6364.0,11.0,False,False
D-B-GC,build,x1_pts2-r3,126,-2824.0,-0.7247898439614496,-488.0,-9976.0,15.5,False,False
D-B-GC,build,x1_pts3-r0,126,-16424.0,-2.576919699615041,-8314.0,-16424.0,166.5,False,False
D-B-GC,build,x1_pts3-r1,126,546.0,0.15833923844709655,-304.0,-7150.0,10.5,False,False
D-B-GC,build,x1_pts3-r2,126,-4224.0,-0.8891332957908716,-848.0,-11376.0,35.5,False,False
D-B-GC,build,x1_pts3-r3,126,-5624.0,-0.9979317552633098,-4416.0,-9208.0,100.0,False,False
D-B-GC,build,x1_pts5-r0,126,-22844.0,-2.788816587405137,-5170.0,-22844.0,2439.5,False,False
D-B-GC,build,x1_pts5-r1,126,-4224.0,-0.7423593470121124,2270.0,-11664.0,142.5,False,False
D-B-GC,build,x1_pts5-r2,126,-10694.0,-1.4385879603278962,-2182.0,-13682.0,602.5,False,False
D-B-GC,build,x1_pts5-r3,126,-8154.0,-0.9283699578433463,-5170.0,-8154.0,999.0,False,False
D-B-GC,build,x1_pts7-r0,126,-23034.0,-2.3064129901734685,-1428.0,-23034.0,7580.5,False,False
D-B-GC,build,x1_pts7-r1,126,-5954.0,-0.7707550321705166,5532.0,-12914.0,1218.5,False,False
D-B-GC,build,x1_pts7-r2,126,-5144.0,-0.509117975734958,-1428.0,-5144.0,3603.5,False,False
D-B-GC,build,x1_pts7-r3,126,-20234.0,-1.9882213008595004,-1428.0,-20234.0,4882.5,False,False
D-B-GC,build,x1_pct0p1-r0,126,-13324.0,-3.0031841986284697,-8270.0,-13324.0,42.0,False,False
D-B-GC,build,x1_pct0p1-r1,126,-334.0,-0.15319170831230042,-236.0,-7338.0,2.0,False,False
D-B-GC,build,x1_pct0p1-r2,126,-594.0,-0.19325258421098085,-360.0,-8280.0,6.0,False,False
D-B-GC,build,x1_pct0p1-r3,126,-1494.0,-0.40246469706659665,-312.0,-9228.0,12.5,False,False
D-B-GC,build,x1_pct0p2-r0,126,-19774.0,-2.917413592684432,-6668.0,-19774.0,767.0,False,False
D-B-GC,build,x1_pct0p2-r1,126,166.0,0.03878662461681137,1798.0,-7876.0,26.5,False,False
D-B-GC,build,x1_pct0p2-r2,126,-1874.0,-0.3166207669664117,-436.0,-7682.0,161.0,False,False
D-B-GC,build,x1_pct0p2-r3,126,-8204.0,-1.2113227893777834,-4626.0,-10246.0,221.5,False,False
D-B-GC,build,x2_atr1p5-r0,147,-11598.0,-1.0053650525809323,-2898.0,-11598.0,2877.0,False,False
D-B-GC,build,x2_atr1p5-r1,147,-1598.0,-0.26749675140953016,2418.0,-6480.0,105.0,False,False
D-B-GC,build,x2_atr1p5-r2,147,-6888.0,-0.8836878616388408,-842.0,-8510.0,698.0,False,False
D-B-GC,build,x2_atr1p5-r3,147,-5348.0,-0.5755114179958705,-2898.0,-5348.0,1314.0,False,False
D-B-GC,build,x2_atr3-r0,147,-9248.0,-0.6340588632492314,-2362.0,-9248.0,26874.0,False,False
D-B-GC,build,x2_atr3-r1,147,-7878.0,-0.7597973535593748,-740.0,-9500.0,2689.0,False,False
D-B-GC,build,x2_atr3-r2,147,-11898.0,-0.9436308743338447,-2362.0,-11898.0,8770.0,False,False
D-B-GC,build,x2_atr3-r3,147,-13388.0,-0.9799894974385616,-2362.0,-13388.0,14396.0,False,False
D-B-GC,build,x2_pts2-r0,147,-6518.0,-0.8285268280505853,-6660.0,-6518.0,77.0,False,False
D-B-GC,build,x2_pts2-r1,147,302.0,0.12031228988280886,668.0,-6558.0,7.0,False,False
D-B-GC,build,x2_pts2-r2,147,3082.0,0.8485557040338808,-2446.0,-878.0,21.0,False,False
D-B-GC,build,x2_pts2-r3,147,-1718.0,-0.40059649385406076,-3426.0,-4698.0,34.0,False,False
D-B-GC,build,x2_pts3-r0,147,-2598.0,-0.2505328861516124,-5388.0,-2598.0,534.0,False,False
D-B-GC,build,x2_pts3-r1,147,4382.0,1.1881141634656887,1142.0,-1834.0,21.0,False,False
D-B-GC,build,x2_pts3-r2,147,-778.0,-0.1481275740925251,-2094.0,-3758.0,119.0,False,False
D-B-GC,build,x2_pts3-r3,147,-3688.0,-0.5911578239981958,-3282.0,-5480.0,218.0,False,False
D-B-GC,build,x2_pts5-r0,147,-8638.0,-0.7265221339057497,-2590.0,-8638.0,3708.0,False,False
D-B-GC,build,x2_pts5-r1,147,2302.0,0.37729226160031876,1406.0,-1170.0,300.0,False,False
D-B-GC,build,x2_pts5-r2,147,-7228.0,-0.8707764960804286,-1594.0,-8224.0,1118.0,False,False
D-B-GC,build,x2_pts5-r3,147,-2078.0,-0.20725848939128352,-2590.0,-2078.0,1959.0,False,False
D-B-GC,build,x2_pts7-r0,147,-11818.0,-0.8694989266176645,-2152.0,-11818.0,7446.0,False,False
D-B-GC,build,x2_pts7-r1,147,-9158.0,-1.0945410429338023,-760.0,-10550.0,1346.0,False,False
D-B-GC,build,x2_pts7-r2,147,-7088.0,-0.6368679563877832,-2152.0,-7088.0,3623.0,False,False
D-B-GC,build,x2_pts7-r3,147,-14358.0,-1.191187217045416,-2152.0,-14358.0,5401.0,False,False
D-B-GC,build,x2_pct0p1-r0,147,-11338.0,-1.7100412059641357,-7106.0,-11338.0,48.0,False,False
D-B-GC,build,x2_pct0p1-r1,147,-398.0,-0.16860227289899957,42.0,-6924.0,6.0,False,False
D-B-GC,build,x2_pct0p1-r2,147,712.0,0.21233027868067286,-2916.0,-3224.0,17.0,False,False
D-B-GC,build,x2_pct0p1-r3,147,-2758.0,-0.6967030163804486,-4152.0,-5458.0,27.0,False,False
D-B-GC,build,x2_pct0p2-r0,147,-7308.0,-0.6738385287250654,-4254.0,-7308.0,1150.0,False,False
D-B-GC,build,x2_pct0p2-r1,147,4082.0,0.8862600464091849,472.0,-210.0,58.0,False,False
D-B-GC,build,x2_pct0p2-r2,147,-1578.0,-0.24455724276288784,-1712.0,-3686.0,334.0,False,False
D-B-GC,build,x2_pct0p2-r3,147,-7268.0,-0.9659345188936262,-3258.0,-8264.0,549.0,False,False
D-B-GC,build,x5_atr1p5-r0,153,-19932.0,-1.8857083006471518,-3342.0,-19932.0,1943.0,False,False
D-B-GC,build,x5_atr1p5-r1,153,-16852.0,-2.82630800178543,-1246.0,-18948.0,161.0,False,False
D-B-GC,build,x5_atr1p5-r2,153,-15012.0,-1.954037143400525,-3342.0,-15012.0,546.0,False,False
D-B-GC,build,x5_atr1p5-r3,153,-13632.0,-1.5120904596391689,-3342.0,-13632.0,916.0,False,False
D-B-GC,build,x5_atr3-r0,153,-21332.0,-1.5435075342640563,-4130.0,-21332.0,22715.0,False,False
D-B-GC,build,x5_atr3-r1,153,-15952.0,-1.5279766440681088,-4130.0,-15952.0,3601.0,False,False
D-B-GC,build,x5_atr3-r2,153,-24712.0,-2.0358579368948866,-4130.0,-24712.0,9243.0,False,False
D-B-GC,build,x5_atr3-r3,153,-24202.0,-1.8565459859378615,-4130.0,-24202.0,14778.0,False,False
D-B-GC,build,x5_pts2-r0,153,-18662.0,-3.2061452627311264,-5898.0,-18662.0,57.0,False,False
D-B-GC,build,x5_pts2-r1,153,-6282.0,-2.4839587223906334,-1586.0,-10594.0,12.0,False,False
D-B-GC,build,x5_pts2-r2,153,-6712.0,-1.9663296134752315,-3918.0,-8692.0,25.0,False,False
D-B-GC,build,x5_pts2-r3,153,-13502.0,-3.6859299436905664,-5898.0,-13502.0,41.0,False,False
D-B-GC,build,x5_pts3-r0,153,-9522.0,-1.0211760329719133,-4142.0,-9522.0,306.0,False,False
D-B-GC,build,x5_pts3-r1,153,-4812.0,-1.272527659006765,-2070.0,-6884.0,33.0,False,False
D-B-GC,build,x5_pts3-r2,153,-7172.0,-1.3926376298216356,-4142.0,-7172.0,130.0,False,False
D-B-GC,build,x5_pts3-r3,153,-5952.0,-0.9555308283780578,-4142.0,-5952.0,206.0,False,False
D-B-GC,build,x5_pts5-r0,153,-22532.0,-2.123544603543334,-3668.0,-22532.0,2441.0,False,False
D-B-GC,build,x5_pts5-r1,153,-11662.0,-1.880680007236346,-2676.0,-12654.0,295.0,False,False
D-B-GC,build,x5_pts5-r2,153,-20232.0,-2.5649554093570357,-3668.0,-20232.0,1002.0,False,False
D-B-GC,build,x5_pts5-r3,153,-21562.0,-2.3611549191598504,-3668.0,-21562.0,1457.0,False,False
D-B-GC,build,x5_pts7-r0,153,-19832.0,-1.5309904863253276,-2876.0,-19832.0,6118.0,False,False
D-B-GC,build,x5_pts7-r1,153,-18652.0,-2.1955867309542243,-2876.0,-18652.0,1247.0,False,False
D-B-GC,build,x5_pts7-r2,153,-20962.0,-1.9371034730495655,-2876.0,-20962.0,3821.0,False,False
D-B-GC,build,x5_pts7-r3,153,-21972.0,-1.883047764322247,-2876.0,-21972.0,5394.0,False,False
D-B-GC,build,x5_pct0p1-r0,153,-16832.0,-2.905777999949435,-6096.0,-16832.0,52.0,False,False
D-B-GC,build,x5_pct0p1-r1,153,-5972.0,-2.5117339438874575,-1802.0,-10266.0,9.0,False,False
D-B-GC,build,x5_pct0p1-r2,153,-6282.0,-1.9640224966432087,-4336.0,-8042.0,22.0,False,False
D-B-GC,build,x5_pct0p1-r3,153,-10812.0,-3.0308942743873146,-5570.0,-11338.0,36.0,False,False
D-B-GC,build,x5_pct0p2-r0,153,-10172.0,-1.0137656701262705,-3082.0,-10172.0,866.0,False,False
D-B-GC,build,x5_pct0p2-r1,153,-5162.0,-1.0966807348050152,-966.0,-7278.0,73.0,False,False
D-B-GC,build,x5_pct0p2-r2,153,-10552.0,-1.680267810846562,-3082.0,-10552.0,300.0,False,False
D-B-GC,build,x5_pct0p2-r3,153,-9442.0,-1.2553805533724554,-3082.0,-9442.0,496.0,False,False
D-B-GC,build,x15_atr1p5-r0,155,-10530.0,-0.9609875690845053,-1406.0,-10530.0,2769.0,False,False
D-B-GC,build,x15_atr1p5-r1,155,-10650.0,-1.7381909846750996,-518.0,-11538.0,239.0,False,False
D-B-GC,build,x15_atr1p5-r2,155,-9250.0,-1.1684572816322358,-1406.0,-9250.0,1005.0,False,False
D-B-GC,build,x15_atr1p5-r3,155,-9180.0,-1.015760090775503,-1406.0,-9180.0,1433.0,False,False
D-B-GC,build,x15_atr3-r0,155,-10600.0,-0.7390693615564655,0.0,-10600.0,26863.0,False,False
D-B-GC,build,x15_atr3-r1,155,-5470.0,-0.4989239112328611,0.0,-5470.0,3846.0,False,False
D-B-GC,build,x15_atr3-r2,155,-10770.0,-0.8340899160876785,0.0,-10770.0,9423.0,False,False
D-B-GC,build,x15_atr3-r3,155,-12160.0,-0.883320106770946,0.0,-12160.0,14624.0,False,False
D-B-GC,build,x15_pts2-r0,155,-7100.0,-0.8815517672720489,-2792.0,-7100.0,154.0,False,False
D-B-GC,build,x15_pts2-r1,155,-1340.0,-0.5207754987855285,-244.0,-3888.0,24.0,False,False
D-B-GC,build,x15_pts2-r2,155,-5890.0,-1.6986063145006556,-2396.0,-6286.0,58.0,False,False
D-B-GC,build,x15_pts2-r3,155,-5580.0,-1.3315496888059057,-2792.0,-5580.0,107.0,False,False
D-B-GC,build,x15_pts3-r0,155,-4230.0,-0.44434861969869494,-1894.0,-4230.0,639.0,False,False
D-B-GC,build,x15_pts3-r1,155,-2340.0,-0.6139760333295706,-1302.0,-2932.0,73.0,False,False
D-B-GC,build,x15_pts3-r2,155,-2880.0,-0.5426998095917802,-1894.0,-2880.0,234.0,False,False
D-B-GC,build,x15_pts3-r3,155,-5410.0,-0.8657339657189004,-1894.0,-5410.0,370.0,False,False
D-B-GC,build,x15_pts5-r0,155,-12660.0,-1.126858715618711,0.0,-12660.0,2923.0,False,False
D-B-GC,build,x15_pts5-r1,155,-5970.0,-0.9477331745733549,0.0,-5970.0,551.0,False,False
D-B-GC,build,x15_pts5-r2,155,-9950.0,-1.1875129213514537,0.0,-9950.0,1238.0,False,False
D-B-GC,build,x15_pts5-r3,155,-12290.0,-1.2834866289213849,0.0,-12290.0,2120.0,False,False
D-B-GC,build,x15_pts7-r0,155,-7830.0,-0.5915958245414599,0.0,-7830.0,8572.0,False,False
D-B-GC,build,x15_pts7-r1,155,-9140.0,-1.057732863454468,0.0,-9140.0,1605.0,False,False
D-B-GC,build,x15_pts7-r2,155,-8280.0,-0.7486036256166527,0.0,-8280.0,4618.0,False,False
D-B-GC,build,x15_pts7-r3,155,-8850.0,-0.7298115324011851,0.0,-8850.0,6068.0,False,False
D-B-GC,build,x15_pct0p1-r0,155,-8120.0,-1.0838775321800407,-3040.0,-8120.0,139.0,False,False
D-B-GC,build,x15_pct0p1-r1,155,-130.0,-0.054195499910296804,-672.0,-2498.0,18.0,False,False
D-B-GC,build,x15_pct0p1-r2,155,-5620.0,-1.7384193940989254,-2338.0,-6322.0,50.0,False,False
D-B-GC,build,x15_pct0p1-r3,155,-4040.0,-1.013167274310677,-3040.0,-4040.0,92.0,False,False
D-B-GC,build,x15_pct0p2-r0,155,-8140.0,-0.8158574324508159,-828.0,-8140.0,1156.0,False,False
D-B-GC,build,x15_pct0p2-r1,155,-6720.0,-1.4219418956192862,-126.0,-7422.0,164.0,False,False
D-B-GC,build,x15_pct0p2-r2,155,-6910.0,-1.0770717444028792,-828.0,-6910.0,406.0,False,False
D-B-GC,build,x15_pct0p2-r3,155,-9620.0,-1.305393913945251,-828.0,-9620.0,799.0,False,False
D-B-GC,build,x60_atr1p5-r0,155,-4600.0,-0.39044466795036237,0.0,-4600.0,3361.0,False,False
D-B-GC,build,x60_atr1p5-r1,155,-2470.0,-0.4041203945546105,0.0,-2470.0,490.0,False,False
D-B-GC,build,x60_atr1p5-r2,155,-8220.0,-1.0165187509115572,0.0,-8220.0,949.0,False,False
D-B-GC,build,x60_atr1p5-r3,155,-3010.0,-0.31348205335216506,0.0,-3010.0,1706.0,False,False
D-B-GC,build,x60_atr3-r0,155,-12920.0,-0.8924600402855359,0.0,-12920.0,19834.0,False,False
D-B-GC,build,x60_atr3-r1,155,-11610.0,-1.0741966992596945,0.0,-11610.0,3790.0,False,False
D-B-GC,build,x60_atr3-r2,155,-8800.0,-0.6646745897026123,0.0,-8800.0,7592.0,False,False
D-B-GC,build,x60_atr3-r3,155,-15950.0,-1.1529447682920586,0.0,-15950.0,13113.0,False,False
D-B-GC,build,x60_pts2-r0,155,-1190.0,-0.13498903676182042,-428.0,-1190.0,269.0,False,False
D-B-GC,build,x60_pts2-r1,155,-2840.0,-1.1099474678106889,944.0,-4212.0,70.0,False,False
D-B-GC,build,x60_pts2-r2,155,-8180.0,-2.4333847818239085,-428.0,-8180.0,136.0,False,False
D-B-GC,build,x60_pts2-r3,155,-8890.0,-2.22368363237611,-428.0,-8890.0,191.0,False,False
D-B-GC,build,x60_pts3-r0,155,-4070.0,-0.4027548962429269,0.0,-4070.0,690.0,False,False
D-B-GC,build,x60_pts3-r1,155,-5380.0,-1.4166792867513758,592.0,-5972.0,153.0,False,False
D-B-GC,build,x60_pts3-r2,155,-12210.0,-2.455913602214231,0.0,-12210.0,359.0,False,False
D-B-GC,build,x60_pts3-r3,155,-11560.0,-1.9309008317400285,0.0,-11560.0,548.0,False,False
D-B-GC,build,x60_pts5-r0,155,-4610.0,-0.38822501458446346,0.0,-4610.0,3650.0,False,False
D-B-GC,build,x60_pts5-r1,155,-5940.0,-0.9482824990910075,0.0,-5940.0,729.0,False,False
D-B-GC,build,x60_pts5-r2,155,-11190.0,-1.3502207847207652,0.0,-11190.0,1597.0,False,False
D-B-GC,build,x60_pts5-r3,155,-6240.0,-0.6318115597488935,0.0,-6240.0,2109.0,False,False
D-B-GC,build,x60_pts7-r0,155,-9990.0,-0.7502380992143752,0.0,-9990.0,8201.0,False,False
D-B-GC,build,x60_pts7-r1,155,-13620.0,-1.6074305830472593,0.0,-13620.0,1611.0,False,False
D-B-GC,build,x60_pts7-r2,155,-6390.0,-0.5670687592692298,0.0,-6390.0,3840.0,False,False
D-B-GC,build,x60_pts7-r3,155,-12660.0,-1.0624710289105685,0.0,-12660.0,5474.0,False,False
D-B-GC,build,x60_pct0p1-r0,155,20.0,0.0022825327033048895,-582.0,20.0,211.0,False,True
D-B-GC,build,x60_pct0p1-r1,155,-1970.0,-0.8216590754523845,896.0,-3448.0,55.0,False,False
D-B-GC,build,x60_pct0p1-r2,155,-7640.0,-2.4210566249459715,-582.0,-7640.0,121.0,False,False
D-B-GC,build,x60_pct0p1-r3,155,-7530.0,-1.9798403081422,-582.0,-7530.0,152.0,False,False
D-B-GC,build,x60_pct0p2-r0,155,-1210.0,-0.1124461971905948,0.0,-1210.0,1789.0,False,False
D-B-GC,build,x60_pct0p2-r1,155,-6150.0,-1.3044185143071947,0.0,-6150.0,343.0,False,False
D-B-GC,build,x60_pct0p2-r2,155,-5620.0,-0.8667002238526325,0.0,-5620.0,674.0,False,False
D-B-GC,build,x60_pct0p2-r3,155,-5990.0,-0.7799959203257043,0.0,-5990.0,926.0,False,False
D-C-GC,build,x0p25_atr1p5-r0,89,10534.0,1.1009238703891162,-1248.0,10534.0,17177.0,False,False
D-C-GC,build,x0p25_atr1p5-r1,89,2374.0,0.40250339209419445,-326.0,1452.0,1633.0,False,False
D-C-GC,build,x0p25_atr1p5-r2,89,1604.0,0.22091193580357937,-1248.0,1604.0,5540.0,False,False
D-C-GC,build,x0p25_atr1p5-r3,89,5534.0,0.662198562542396,-1248.0,5534.0,11414.0,False,False
D-C-GC,build,x0p25_atr3-r0,89,8244.0,0.7695108074239435,0.0,8244.0,21479.0,False,False
D-C-GC,build,x0p25_atr3-r1,89,-1506.0,-0.18031359446635456,0.0,-1506.0,21479.0,False,False
D-C-GC,build,x0p25_atr3-r2,89,4874.0,0.49074076859905175,0.0,4874.0,21479.0,False,False
D-C-GC,build,x0p25_atr3-r3,89,7814.0,0.7370285713806731,0.0,7814.0,21479.0,False,False
D-C-GC,build,x0p25_pts2-r0,89,1874.0,0.30558078518788334,-2364.0,1874.0,267.0,False,False
D-C-GC,build,x0p25_pts2-r1,89,-2266.0,-1.1668819661844205,-582.0,-3834.0,30.0,False,False
D-C-GC,build,x0p25_pts2-r2,89,444.0,0.15973475581688898,-1572.0,-348.0,68.0,False,False
D-C-GC,build,x0p25_pts2-r3,89,-446.0,-0.13249701560017674,-1768.0,-1042.0,114.0,False,False
D-C-GC,build,x0p25_pts3-r0,89,3584.0,0.4881270730628731,-1266.0,3584.0,927.0,False,False
D-C-GC,build,x0p25_pts3-r1,89,-2946.0,-1.0208943842919282,-378.0,-3834.0,100.0,False,False
D-C-GC,build,x0p25_pts3-r2,89,-416.0,-0.10219201830103042,-670.0,-1012.0,374.0,False,False
D-C-GC,build,x0p25_pts3-r3,89,-1506.0,-0.3161860631083714,-1266.0,-1506.0,492.0,False,False
D-C-GC,build,x0p25_pts5-r0,89,7594.0,0.8438005777478871,-1028.0,7594.0,6677.0,False,False
D-C-GC,build,x0p25_pts5-r1,89,-356.0,-0.07533977775293746,-36.0,-1348.0,998.0,False,False
D-C-GC,build,x0p25_pts5-r2,89,-1466.0,-0.23735771294919353,-1028.0,-1466.0,3103.0,False,False
D-C-GC,build,x0p25_pts5-r3,89,624.0,0.08761876891129007,-1028.0,624.0,4895.0,False,False
D-C-GC,build,x0p25_pts7-r0,89,10044.0,1.044120807951846,-754.0,10044.0,21479.0,False,False
D-C-GC,build,x0p25_pts7-r1,89,-1206.0,-0.19590578561996255,-58.0,-1902.0,3998.0,False,False
D-C-GC,build,x0p25_pts7-r2,89,1894.0,0.24736148628667048,-754.0,1894.0,12321.0,False,False
D-C-GC,build,x0p25_pts7-r3,89,7654.0,0.8573777977430136,-754.0,7654.0,17289.0,False,False
D-C-GC,build,x0p25_pct0p1-r0,89,2884.0,0.4732479893231578,-2164.0,2884.0,147.0,False,False
D-C-GC,build,x0p25_pct0p1-r1,89,-1786.0,-0.9807885434933163,-346.0,-3410.0,23.0,False,False
D-C-GC,build,x0p25_pct0p1-r2,89,-356.0,-0.1384629768600831,-1402.0,-1118.0,48.0,False,False
D-C-GC,build,x0p25_pct0p1-r3,89,154.0,0.04847180778691459,-1568.0,-442.0,91.0,False,False
D-C-GC,build,x0p25_pct0p2-r0,89,8684.0,1.0136211826568844,-1202.0,8684.0,3496.0,False,False
D-C-GC,build,x0p25_pct0p2-r1,89,904.0,0.2522516843534689,-440.0,142.0,247.0,False,False
D-C-GC,build,x0p25_pct0p2-r2,89,-826.0,-0.16620992262075812,-406.0,-1622.0,857.0,False,False
D-C-GC,build,x0p25_pct0p2-r3,89,-6.0,-0.0010257267227251413,-1202.0,-6.0,2066.0,False,False
D-C-GC,build,x0p5_atr1p5-r0,91,14236.0,1.4070374078945007,-1582.0,14236.0,15088.0,False,False
D-C-GC,build,x0p5_atr1p5-r1,91,-424.0,-0.07161595464708709,-234.0,-1772.0,1266.0,False,False
D-C-GC,build,x0p5_atr1p5-r2,91,3366.0,0.450164154736457,-1582.0,3366.0,4449.0,False,False
D-C-GC,build,x0p5_atr1p5-r3,91,7376.0,0.8632472426852169,-1582.0,7376.0,9300.0,False,False
D-C-GC,build,x0p5_atr3-r0,91,11216.0,1.0003982565234733,-684.0,11216.0,21479.0,False,False
D-C-GC,build,x0p5_atr3-r1,91,-474.0,-0.055548886411957384,-684.0,-474.0,21479.0,False,False
D-C-GC,build,x0p5_atr3-r2,91,6376.0,0.6289005009425317,-684.0,6376.0,21479.0,False,False
D-C-GC,build,x0p5_atr3-r3,91,10266.0,0.9352385538068374,-684.0,10266.0,21479.0,False,False
D-C-GC,build,x0p5_pts2-r0,91,13706.0,1.7843720702449304,-2140.0,13706.0,365.0,False,False
D-C-GC,build,x0p5_pts2-r1,91,166.0,0.08435014522949881,-376.0,-1598.0,31.0,False,False
D-C-GC,build,x0p5_pts2-r2,91,3056.0,1.061964871767649,-952.0,1868.0,89.0,False,False
D-C-GC,build,x0p5_pts2-r3,91,4786.0,1.3092597048005359,-948.0,3594.0,167.0,False,False
D-C-GC,build,x0p5_pts3-r0,91,9896.0,1.2134148504417632,-1256.0,9896.0,1055.0,False,False
D-C-GC,build,x0p5_pts3-r1,91,-1124.0,-0.3842134449182821,224.0,-2604.0,101.0,False,False
D-C-GC,build,x0p5_pts3-r2,91,1706.0,0.40773519919311685,-64.0,514.0,422.0,False,False
D-C-GC,build,x0p5_pts3-r3,91,1806.0,0.358084749652126,-1256.0,1806.0,508.0,False,False
D-C-GC,build,x0p5_pts5-r0,91,12206.0,1.275527817261051,-1572.0,12206.0,6496.0,False,False
D-C-GC,build,x0p5_pts5-r1,91,-2244.0,-0.4709753866390241,-84.0,-3732.0,837.0,False,False
D-C-GC,build,x0p5_pts5-r2,91,-484.0,-0.07715612896663743,-1572.0,-484.0,2645.0,False,False
D-C-GC,build,x0p5_pts5-r3,91,4116.0,0.551195098534946,-1572.0,4116.0,4194.0,False,False
D-C-GC,build,x0p5_pts7-r0,91,13326.0,1.3060868083094244,-1458.0,13326.0,21479.0,False,False
D-C-GC,build,x0p5_pts7-r1,91,-1874.0,-0.2962679576885564,-66.0,-3266.0,2176.0,False,False
D-C-GC,build,x0p5_pts7-r2,91,3716.0,0.46608374229703703,-1458.0,3716.0,10923.0,False,False
D-C-GC,build,x0p5_pts7-r3,91,9986.0,1.074043671722318,-1458.0,9986.0,14418.0,False,False
D-C-GC,build,x0p5_pct0p1-r0,91,8406.0,1.207173830119231,-2184.0,8406.0,168.0,False,False
D-C-GC,build,x0p5_pct0p1-r1,91,-634.0,-0.34405679764420166,6.0,-2630.0,29.0,False,False
D-C-GC,build,x0p5_pct0p1-r2,91,946.0,0.3584209402197867,-1026.0,-212.0,55.0,False,False
D-C-GC,build,x0p5_pct0p1-r3,91,1276.0,0.3901172756897333,-992.0,84.0,109.0,False,False
D-C-GC,build,x0p5_pct0p2-r0,91,14476.0,1.5742641010954546,-1606.0,14476.0,3730.0,False,False
D-C-GC,build,x0p5_pct0p2-r1,91,896.0,0.2472358533298262,-448.0,-262.0,221.0,False,False
D-C-GC,build,x0p5_pct0p2-r2,91,566.0,0.11139903103171865,-810.0,-230.0,857.0,False,False
D-C-GC,build,x0p5_pct0p2-r3,91,3746.0,0.60890221654523,-1606.0,3746.0,1756.0,False,False
D-C-GC,build,x1_atr1p5-r0,93,13768.0,1.3924561132115056,-464.0,13768.0,20198.0,False,False
D-C-GC,build,x1_atr1p5-r1,93,3548.0,0.5916934254696787,-38.0,3122.0,1334.0,False,False
D-C-GC,build,x1_atr1p5-r2,93,2758.0,0.3744829616992099,-464.0,2758.0,4548.0,False,False
D-C-GC,build,x1_atr1p5-r3,93,7158.0,0.8570602737764523,-464.0,7158.0,9300.0,False,False
D-C-GC,build,x1_atr3-r0,93,11708.0,1.0501575620396277,0.0,11708.0,21479.0,False,False
D-C-GC,build,x1_atr3-r1,93,-1282.0,-0.1495753091808102,0.0,-1282.0,21478.0,False,False
D-C-GC,build,x1_atr3-r2,93,6808.0,0.6764575803548698,0.0,6808.0,21479.0,False,False
D-C-GC,build,x1_atr3-r3,93,10918.0,0.9965463946402706,0.0,10918.0,21479.0,False,False
D-C-GC,build,x1_pts2-r0,93,10878.0,1.4505166346354557,-2150.0,10878.0,239.0,False,False
D-C-GC,build,x1_pts2-r1,93,-1882.0,-0.9472453806604256,-582.0,-3450.0,33.0,False,False
D-C-GC,build,x1_pts2-r2,93,818.0,0.2870155466221719,-1358.0,26.0,79.0,False,False
D-C-GC,build,x1_pts2-r3,93,1948.0,0.5462333421437809,-1554.0,1352.0,151.0,False,False
D-C-GC,build,x1_pts3-r0,93,10818.0,1.3395118140719091,-1720.0,10818.0,922.0,False,False
D-C-GC,build,x1_pts3-r1,93,-72.0,-0.024196740837410333,-832.0,-960.0,106.0,False,False
D-C-GC,build,x1_pts3-r2,93,3038.0,0.7126772145138237,-1124.0,2442.0,390.0,False,False
D-C-GC,build,x1_pts3-r3,93,1508.0,0.3001602950905062,-1720.0,1508.0,660.0,False,False
D-C-GC,build,x1_pts5-r0,93,14618.0,1.5341248815919646,0.0,14618.0,7990.0,False,False
D-C-GC,build,x1_pts5-r1,93,2088.0,0.43213266496344377,496.0,1592.0,968.0,False,False
D-C-GC,build,x1_pts5-r2,93,1648.0,0.25697240179143804,0.0,1648.0,3023.0,False,False
D-C-GC,build,x1_pts5-r3,93,7238.0,0.9520863264287148,0.0,7238.0,5161.0,False,False
D-C-GC,build,x1_pts7-r0,93,17098.0,1.6671628526499616,0.0,17098.0,21478.0,False,False
D-C-GC,build,x1_pts7-r1,93,598.0,0.0946096334472719,0.0,598.0,2291.0,False,False
D-C-GC,build,x1_pts7-r2,93,6998.0,0.878047077324329,0.0,6998.0,12351.0,False,False
D-C-GC,build,x1_pts7-r3,93,13148.0,1.4221479146518925,0.0,13148.0,18442.0,False,False
D-C-GC,build,x1_pct0p1-r0,93,11838.0,1.587482640241313,-2000.0,11838.0,146.0,False,False
D-C-GC,build,x1_pct0p1-r1,93,-1852.0,-0.9961287243120469,-190.0,-3662.0,29.0,False,False
D-C-GC,build,x1_pct0p1-r2,93,1108.0,0.41468143177387934,-1198.0,306.0,59.0,False,False
D-C-GC,build,x1_pct0p1-r3,93,3078.0,0.9091735112830304,-1404.0,2482.0,108.0,False,False
D-C-GC,build,x1_pct0p2-r0,93,11808.0,1.3212933855374829,-1212.0,11808.0,2601.0,False,False
D-C-GC,build,x1_pct0p2-r1,93,118.0,0.03210101763716856,-410.0,-684.0,336.0,False,False
D-C-GC,build,x1_pct0p2-r2,93,-3052.0,-0.6131758921994862,-1212.0,-3052.0,798.0,False,False
D-C-GC,build,x1_pct0p2-r3,93,1568.0,0.25935481106245695,-1212.0,1568.0,1480.0,False,False
D-C-GC,build,x2_atr1p5-r0,96,10026.0,1.0202061698614444,0.0,10026.0,13904.0,False,False
D-C-GC,build,x2_atr1p5-r1,96,906.0,0.14776971967495786,0.0,906.0,1498.5,False,False
D-C-GC,build,x2_atr1p5-r2,96,1156.0,0.15273051921589748,0.0,1156.0,4587.0,False,False
D-C-GC,build,x2_atr1p5-r3,96,4406.0,0.5167598763709369,0.0,4406.0,8600.5,False,False
D-C-GC,build,x2_atr3-r0,96,7116.0,0.6461005406850969,0.0,7116.0,21478.0,False,False
D-C-GC,build,x2_atr3-r1,96,-2344.0,-0.26616738277418445,0.0,-2344.0,21477.0,False,False
D-C-GC,build,x2_atr3-r2,96,4256.0,0.4096911169858088,0.0,4256.0,21477.0,False,False
D-C-GC,build,x2_atr3-r3,96,6386.0,0.5898181127482319,0.0,6386.0,21478.0,False,False
D-C-GC,build,x2_pts2-r0,96,6246.0,0.9267988059608617,-1284.0,6246.0,286.0,False,False
D-C-GC,build,x2_pts2-r1,96,-1704.0,-0.8438199543608027,-696.0,-2292.0,31.0,False,False
D-C-GC,build,x2_pts2-r2,96,786.0,0.2716546462045754,-1284.0,786.0,78.0,False,False
D-C-GC,build,x2_pts2-r3,96,496.0,0.13985120529137782,-1284.0,496.0,180.5,False,False
D-C-GC,build,x2_pts3-r0,96,8726.0,1.1037931563197478,0.0,8726.0,1057.5,False,False
D-C-GC,build,x2_pts3-r1,96,356.0,0.11860911012793175,592.0,-236.0,120.5,False,False
D-C-GC,build,x2_pts3-r2,96,126.0,0.029675261291185192,0.0,126.0,484.0,False,False
D-C-GC,build,x2_pts3-r3,96,1296.0,0.2514303639640811,0.0,1296.0,659.0,False,False
D-C-GC,build,x2_pts5-r0,96,10116.0,1.0870988010680516,0.0,10116.0,6223.0,False,False
D-C-GC,build,x2_pts5-r1,96,-2244.0,-0.45839476466550255,0.0,-2244.0,899.5,False,False
D-C-GC,build,x2_pts5-r2,96,-584.0,-0.09020687551974992,0.0,-584.0,2546.0,False,False
D-C-GC,build,x2_pts5-r3,96,3926.0,0.5152220369897628,0.0,3926.0,4037.5,False,False
D-C-GC,build,x2_pts7-r0,96,10956.0,1.0990364253363327,0.0,10956.0,21477.0,False,False
D-C-GC,build,x2_pts7-r1,96,-4104.0,-0.6366897312471775,0.0,-4104.0,3111.0,False,False
D-C-GC,build,x2_pts7-r2,96,3096.0,0.38093687122362746,0.0,3096.0,9057.0,False,True
D-C-GC,build,x2_pts7-r3,96,8166.0,0.8852975775971069,0.0,8166.0,14101.5,False,False
D-C-GC,build,x2_pct0p1-r0,96,6906.0,1.0306056878286725,-1796.0,6906.0,171.0,False,False
D-C-GC,build,x2_pct0p1-r1,96,-2784.0,-1.4781452567939035,-1238.0,-3342.0,29.0,False,False
D-C-GC,build,x2_pct0p1-r2,96,546.0,0.20228633134199842,-1470.0,220.0,61.0,False,False
D-C-GC,build,x2_pct0p1-r3,96,336.0,0.10142442470047465,-1796.0,336.0,145.0,False,False
D-C-GC,build,x2_pct0p2-r0,96,11056.0,1.2495372753595826,0.0,11056.0,2062.5,False,False
D-C-GC,build,x2_pct0p2-r1,96,1016.0,0.27293166210572845,326.0,690.0,345.0,False,False
D-C-GC,build,x2_pct0p2-r2,96,-3104.0,-0.6151620962909528,0.0,-3104.0,890.0,False,False
D-C-GC,build,x2_pct0p2-r3,96,1936.0,0.313723109565184,0.0,1936.0,1401.0,False,False
D-C-GC,build,x5_atr1p5-r0,96,8286.0,0.826878165180507,0.0,8286.0,11272.5,False,False
D-C-GC,build,x5_atr1p5-r1,96,-5604.0,-0.9156132479754401,0.0,-5604.0,1573.0,False,False
D-C-GC,build,x5_atr1p5-r2,96,-1334.0,-0.1732528021514788,0.0,-1334.0,4333.5,False,False
D-C-GC,build,x5_atr1p5-r3,96,2466.0,0.28299952921633914,0.0,2466.0,6464.5,False,False
D-C-GC,build,x5_atr3-r0,96,6166.0,0.5618664747761993,0.0,6166.0,21475.0,False,False
D-C-GC,build,x5_atr3-r1,96,-3214.0,-0.36561119758970423,0.0,-3214.0,21474.0,False,False
D-C-GC,build,x5_atr3-r2,96,3466.0,0.33377078514201425,0.0,3466.0,21474.0,False,False
D-C-GC,build,x5_atr3-r3,96,5616.0,0.5186304760018697,0.0,5616.0,21475.0,False,False
D-C-GC,build,x5_pts2-r0,96,3056.0,0.49590847840655666,-856.0,3056.0,309.0,False,False
D-C-GC,build,x5_pts2-r1,96,-2514.0,-1.2488383976175235,124.0,-3494.0,42.0,False,False
D-C-GC,build,x5_pts2-r2,96,-2864.0,-1.0379095133893634,-856.0,-2864.0,121.5,False,False
D-C-GC,build,x5_pts2-r3,96,-2344.0,-0.6987462776444477,-856.0,-2344.0,228.5,False,False
D-C-GC,build,x5_pts3-r0,96,9226.0,1.1686430812829667,0.0,9226.0,915.0,False,False
D-C-GC,build,x5_pts3-r1,96,336.0,0.11186474505182778,592.0,-256.0,122.5,False,False
D-C-GC,build,x5_pts3-r2,96,-354.0,-0.08409554008470797,0.0,-354.0,566.5,False,False
D-C-GC,build,x5_pts3-r3,96,1336.0,0.25872757056920476,0.0,1336.0,751.0,False,False
D-C-GC,build,x5_pts5-r0,96,10876.0,1.1557391396345686,0.0,10876.0,6154.0,False,False
D-C-GC,build,x5_pts5-r1,96,-4324.0,-0.8844726361634944,0.0,-4324.0,935.5,False,False
D-C-GC,build,x5_pts5-r2,96,-614.0,-0.09450330337603269,0.0,-614.0,2384.5,False,False
D-C-GC,build,x5_pts5-r3,96,4316.0,0.5601963783142879,0.0,4316.0,3786.0,False,False
D-C-GC,build,x5_pts7-r0,96,8316.0,0.8172885960960258,0.0,8316.0,21474.0,False,False
D-C-GC,build,x5_pts7-r1,96,-8624.0,-1.3309325294351475,0.0,-8624.0,2148.5,False,False
D-C-GC,build,x5_pts7-r2,96,-134.0,-0.016221348471799353,0.0,-134.0,6366.0,False,False
D-C-GC,build,x5_pts7-r3,96,5706.0,0.6015082150622777,0.0,5706.0,12052.0,False,False
D-C-GC,build,x5_pct0p1-r0,96,3726.0,0.6083994335525624,-826.0,3726.0,197.5,False,False
D-C-GC,build,x5_pct0p1-r1,96,-3264.0,-1.7393517046926075,64.0,-4154.0,37.0,False,False
D-C-GC,build,x5_pct0p1-r2,96,-2374.0,-0.9164349411249343,-826.0,-2374.0,88.0,False,False
D-C-GC,build,x5_pct0p1-r3,96,-2044.0,-0.6456176770574191,-826.0,-2044.0,169.5,False,False
D-C-GC,build,x5_pct0p2-r0,96,11266.0,1.280790710935298,0.0,11266.0,1879.5,False,False
D-C-GC,build,x5_pct0p2-r1,96,-1904.0,-0.5112890463775585,0.0,-1904.0,415.0,False,False
D-C-GC,build,x5_pct0p2-r2,96,-3044.0,-0.6021397722370445,0.0,-3044.0,923.0,False,False
D-C-GC,build,x5_pct0p2-r3,96,2186.0,0.35515130653553506,0.0,2186.0,1329.5,False,False
D-C-GC,build,x15_atr1p5-r0,96,17206.0,1.6775985537321645,0.0,17206.0,21463.5,False,False
D-C-GC,build,x15_atr1p5-r1,96,316.0,0.05108085829707001,0.0,316.0,1854.5,False,False
D-C-GC,build,x15_atr1p5-r2,96,3886.0,0.5041669743119308,0.0,3886.0,5017.0,False,False
D-C-GC,build,x15_atr1p5-r3,96,10756.0,1.2076214589992142,0.0,10756.0,7546.5,False,False
D-C-GC,build,x15_atr3-r0,96,10516.0,0.9342035423146764,0.0,10516.0,21465.0,False,False
D-C-GC,build,x15_atr3-r1,96,-2804.0,-0.3153679404228827,0.0,-2804.0,21464.0,False,False
D-C-GC,build,x15_atr3-r2,96,7226.0,0.6847898125764893,0.0,7226.0,21464.0,False,False
D-C-GC,build,x15_atr3-r3,96,10426.0,0.9276302834480817,0.0,10426.0,21464.5,False,False
D-C-GC,build,x15_pts2-r0,96,17456.0,2.1998318626113846,-214.0,17456.0,628.5,False,False
D-C-GC,build,x15_pts2-r1,96,1576.0,0.7857748584832327,178.0,1184.0,71.0,False,False
D-C-GC,build,x15_pts2-r2,96,3836.0,1.2942779217577027,-214.0,3836.0,212.0,False,False
D-C-GC,build,x15_pts2-r3,96,5356.0,1.423579917850773,-214.0,5356.0,350.5,False,False
D-C-GC,build,x15_pts3-r0,96,19656.0,2.262888894783887,0.0,19656.0,1576.5,False,False
D-C-GC,build,x15_pts3-r1,96,2186.0,0.7316610949639242,296.0,1890.0,160.0,False,False
D-C-GC,build,x15_pts3-r2,96,2806.0,0.6483043147709205,0.0,2806.0,596.0,False,False
D-C-GC,build,x15_pts3-r3,96,8236.0,1.4970770092685675,0.0,8236.0,838.0,False,False
D-C-GC,build,x15_pts5-r0,96,19236.0,1.9779536447223416,0.0,19236.0,10351.5,False,False
D-C-GC,build,x15_pts5-r1,96,1996.0,0.40662622350741623,0.0,1996.0,1159.0,False,False
D-C-GC,build,x15_pts5-r2,96,7256.0,1.0774835900555197,0.0,7256.0,3566.5,False,False
D-C-GC,build,x15_pts5-r3,96,11856.0,1.4871316309532292,0.0,11856.0,4978.5,False,False
D-C-GC,build,x15_pts7-r0,96,16726.0,1.62653571864339,0.0,16726.0,21464.0,False,False
D-C-GC,build,x15_pts7-r1,96,-144.0,-0.02206166964561345,0.0,-144.0,2863.0,False,False
D-C-GC,build,x15_pts7-r2,96,8416.0,0.9992384362062424,0.0,8416.0,10009.0,False,False
D-C-GC,build,x15_pts7-r3,96,14056.0,1.463903578251625,0.0,14056.0,14499.0,False,False
D-C-GC,build,x15_pct0p1-r0,96,18356.0,2.3264069930278315,-194.0,18356.0,593.5,False,False
D-C-GC,build,x15_pct0p1-r1,96,1616.0,0.8620240916815608,334.0,1088.0,58.0,False,False
D-C-GC,build,x15_pct0p1-r2,96,3646.0,1.3216042283582066,-194.0,3646.0,167.0,False,False
D-C-GC,build,x15_pct0p1-r3,96,5186.0,1.4816575668475065,-194.0,5186.0,313.5,False,False
D-C-GC,build,x15_pct0p2-r0,96,23426.0,2.5118434031907504,0.0,23426.0,5938.5,False,False
D-C-GC,build,x15_pct0p2-r1,96,3286.0,0.8873812315007706,0.0,3286.0,450.5,False,False
D-C-GC,build,x15_pct0p2-r2,96,6736.0,1.2511442903298757,0.0,6736.0,1022.5,False,False
D-C-GC,build,x15_pct0p2-r3,96,11886.0,1.822311927514872,0.0,11886.0,2452.0,False,False
D-C-GC,build,x60_atr1p5-r0,95,20950.0,2.199544464922232,0.0,20950.0,21419.0,False,False
D-C-GC,build,x60_atr1p5-r1,95,7250.0,1.2304237216465763,0.0,7250.0,1775.0,False,False
D-C-GC,build,x60_atr1p5-r2,95,9380.0,1.2932973826508438,0.0,9380.0,5497.0,False,False
D-C-GC,build,x60_atr1p5-r3,95,15480.0,1.8501730601729962,0.0,15480.0,12706.0,False,False
D-C-GC,build,x60_atr3-r0,95,12300.0,1.1315537190125926,0.0,12300.0,21420.0,False,False
D-C-GC,build,x60_atr3-r1,95,730.0,0.08270361003878633,0.0,730.0,21419.0,False,False
D-C-GC,build,x60_atr3-r2,95,9740.0,0.9435771720646646,0.0,9740.0,21419.0,False,False
D-C-GC,build,x60_atr3-r3,95,12280.0,1.1297083119218638,0.0,12280.0,21419.0,False,False
D-C-GC,build,x60_pts2-r0,95,11660.0,1.673100184078716,0.0,11660.0,665.0,False,False
D-C-GC,build,x60_pts2-r1,95,990.0,0.4950845402698395,0.0,990.0,93.0,False,False
D-C-GC,build,x60_pts2-r2,95,410.0,0.14309141306862738,0.0,410.0,217.0,False,False
D-C-GC,build,x60_pts2-r3,95,3160.0,0.8645597717823451,0.0,3160.0,330.0,False,False
D-C-GC,build,x60_pts3-r0,95,12090.0,1.5677991985797979,0.0,12090.0,2492.0,False,False
D-C-GC,build,x60_pts3-r1,95,3110.0,1.050523259592,0.0,3110.0,284.0,False,False
D-C-GC,build,x60_pts3-r2,95,1410.0,0.3325283783632472,0.0,1410.0,774.0,False,False
D-C-GC,build,x60_pts3-r3,95,5210.0,0.9894970286511078,0.0,5210.0,1280.0,False,False
D-C-GC,build,x60_pts5-r0,95,19970.0,2.158525379428077,0.0,19970.0,21419.0,False,False
D-C-GC,build,x60_pts5-r1,95,1500.0,0.3132295869106068,0.0,1500.0,1376.0,False,False
D-C-GC,build,x60_pts5-r2,95,9350.0,1.4324864124466365,0.0,9350.0,3780.0,False,False
D-C-GC,build,x60_pts5-r3,95,15780.0,2.0189740273688774,0.0,15780.0,5341.0,False,False
D-C-GC,build,x60_pts7-r0,95,16520.0,1.6791475312605593,0.0,16520.0,21419.0,False,False
D-C-GC,build,x60_pts7-r1,95,2840.0,0.44156324152602816,0.0,2840.0,2965.0,False,False
D-C-GC,build,x60_pts7-r2,95,12320.0,1.4725827444855757,0.0,12320.0,10289.0,False,False
D-C-GC,build,x60_pts7-r3,95,15130.0,1.6079825946901367,0.0,15130.0,14507.0,False,False
D-C-GC,build,x60_pct0p1-r0,95,11000.0,1.6174856368579769,0.0,11000.0,402.0,False,False
D-C-GC,build,x60_pct0p1-r1,95,810.0,0.4322874532915856,0.0,810.0,74.0,False,False
D-C-GC,build,x60_pct0p1-r2,95,250.0,0.09344461854186208,0.0,250.0,168.0,False,False
D-C-GC,build,x60_pct0p1-r3,95,2130.0,0.629130960037999,0.0,2130.0,255.0,False,False
D-C-GC,build,x60_pct0p2-r0,95,17830.0,2.0494353115202917,0.0,17830.0,6220.0,False,False
D-C-GC,build,x60_pct0p2-r1,95,1400.0,0.38197147804715886,0.0,1400.0,508.0,False,False
D-C-GC,build,x60_pct0p2-r2,95,5520.0,1.0416994099538657,0.0,5520.0,1281.0,False,False
D-C-GC,build,x60_pct0p2-r3,95,9030.0,1.4218626168679351,0.0,9030.0,2403.0,False,False
