unit,side,central,view,period,trades,net,win,pf,max_dd,sharpe,avg_trade,worst_open_loss,t
donchian-NQ-tf15|nyam|,all,n20_pts20-r3,1 contract,2021*,81,-2639.0,0.2345679012345679,0.8959507944643772,9282.0,-0.757365429760507,-32.58,1222.0,-0.4284643948127786
donchian-NQ-tf15|nyam|,all,n20_pts20-r3,1 contract,2022,322,19072.0,0.2919254658385093,1.2043019967435085,8630.0,1.5451480151407877,59.23,1227.0,1.4538609566485818
donchian-NQ-tf15|nyam|,all,n20_pts20-r3,1 contract,2023,264,4829.0,0.2689393939393939,1.0611637450602898,10986.0,0.3935544567328134,18.29,1222.0,0.418971155113728
donchian-NQ-tf15|nyam|,all,n20_pts20-r3,1 contract,combined,667,21262.0,0.27586206896551724,1.107564742723874,13692.0,0.7571053402443017,31.88,1227.0,1.148875660836207
donchian-NQ-tf15|nyam|,all,n20_pts20-r3,"$1,000 risk (micros)",2021*,81,-7812.5,0.2345679012345679,0.8785700408004663,24075.0,-0.8978355604543339,-96.45,3100.0,-0.5073706835126689
donchian-NQ-tf15|nyam|,all,n20_pts20-r3,"$1,000 risk (micros)",2022,322,42850.0,0.2919254658385093,1.1809543918918919,21950.0,1.391142010740567,133.07,3112.5,1.3065843538672761
donchian-NQ-tf15|nyam|,all,n20_pts20-r3,"$1,000 risk (micros)",2023,264,8112.5,0.2689393939393939,1.0405068031456748,28650.0,0.26476067906910905,30.73,3100.0,0.2815409812267648
donchian-NQ-tf15|nyam|,all,n20_pts20-r3,"$1,000 risk (micros)",combined,667,43150.0,0.27586206896551724,1.086056889287762,35850.0,0.6154956760834667,64.69,3112.5,0.9326306982425424
donchian-NQ-tf15|nyam|,adx_hi,n10_pct0p2-r2,1 contract,2021*,31,-4859.0,0.25806451612903225,0.6787862761948833,9964.0,-1.8681208927462851,-156.74,1323.0,-1.0106359353320504
donchian-NQ-tf15|nyam|,adx_hi,n10_pct0p2-r2,1 contract,2022,204,9254.0,0.36764705882352944,1.1377882997572997,7704.0,0.9022316746366507,45.36,1752.0,0.8665607269662986
donchian-NQ-tf15|nyam|,adx_hi,n10_pct0p2-r2,1 contract,2023,107,-2203.0,0.3364485981308411,0.9489029085679825,10177.0,-0.2539607838768252,-20.59,1363.0,-0.2537359611108174
donchian-NQ-tf15|nyam|,adx_hi,n10_pct0p2-r2,1 contract,combined,342,2192.0,0.347953216374269,1.0174797850114032,13195.0,0.10148774223184844,6.41,1752.0,0.15041861950868343
donchian-NQ-tf15|nyam|,adx_hi,n10_pct0p2-r2,"$1,000 risk (micros)",2021*,31,-7649.0,0.25806451612903225,0.6743166141531125,15530.0,-1.9013938058829563,-246.74,2096.0,-1.0289602578576729
donchian-NQ-tf15|nyam|,adx_hi,n10_pct0p2-r2,"$1,000 risk (micros)",2022,204,15468.5,0.36764705882352944,1.1161935595333778,13377.5,0.7859861423064803,75.83,3097.5,0.7435049681900116
donchian-NQ-tf15|nyam|,adx_hi,n10_pct0p2-r2,"$1,000 risk (micros)",2023,107,-4962.5,0.3364485981308411,0.9320684722421853,17157.0,-0.34249378401815767,-46.38,2099.5,-0.34201052263532994
donchian-NQ-tf15|nyam|,adx_hi,n10_pct0p2-r2,"$1,000 risk (micros)",combined,342,2857.0,0.347953216374269,1.0124398851367973,21956.5,0.07392449652149029,8.35,3097.5,0.10813354056775164
donchian-NQ-tf15|nyam|,adx_lo,n20_atr1p5-r3,1 contract,2021*,20,1720.0,0.3,1.16640866873065,3590.0,0.5069588945697828,86.0,1538.0,0.28745868943728403
donchian-NQ-tf15|nyam|,adx_lo,n20_atr1p5-r3,1 contract,2022,118,-9477.0,0.2966101694915254,0.8976366896372945,27697.0,-0.4898351535124028,-80.31,3718.0,-0.5099442359280518
donchian-NQ-tf15|nyam|,adx_lo,n20_atr1p5-r3,1 contract,2023,133,23383.0,0.3609022556390977,1.3601540238737004,9841.0,1.3635365774250752,175.81,2827.0,1.5262371786487419
donchian-NQ-tf15|nyam|,adx_lo,n20_atr1p5-r3,1 contract,combined,271,15626.0,0.3284132841328413,1.0930989079079854,28229.0,0.3883392088206589,57.66,3718.0,0.6296844373925023
donchian-NQ-tf15|nyam|,adx_lo,n20_atr1p5-r3,"$1,000 risk (micros)",2021*,20,254.5,0.3,1.0179237974505246,5088.0,0.06043673934390944,12.72,2074.0,0.03491588404603756
donchian-NQ-tf15|nyam|,adx_lo,n20_atr1p5-r3,"$1,000 risk (micros)",2022,118,19.0,0.2966101694915254,1.0002238915893358,18186.5,0.0010199111897307468,0.16,2123.5,0.0010644576734218831
donchian-NQ-tf15|nyam|,adx_lo,n20_atr1p5-r3,"$1,000 risk (micros)",2023,133,32734.0,0.3609022556390977,1.3741798312795774,11565.5,1.4444199209459145,246.12,3071.0,1.6031444625465483
donchian-NQ-tf15|nyam|,adx_lo,n20_atr1p5-r3,"$1,000 risk (micros)",combined,271,33007.5,0.3284132841328413,1.1769426434048895,18186.5,0.7190808442558931,121.8,3071.0,1.1765118605296838
donchian-NQ-tf15|nyam|,vol_hi,n20_pts10-r1,1 contract,2021*,35,-470.0,0.4857142857142857,0.8763808521830615,1981.0,-0.7025325884694841,-13.43,652.0,-0.38460612781603276
donchian-NQ-tf15|nyam|,vol_hi,n20_pts10-r1,1 contract,2022,181,-1449.0,0.4972375690607735,0.9240924092409241,2612.0,-0.4892986916845746,-8.01,632.0,-0.5293872610824074
donchian-NQ-tf15|nyam|,vol_hi,n20_pts10-r1,1 contract,2023,160,2580.0,0.55625,1.1735737351991389,2181.0,0.9062305919472295,16.12,622.0,1.0096195727362476
donchian-NQ-tf15|nyam|,vol_hi,n20_pts10-r1,1 contract,combined,376,661.0,0.5212765957446809,1.0175076148854456,3631.0,0.10188645141778266,1.76,652.0,0.16794805029931023
donchian-NQ-tf15|nyam|,vol_hi,n20_pts10-r1,"$1,000 risk (micros)",2021*,35,-3400.0,0.4857142857142857,0.8260869565217391,10475.0,-1.0119025649472158,-97.14,3350.0,-0.5564514189678772
donchian-NQ-tf15|nyam|,vol_hi,n20_pts10-r1,"$1,000 risk (micros)",2022,181,-12675.0,0.4972375690607735,0.8708938120702827,18250.0,-0.855347577720532,-70.03,3250.0,-0.9261536969247086
donchian-NQ-tf15|nyam|,vol_hi,n20_pts10-r1,"$1,000 risk (micros)",2023,160,8100.0,0.55625,1.10595160235448,11625.0,0.5726734166854408,50.62,3200.0,0.6339471735785741
donchian-NQ-tf15|nyam|,vol_hi,n20_pts10-r1,"$1,000 risk (micros)",combined,376,-7975.0,0.5212765957446809,0.9589288013389983,24125.0,-0.24634764387779196,-21.21,3350.0,-0.405260423944629
donchian-NQ-tf15|nyam|,vol_lo,n20_pct0p2-r2,1 contract,2021*,28,-3137.0,0.2857142857142857,0.7608082348455967,6610.0,-1.0468842721511706,-112.04,1333.0,-0.6762790721582573
donchian-NQ-tf15|nyam|,vol_lo,n20_pct0p2-r2,1 contract,2022,167,23402.0,0.4251497005988024,1.4730161296842785,4318.0,2.3730708515800596,140.13,1502.0,2.3541589203285245
donchian-NQ-tf15|nyam|,vol_lo,n20_pct0p2-r2,1 contract,2023,134,-2506.0,0.3283582089552239,0.9519232613908873,7676.0,-0.24406963605108317,-18.7,1278.0,-0.26728872247329066
donchian-NQ-tf15|nyam|,vol_lo,n20_pct0p2-r2,1 contract,combined,329,17759.0,0.3738601823708207,1.1548110954199138,7676.0,0.7661482794987002,53.98,1502.0,1.226724289885383
donchian-NQ-tf15|nyam|,vol_lo,n20_pct0p2-r2,"$1,000 risk (micros)",2021*,28,-5037.0,0.2857142857142857,0.7519085849381865,10136.0,-1.1001157574849634,-179.89,2040.0,-0.7067735014978903
donchian-NQ-tf15|nyam|,vol_lo,n20_pct0p2-r2,"$1,000 risk (micros)",2022,167,41877.0,0.4251497005988024,1.422820621554492,9366.0,2.2797151150319297,250.76,3040.0,2.1662802604511615
donchian-NQ-tf15|nyam|,vol_lo,n20_pct0p2-r2,"$1,000 risk (micros)",2023,134,-6902.5,0.3283582089552239,0.9254315839509107,16618.0,-0.3840148480427183,-51.51,2099.5,-0.42391789256301543
donchian-NQ-tf15|nyam|,vol_lo,n20_pct0p2-r2,"$1,000 risk (micros)",combined,329,29937.5,0.3738601823708207,1.1412739310370863,16618.0,0.7292745138562985,91.0,3040.0,1.1358116902342845
donchian-NQ-tf15|nyam|,news_only,n10_pts30-r3,1 contract,2021*,10,1125.0,0.3,1.2638986629134412,2436.0,0.6039006460146648,112.5,1208.0,0.3062309270463511
donchian-NQ-tf15|nyam|,news_only,n10_pts30-r3,1 contract,2022,27,5157.0,0.3333333333333333,1.4685200327064596,3654.0,1.0073395013251951,191.0,1218.0,0.8581342604537588
donchian-NQ-tf15|nyam|,news_only,n10_pts30-r3,1 contract,2023,26,-6214.0,0.15384615384615385,0.5361994327511569,7948.0,-1.3343285976130062,-239.0,1213.0,-1.377161384026781
donchian-NQ-tf15|nyam|,news_only,n10_pts30-r3,1 contract,combined,63,68.0,0.25396825396825395,1.0023719826984792,8081.0,0.005801394704201549,1.08,1218.0,0.00811531311267391
donchian-NQ-tf15|nyam|,news_only,n10_pts30-r3,"$1,000 risk (micros)",2021*,10,1810.5,0.3,1.2473867595818815,4182.0,0.5739857284828899,181.05,2074.0,0.2898986109372124
donchian-NQ-tf15|nyam|,news_only,n10_pts30-r3,"$1,000 risk (micros)",2022,27,8491.5,0.3333333333333333,1.4493927125506072,6273.0,0.9774831851046435,314.5,2091.0,0.8311771632667299
donchian-NQ-tf15|nyam|,news_only,n10_pts30-r3,"$1,000 risk (micros)",2023,26,-10829.0,0.15384615384615385,0.5291943828529194,13685.0,-1.3642998773804167,-416.5,2082.5,-1.4117344731655286
donchian-NQ-tf15|nyam|,news_only,n10_pts30-r3,"$1,000 risk (micros)",combined,63,-527.0,0.25396825396825395,0.9892918825561312,14033.5,-0.026465332715424054,-8.37,2091.0,-0.03699628036660167
donchian-NQ-tf15|nyam|,news_never,n20_pts45-r2,1 contract,2021*,61,-3939.0,0.32786885245901637,0.8943089430894309,14610.0,-0.7001341000711436,-64.57,1813.0,-0.4090662620762611
donchian-NQ-tf15|nyam|,news_never,n20_pts45-r2,1 contract,2022,237,15357.0,0.3670886075949367,1.1126003592770466,8296.0,0.732872114175365,64.8,1818.0,0.7726169434106801
donchian-NQ-tf15|nyam|,news_never,n20_pts45-r2,1 contract,2023,196,12056.0,0.37755102040816324,1.1094577049835215,11800.0,0.6723286407859521,61.51,2722.0,0.6802097729532233
donchian-NQ-tf15|nyam|,news_never,n20_pts45-r2,1 contract,combined,494,23474.0,0.36639676113360325,1.0827140526503098,14610.0,0.5266614613103701,47.52,2722.0,0.830115729964137
donchian-NQ-tf15|nyam|,news_never,n20_pts45-r2,"$1,000 risk (micros)",2021*,61,-4735.5,0.32786885245901637,0.8852459016393442,16307.5,-0.76519261221726,-77.63,2007.5,-0.4470754654070333
donchian-NQ-tf15|nyam|,news_never,n20_pts45-r2,"$1,000 risk (micros)",2022,237,15328.5,0.3670886075949367,1.1015041701569728,9284.0,0.6655336907529451,64.68,2013.0,0.701075542516626
donchian-NQ-tf15|nyam|,news_never,n20_pts45-r2,"$1,000 risk (micros)",2023,196,11968.0,0.37755102040816324,1.0981285231116122,13557.5,0.6067908926737731,61.06,3014.0,0.6138588528310444
donchian-NQ-tf15|nyam|,news_never,n20_pts45-r2,"$1,000 risk (micros)",combined,494,22561.0,0.36639676113360325,1.0717948717948718,16307.5,0.4603569572630659,45.67,3014.0,0.7252992085526305
donchian-NQ-tf15|nyam|,long,n40_pts20-r0,1 contract,2021*,24,749.0,0.25,1.1017386579733768,3825.0,0.35907631152048114,31.21,837.0,0.18688507341930316
donchian-NQ-tf15|nyam|,long,n40_pts20-r0,1 contract,2022,53,2458.0,0.1509433962264151,1.133441910966341,6469.0,0.2876761806830998,46.38,813.0,0.287110171258827
donchian-NQ-tf15|nyam|,long,n40_pts20-r0,1 contract,2023,58,7393.0,0.22413793103448276,1.4016843249117088,5932.0,0.8640953908607243,127.47,813.0,0.8628861701312532
donchian-NQ-tf15|nyam|,long,n40_pts20-r0,1 contract,combined,135,10600.0,0.2,1.2398895602779099,6469.0,0.5526947807845098,78.52,837.0,0.8356979422454336
donchian-NQ-tf15|nyam|,long,n40_pts20-r0,"$1,000 risk (micros)",2021*,24,1512.5,0.25,1.0809906291834002,9862.5,0.2899287703764108,63.02,2137.5,0.15095523286872953
donchian-NQ-tf15|nyam|,long,n40_pts20-r0,"$1,000 risk (micros)",2022,53,5350.0,0.1509433962264151,1.1144997324772605,16562.5,0.2504449610814522,100.94,2062.5,0.24996573087627735
donchian-NQ-tf15|nyam|,long,n40_pts20-r0,"$1,000 risk (micros)",2023,58,17612.5,0.22413793103448276,1.3772423025435074,15100.0,0.8237402961257341,303.66,2062.5,0.8222687770289028
donchian-NQ-tf15|nyam|,long,n40_pts20-r0,"$1,000 risk (micros)",combined,135,24475.0,0.2,1.2183561949369912,16562.5,0.5105186237492958,181.3,2137.5,0.7718380051493203
donchian-NQ-tf15|nyam|,short,n40_pts10-r0,1 contract,2021*,17,-1313.0,0.058823529411764705,0.6085271317829457,2727.0,-1.096317293765133,-77.24,413.0,-0.583390824922476
donchian-NQ-tf15|nyam|,short,n40_pts10-r0,1 contract,2022,71,14251.0,0.07042253521126761,2.030888310185185,3777.0,1.0512938678553334,200.72,423.0,1.053074823744909
donchian-NQ-tf15|nyam|,short,n40_pts10-r0,1 contract,2023,66,-3359.0,0.07575757575757576,0.7369410290547419,5750.0,-0.5488546866734653,-50.89,627.0,-0.5534623478449612
donchian-NQ-tf15|nyam|,short,n40_pts10-r0,1 contract,combined,154,9579.0,0.07142857142857142,1.3198650950011688,9512.0,0.4213117546732788,62.2,627.0,0.6377491116624383
donchian-NQ-tf15|nyam|,short,n40_pts10-r0,"$1,000 risk (micros)",2021*,17,-7075.0,0.058823529411764705,0.5898550724637681,14025.0,-1.1788304883082785,-416.18,2125.0,-0.6287113612073902
donchian-NQ-tf15|nyam|,short,n40_pts10-r0,"$1,000 risk (micros)",2022,71,69125.0,0.07042253521126761,1.9722222222222223,19425.0,1.0200188105508672,973.59,2175.0,1.0215956380796696
donchian-NQ-tf15|nyam|,short,n40_pts10-r0,"$1,000 risk (micros)",2023,66,-18775.0,0.07575757575757576,0.7141225732775028,29950.0,-0.6128030239963094,-284.47,3225.0,-0.6187112581595205
donchian-NQ-tf15|nyam|,short,n40_pts10-r0,"$1,000 risk (micros)",combined,154,43275.0,0.07142857142857142,1.2809608829735433,49300.0,0.38062313484414045,281.01,3225.0,0.5762311892095628
donchian-NQ-tf5|nyam|,all,n10_pts30-r1,1 contract,2021*,164,119.0,0.5060975609756098,1.002411396380879,5787.0,0.026550240066493612,0.73,1822.0,0.015373850409488077
donchian-NQ-tf5|nyam|,all,n10_pts30-r1,1 contract,2022,651,4666.0,0.511520737327189,1.0240761189255012,19023.0,0.2836946947585702,7.17,1832.0,0.3032629271907278
donchian-NQ-tf5|nyam|,all,n10_pts30-r1,1 contract,2023,584,2454.0,0.5085616438356164,1.0140583645550476,14904.0,0.17006576264179196,4.2,1822.0,0.16850923752452113
donchian-NQ-tf5|nyam|,all,n10_pts30-r1,1 contract,combined,1399,7239.0,0.509649749821301,1.0173302466549679,19763.0,0.20470148218292294,5.17,1832.0,0.3211783602296241
donchian-NQ-tf5|nyam|,all,n10_pts30-r1,"$1,000 risk (micros)",2021*,164,-1470.5,0.5060975609756098,0.9826427209792314,10438.0,-0.19313643471349343,-8.97,3128.0,-0.11175109751434607
donchian-NQ-tf5|nyam|,all,n10_pts30-r1,"$1,000 risk (micros)",2022,651,1292.0,0.511520737327189,1.0038832967145266,36490.5,0.04625184575622845,1.98,3145.0,0.04939559036968562
donchian-NQ-tf5|nyam|,all,n10_pts30-r1,"$1,000 risk (micros)",2023,584,-1785.0,0.5085616438356164,0.9940435670524166,26860.0,-0.0728470874289025,-3.06,3128.0,-0.07210052950315698
donchian-NQ-tf5|nyam|,all,n10_pts30-r1,"$1,000 risk (micros)",combined,1399,-1963.5,0.509649749821301,0.9972618977063948,38930.0,-0.0326927741745194,-1.4,3145.0,-0.05124478602917748
donchian-NQ-tf5|nyam|,adx_hi,n20_pts10-r0,1 contract,2021*,42,-4298.0,0.047619047619047616,0.48711217183770883,8171.0,-2.381326128557795,-102.33,632.0,-1.3661744878261157
donchian-NQ-tf5|nyam|,adx_hi,n20_pts10-r0,1 contract,2022,277,10532.0,0.05054151624548736,1.1909285377615024,17637.0,0.5705164270994741,38.02,637.0,0.5568672570614313
donchian-NQ-tf5|nyam|,adx_hi,n20_pts10-r0,1 contract,2023,159,-4866.0,0.07547169811320754,0.8417200663565689,11453.0,-0.47996925894734044,-30.6,627.0,-0.4836129041569121
donchian-NQ-tf5|nyam|,adx_hi,n20_pts10-r0,1 contract,combined,478,1368.0,0.058577405857740586,1.014509200827279,21222.0,0.04245837843827937,2.86,637.0,0.06319276285933864
donchian-NQ-tf5|nyam|,adx_hi,n20_pts10-r0,"$1,000 risk (micros)",2021*,42,-22750.0,0.047619047619047616,0.47215777262180975,42025.0,-2.5057553222022997,-541.67,3250.0,-1.4462759235944225
donchian-NQ-tf5|nyam|,adx_hi,n20_pts10-r0,"$1,000 risk (micros)",2022,277,44350.0,0.05054151624548736,1.156327106097991,90975.0,0.4804214008058188,160.11,3275.0,0.468990939055725
donchian-NQ-tf5|nyam|,adx_hi,n20_pts10-r0,"$1,000 risk (micros)",2023,159,-29100.0,0.07547169811320754,0.8159683794466404,58975.0,-0.5732228380940227,-183.02,3225.0,-0.5784272713097469
donchian-NQ-tf5|nyam|,adx_hi,n20_pts10-r0,"$1,000 risk (micros)",combined,478,-7500.0,0.058577405857740586,0.9845336907769243,113725.0,-0.04653088378549028,-15.69,3275.0,-0.06929031015278357
donchian-NQ-tf5|nyam|,adx_lo,n40_pts30-r2,1 contract,2021*,34,2759.0,0.38235294117647056,1.215732269919462,3676.0,1.1246272608945236,81.15,1442.0,0.5314349844078542
donchian-NQ-tf5|nyam|,adx_lo,n40_pts30-r2,1 contract,2022,202,6912.0,0.3564356435643564,1.0872727272727272,11082.0,0.5169739805503814,34.22,1832.0,0.5610877112325752
donchian-NQ-tf5|nyam|,adx_lo,n40_pts30-r2,1 contract,2023,209,15399.0,0.3827751196172249,1.1965511959768207,7506.0,1.1382266993133257,73.68,1822.0,1.2214227149258814
donchian-NQ-tf5|nyam|,adx_lo,n40_pts30-r2,1 contract,combined,445,25070.0,0.3707865168539326,1.1471805559632489,11082.0,0.8487953772388332,56.34,1832.0,1.3670910802223946
donchian-NQ-tf5|nyam|,adx_lo,n40_pts30-r2,"$1,000 risk (micros)",2021*,34,4343.5,0.38235294117647056,1.1978319783197833,6341.0,1.0448301062062901,127.75,2482.0,0.4921407702653379
donchian-NQ-tf5|nyam|,adx_lo,n40_pts30-r2,"$1,000 risk (micros)",2022,202,9690.0,0.3564356435643564,1.0712678169542384,19992.0,0.4268480680537731,47.97,3145.0,0.46270253964491875
donchian-NQ-tf5|nyam|,adx_lo,n40_pts30-r2,"$1,000 risk (micros)",2023,209,24046.5,0.3827751196172249,1.1787790697674418,13158.0,1.0475217951091675,115.06,3128.0,1.1219575493620748
donchian-NQ-tf5|nyam|,adx_lo,n40_pts30-r2,"$1,000 risk (micros)",combined,445,38080.0,0.3707865168539326,1.130221201639392,19992.0,0.7596571734104111,85.57,3145.0,1.2214934262856654
donchian-NQ-tf5|nyam|,vol_hi,n20_pct0p2-r0,1 contract,2021*,40,2100.0,0.175,1.0975972486870846,10478.0,0.3302911554379806,52.5,1977.0,0.18044594261289226
donchian-NQ-tf5|nyam|,vol_hi,n20_pct0p2-r0,1 contract,2022,207,-10303.0,0.10144927536231885,0.8937221488694505,21013.0,-0.43655736941926987,-49.77,1852.0,-0.4514882273338412
donchian-NQ-tf5|nyam|,vol_hi,n20_pct0p2-r0,1 contract,2023,162,8342.0,0.18518518518518517,1.1104417936531052,14773.0,0.43365907747324595,51.49,1847.0,0.44168235299106556
donchian-NQ-tf5|nyam|,vol_hi,n20_pct0p2-r0,1 contract,combined,409,139.0,0.14180929095354522,1.0007165170056807,24242.0,0.002816588622600012,0.34,1977.0,0.004377385328359377
donchian-NQ-tf5|nyam|,vol_hi,n20_pct0p2-r0,"$1,000 risk (micros)",2021*,40,2269.5,0.175,1.0667323355582345,16559.0,0.23099208193091847,56.74,3136.0,0.12664833416028817
donchian-NQ-tf5|nyam|,vol_hi,n20_pct0p2-r0,"$1,000 risk (micros)",2022,207,-26078.0,0.10144927536231885,0.8641077216495919,45934.0,-0.583396481961546,-125.98,3132.0,-0.6040755174602093
donchian-NQ-tf5|nyam|,vol_hi,n20_pct0p2-r0,"$1,000 risk (micros)",2023,162,12955.0,0.18518518518518517,1.095383947076819,24681.0,0.37919344115460185,79.97,3145.0,0.3854230784821016
donchian-NQ-tf5|nyam|,vol_hi,n20_pct0p2-r0,"$1,000 risk (micros)",combined,409,-10853.5,0.14180929095354522,0.9699956182848833,52601.5,-0.12144718046725472,-26.54,3145.0,-0.18885508905231785
donchian-NQ-tf5|nyam|,vol_lo,n20_atr1p5-r1,1 contract,2021*,56,-5794.0,0.4107142857142857,0.6570988932946676,6380.0,-2.6251375471700915,-103.46,1652.0,-1.508734459819047
donchian-NQ-tf5|nyam|,vol_lo,n20_atr1p5-r1,1 contract,2022,269,32849.0,0.5724907063197026,1.3648875312413218,9924.0,2.361489232412287,122.12,2347.0,2.4134908695347486
donchian-NQ-tf5|nyam|,vol_lo,n20_atr1p5-r1,1 contract,2023,255,7405.0,0.5254901960784314,1.117700352862638,7376.0,0.963774104176659,29.04,1518.0,0.8524014014346543
donchian-NQ-tf5|nyam|,vol_lo,n20_atr1p5-r1,1 contract,combined,580,34460.0,0.5362068965517242,1.2029016227419393,12495.0,1.383195278485163,59.41,2347.0,2.0687373017881905
donchian-NQ-tf5|nyam|,vol_lo,n20_atr1p5-r1,"$1,000 risk (micros)",2021*,56,-11509.5,0.4107142857142857,0.6619377010177556,13321.5,-2.5462013065494156,-205.53,3086.0,-1.5399901545322514
donchian-NQ-tf5|nyam|,vol_lo,n20_atr1p5-r1,"$1,000 risk (micros)",2022,269,33831.0,0.5724907063197026,1.2865491875134991,11451.0,1.9670317047756285,125.77,3122.0,2.066878604767199
donchian-NQ-tf5|nyam|,vol_lo,n20_atr1p5-r1,"$1,000 risk (micros)",2023,255,6091.0,0.5254901960784314,1.0486200634591207,16767.0,0.43076475889170335,23.89,2913.0,0.3781499306194264
donchian-NQ-tf5|nyam|,vol_lo,n20_atr1p5-r1,"$1,000 risk (micros)",combined,580,28412.5,0.5362068965517242,1.1024292818864654,19941.0,0.7868692054097927,48.99,3122.0,1.1731138016839908
donchian-NQ-tf5|nyam|,news_only,n40_pct0p2-r0,1 contract,2021*,11,-549.0,0.18181818181818182,0.9042887029288703,3829.0,-0.22139534804356414,-49.91,1303.0,-0.1118374138817319
donchian-NQ-tf5|nyam|,news_only,n40_pct0p2-r0,1 contract,2022,33,493.0,0.12121212121212122,1.0314895247828308,10856.0,0.05319960486785635,14.94,1293.0,0.05380590755434409
donchian-NQ-tf5|nyam|,news_only,n40_pct0p2-r0,1 contract,2023,27,692.0,0.14814814814814814,1.0510437412406874,6487.0,0.08755514421878494,25.63,1223.0,0.08730511183761505
donchian-NQ-tf5|nyam|,news_only,n40_pct0p2-r0,1 contract,combined,71,636.0,0.14084507042253522,1.018197945577842,12154.0,0.03233318895597458,8.96,1303.0,0.04933329423383647
donchian-NQ-tf5|nyam|,news_only,n40_pct0p2-r0,"$1,000 risk (micros)",2021*,11,-996.0,0.18181818181818182,0.8938109707340477,6238.0,-0.25057531831885377,-90.55,2104.0,-0.12616115561904948
donchian-NQ-tf5|nyam|,news_only,n40_pct0p2-r0,"$1,000 risk (micros)",2022,33,3159.5,0.12121212121212122,1.1053957134517556,19586.5,0.16955555402682954,95.74,2099.5,0.17054165921333506
donchian-NQ-tf5|nyam|,news_only,n40_pct0p2-r0,"$1,000 risk (micros)",2023,27,2379.0,0.14814814814814814,1.1006579364911464,11392.5,0.16798659770368296,88.11,2099.5,0.16759122258812376
donchian-NQ-tf5|nyam|,news_only,n40_pct0p2-r0,"$1,000 risk (micros)",combined,71,4542.5,0.14084507042253522,1.0721129041219848,21682.5,0.12255834710951152,63.98,2104.0,0.18666788027237657
donchian-NQ-tf5|nyam|,news_never,n60_pts30-r3,1 contract,2021*,88,6503.0,0.29545454545454547,1.1721828002541834,9847.0,1.0977244055578441,73.9,1822.0,0.6477226214873415
donchian-NQ-tf5|nyam|,news_never,n60_pts30-r3,1 contract,2022,341,-914.0,0.25513196480938416,0.9940939285068108,14399.0,-0.04418430614686317,-2.68,1832.0,-0.04749412146629614
donchian-NQ-tf5|nyam|,news_never,n60_pts30-r3,1 contract,2023,257,9357.0,0.2840466926070039,1.0836783788376065,15986.0,0.5354978872623071,36.41,1822.0,0.5590825011111795
donchian-NQ-tf5|nyam|,news_never,n60_pts30-r3,1 contract,combined,686,14946.0,0.27113702623906705,1.0491087417240303,21612.0,0.3383626831194927,21.79,1832.0,0.5459246343922215
donchian-NQ-tf5|nyam|,news_never,n60_pts30-r3,"$1,000 risk (micros)",2021*,88,10157.5,0.29545454545454547,1.1566596748820137,17025.5,1.0086846211443308,115.43,3128.0,0.595131887342283
donchian-NQ-tf5|nyam|,news_never,n60_pts30-r3,"$1,000 risk (micros)",2022,341,-5032.0,0.25513196480938416,0.9810596365497825,25704.0,-0.14313088832426246,-14.76,3145.0,-0.15381028396087154
donchian-NQ-tf5|nyam|,news_never,n60_pts30-r3,"$1,000 risk (micros)",2023,257,13285.5,0.2840466926070039,1.0692052247066637,27625.0,0.4473205262662232,51.69,3128.0,0.46694771253434525
donchian-NQ-tf5|nyam|,news_never,n60_pts30-r3,"$1,000 risk (micros)",combined,686,18411.0,0.27113702623906705,1.03523727407311,39015.0,0.2452285550504908,26.84,3145.0,0.39558168007947
donchian-NQ-tf5|nyam|,long,n60_pts20-r1,1 contract,2021*,74,1104.0,0.527027027027027,1.0769874476987447,2102.0,0.5935636943564261,14.92,862.0,0.31686804972572713
donchian-NQ-tf5|nyam|,long,n60_pts20-r1,1 contract,2022,216,2596.0,0.5231481481481481,1.0615866388308977,5579.0,0.40636764526187863,12.02,1222.0,0.4381658623483667
donchian-NQ-tf5|nyam|,long,n60_pts20-r1,1 contract,2023,259,1919.0,0.5173745173745173,1.0375207742692345,9385.0,0.29402567512234956,7.41,1227.0,0.2957974805040073
donchian-NQ-tf5|nyam|,long,n60_pts20-r1,1 contract,combined,549,5619.0,0.5209471766848816,1.052203238663285,9385.0,0.3809484535658624,10.23,1227.0,0.5955903780861316
donchian-NQ-tf5|nyam|,long,n60_pts20-r1,"$1,000 risk (micros)",2021*,74,1650.0,0.527027027027027,1.045360824742268,5450.0,0.3572688612447306,22.3,2200.0,0.18943198624907595
donchian-NQ-tf5|nyam|,long,n60_pts20-r1,"$1,000 risk (micros)",2022,216,3250.0,0.5231481481481481,1.0303951367781155,14712.5,0.20411958892613144,15.05,3100.0,0.21942050117599257
donchian-NQ-tf5|nyam|,long,n60_pts20-r1,"$1,000 risk (micros)",2023,259,912.5,0.5173745173745173,1.0070334328933424,24662.5,0.05609475124892225,3.52,3112.5,0.05626163646897483
donchian-NQ-tf5|nyam|,long,n60_pts20-r1,"$1,000 risk (micros)",combined,549,5812.5,0.5209471766848816,1.0212882845762945,24662.5,0.15818235839395964,10.59,3112.5,0.24644022584984088
donchian-NQ-tf5|nyam|,short,n20_atr1p5-r1,1 contract,2021*,72,-3133.0,0.4444444444444444,0.8762882527147088,8620.0,-0.8987284753258097,-43.51,1798.0,-0.5170087779700983
donchian-NQ-tf5|nyam|,short,n20_atr1p5-r1,1 contract,2022,302,9407.0,0.5231788079470199,1.073988721183568,9793.0,0.5857481631479157,31.15,3453.0,0.5841878351407049
donchian-NQ-tf5|nyam|,short,n20_atr1p5-r1,1 contract,2023,210,-4400.0,0.5,0.9302915082382763,7432.0,-0.5073040800173151,-20.95,1473.0,-0.49807686598618134
donchian-NQ-tf5|nyam|,short,n20_atr1p5-r1,1 contract,combined,584,1874.0,0.5051369863013698,1.0086925867171337,13452.0,0.06401612819012996,3.21,3453.0,0.09697061520232589
donchian-NQ-tf5|nyam|,short,n20_atr1p5-r1,"$1,000 risk (micros)",2021*,72,-9296.5,0.4444444444444444,0.7726433436456792,15966.0,-1.9249963429661696,-129.12,2274.0,-1.0892689259364603
donchian-NQ-tf5|nyam|,short,n20_atr1p5-r1,"$1,000 risk (micros)",2022,302,9096.0,0.5231788079470199,1.061845576436672,11098.0,0.5068763866637366,30.12,3045.5,0.5203735512163743
donchian-NQ-tf5|nyam|,short,n20_atr1p5-r1,"$1,000 risk (micros)",2023,210,-5129.0,0.5,0.9526230954327334,10939.0,-0.3685495935381209,-24.42,2064.5,-0.3507065521553616
donchian-NQ-tf5|nyam|,short,n20_atr1p5-r1,"$1,000 risk (micros)",combined,584,-5329.5,0.5051369863013698,0.9820086083213774,19557.5,-0.14429404786405262,-9.13,3045.5,-0.21908041421261437
