key,sess,trades,pool_id
hm-donchian-tf15#0,nyam,1267,"{""exit_bars"": 0, ""max_tr"": 3, ""stop_mode"": ""atr"", ""stop_val"": 1.0, ""tf"": 15, ""tgt_r"": 0.5, ""trail_atr"": 0.0}"
hm-donchian-tf15#1,nyam,1218,"{""exit_bars"": 0, ""max_tr"": 3, ""stop_mode"": ""atr"", ""stop_val"": 1.0, ""tf"": 15, ""tgt_r"": 1.0, ""trail_atr"": 0.0}"
hm-donchian-tf15#10,nyam,758,"{""exit_bars"": 0, ""max_tr"": 3, ""stop_mode"": ""atr"", ""stop_val"": 3.0, ""tf"": 15, ""tgt_r"": 2.0, ""trail_atr"": 0.0}"
hm-donchian-tf15#10,pm,647,"{""exit_bars"": 0, ""max_tr"": 3, ""stop_mode"": ""atr"", ""stop_val"": 3.0, ""tf"": 15, ""tgt_r"": 2.0, ""trail_atr"": 0.0}"
hm-donchian-tf15#11,nyam,743,"{""exit_bars"": 0, ""max_tr"": 3, ""stop_mode"": ""atr"", ""stop_val"": 3.0, ""tf"": 15, ""tgt_r"": 3.0, ""trail_atr"": 0.0}"
hm-donchian-tf15#11,pm,644,"{""exit_bars"": 0, ""max_tr"": 3, ""stop_mode"": ""atr"", ""stop_val"": 3.0, ""tf"": 15, ""tgt_r"": 3.0, ""trail_atr"": 0.0}"
hm-donchian-tf15#13,nyam,1087,"{""exit_bars"": 0, ""max_tr"": 3, ""stop_mode"": ""atr"", ""stop_val"": 1.0, ""tf"": 15, ""tgt_r"": 1.0, ""trail_atr"": 0.0}"
hm-donchian-tf15#13,pm,650,"{""exit_bars"": 0, ""max_tr"": 3, ""stop_mode"": ""atr"", ""stop_val"": 1.0, ""tf"": 15, ""tgt_r"": 1.0, ""trail_atr"": 0.0}"
hm-donchian-tf15#14,nyam,936,"{""exit_bars"": 0, ""max_tr"": 3, ""stop_mode"": ""atr"", ""stop_val"": 1.0, ""tf"": 15, ""tgt_r"": 2.0, ""trail_atr"": 0.0}"
hm-donchian-tf15#17,nyam,908,"{""exit_bars"": 0, ""max_tr"": 3, ""stop_mode"": ""atr"", ""stop_val"": 2.0, ""tf"": 15, ""tgt_r"": 1.0, ""trail_atr"": 0.0}"
hm-donchian-tf15#2,nyam,1050,"{""exit_bars"": 0, ""max_tr"": 3, ""stop_mode"": ""atr"", ""stop_val"": 1.0, ""tf"": 15, ""tgt_r"": 2.0, ""trail_atr"": 0.0}"
hm-donchian-tf15#2,pm,793,"{""exit_bars"": 0, ""max_tr"": 3, ""stop_mode"": ""atr"", ""stop_val"": 1.0, ""tf"": 15, ""tgt_r"": 2.0, ""trail_atr"": 0.0}"
hm-donchian-tf15#21,nyam,789,"{""exit_bars"": 0, ""max_tr"": 3, ""stop_mode"": ""atr"", ""stop_val"": 3.0, ""tf"": 15, ""tgt_r"": 1.0, ""trail_atr"": 0.0}"
hm-donchian-tf15#22,nyam,688,"{""exit_bars"": 0, ""max_tr"": 3, ""stop_mode"": ""atr"", ""stop_val"": 3.0, ""tf"": 15, ""tgt_r"": 2.0, ""trail_atr"": 0.0}"
hm-donchian-tf15#23,nyam,674,"{""exit_bars"": 0, ""max_tr"": 3, ""stop_mode"": ""atr"", ""stop_val"": 3.0, ""tf"": 15, ""tgt_r"": 3.0, ""trail_atr"": 0.0}"
hm-donchian-tf15#3,nyam,944,"{""exit_bars"": 0, ""max_tr"": 3, ""stop_mode"": ""atr"", ""stop_val"": 1.0, ""tf"": 15, ""tgt_r"": 3.0, ""trail_atr"": 0.0}"
hm-donchian-tf15#4,nyam,1210,"{""exit_bars"": 0, ""max_tr"": 3, ""stop_mode"": ""atr"", ""stop_val"": 2.0, ""tf"": 15, ""tgt_r"": 0.5, ""trail_atr"": 0.0}"
hm-donchian-tf15#5,nyam,1019,"{""exit_bars"": 0, ""max_tr"": 3, ""stop_mode"": ""atr"", ""stop_val"": 2.0, ""tf"": 15, ""tgt_r"": 1.0, ""trail_atr"": 0.0}"
hm-donchian-tf15#5,pm,771,"{""exit_bars"": 0, ""max_tr"": 3, ""stop_mode"": ""atr"", ""stop_val"": 2.0, ""tf"": 15, ""tgt_r"": 1.0, ""trail_atr"": 0.0}"
hm-donchian-tf15#6,nyam,837,"{""exit_bars"": 0, ""max_tr"": 3, ""stop_mode"": ""atr"", ""stop_val"": 2.0, ""tf"": 15, ""tgt_r"": 2.0, ""trail_atr"": 0.0}"
hm-donchian-tf15#7,nyam,785,"{""exit_bars"": 0, ""max_tr"": 3, ""stop_mode"": ""atr"", ""stop_val"": 2.0, ""tf"": 15, ""tgt_r"": 3.0, ""trail_atr"": 0.0}"
hm-donchian-tf15#8,nyam,1086,"{""exit_bars"": 0, ""max_tr"": 3, ""stop_mode"": ""atr"", ""stop_val"": 3.0, ""tf"": 15, ""tgt_r"": 0.5, ""trail_atr"": 0.0}"
hm-donchian-tf15#8,pm,813,"{""exit_bars"": 0, ""max_tr"": 3, ""stop_mode"": ""atr"", ""stop_val"": 3.0, ""tf"": 15, ""tgt_r"": 0.5, ""trail_atr"": 0.0}"
hm-donchian-tf15#9,nyam,876,"{""exit_bars"": 0, ""max_tr"": 3, ""stop_mode"": ""atr"", ""stop_val"": 3.0, ""tf"": 15, ""tgt_r"": 1.0, ""trail_atr"": 0.0}"
hm-donchian-tf15#9,pm,681,"{""exit_bars"": 0, ""max_tr"": 3, ""stop_mode"": ""atr"", ""stop_val"": 3.0, ""tf"": 15, ""tgt_r"": 1.0, ""trail_atr"": 0.0}"
hm-donchian-tf30#10,nyam,545,"{""exit_bars"": 0, ""max_tr"": 3, ""stop_mode"": ""atr"", ""stop_val"": 3.0, ""tf"": 30, ""tgt_r"": 2.0, ""trail_atr"": 0.0}"
hm-donchian-tf30#11,nyam,545,"{""exit_bars"": 0, ""max_tr"": 3, ""stop_mode"": ""atr"", ""stop_val"": 3.0, ""tf"": 30, ""tgt_r"": 3.0, ""trail_atr"": 0.0}"
hm-donchian-tf30#8,nyam,647,"{""exit_bars"": 0, ""max_tr"": 3, ""stop_mode"": ""atr"", ""stop_val"": 3.0, ""tf"": 30, ""tgt_r"": 0.5, ""trail_atr"": 0.0}"
hm-donchian-tf30#9,nyam,567,"{""exit_bars"": 0, ""max_tr"": 3, ""stop_mode"": ""atr"", ""stop_val"": 3.0, ""tf"": 30, ""tgt_r"": 1.0, ""trail_atr"": 0.0}"
hm-ema_pullback-tf5#16,mid,1340,"{""exit_bars"": 0, ""max_tr"": 3, ""stop_mode"": ""atr"", ""stop_val"": 2.0, ""tf"": 5, ""tgt_r"": 0.5, ""trail_atr"": 0.0}"
hm-ema_pullback-tf5#16,pm,1594,"{""exit_bars"": 0, ""max_tr"": 3, ""stop_mode"": ""atr"", ""stop_val"": 2.0, ""tf"": 5, ""tgt_r"": 0.5, ""trail_atr"": 0.0}"
hm-ema_pullback-tf5#18,mid,914,"{""exit_bars"": 0, ""max_tr"": 3, ""stop_mode"": ""atr"", ""stop_val"": 2.0, ""tf"": 5, ""tgt_r"": 2.0, ""trail_atr"": 0.0}"
hm-ema_pullback-tf5#19,mid,899,"{""exit_bars"": 0, ""max_tr"": 3, ""stop_mode"": ""atr"", ""stop_val"": 2.0, ""tf"": 5, ""tgt_r"": 3.0, ""trail_atr"": 0.0}"
hm-first_bar_mom-tf15#10,mid,613,"{""exit_bars"": 0, ""max_tr"": 3, ""stop_mode"": ""atr"", ""stop_val"": 3.0, ""tf"": 15, ""tgt_r"": 2.0, ""trail_atr"": 0.0}"
hm-first_bar_mom-tf15#10,nyam,819,"{""exit_bars"": 0, ""max_tr"": 3, ""stop_mode"": ""atr"", ""stop_val"": 3.0, ""tf"": 15, ""tgt_r"": 2.0, ""trail_atr"": 0.0}"
hm-first_bar_mom-tf15#11,mid,613,"{""exit_bars"": 0, ""max_tr"": 3, ""stop_mode"": ""atr"", ""stop_val"": 3.0, ""tf"": 15, ""tgt_r"": 3.0, ""trail_atr"": 0.0}"
hm-first_bar_mom-tf15#11,nyam,819,"{""exit_bars"": 0, ""max_tr"": 3, ""stop_mode"": ""atr"", ""stop_val"": 3.0, ""tf"": 15, ""tgt_r"": 3.0, ""trail_atr"": 0.0}"
hm-first_bar_mom-tf15#19,nyam,816,"{""exit_bars"": 0, ""max_tr"": 3, ""stop_mode"": ""atr"", ""stop_val"": 2.0, ""tf"": 15, ""tgt_r"": 3.0, ""trail_atr"": 0.0}"
hm-first_bar_mom-tf15#20,nyam,816,"{""exit_bars"": 0, ""max_tr"": 3, ""stop_mode"": ""atr"", ""stop_val"": 3.0, ""tf"": 15, ""tgt_r"": 0.5, ""trail_atr"": 0.0}"
hm-first_bar_mom-tf15#21,nyam,816,"{""exit_bars"": 0, ""max_tr"": 3, ""stop_mode"": ""atr"", ""stop_val"": 3.0, ""tf"": 15, ""tgt_r"": 1.0, ""trail_atr"": 0.0}"
hm-first_bar_mom-tf15#22,nyam,816,"{""exit_bars"": 0, ""max_tr"": 3, ""stop_mode"": ""atr"", ""stop_val"": 3.0, ""tf"": 15, ""tgt_r"": 2.0, ""trail_atr"": 0.0}"
hm-first_bar_mom-tf15#23,nyam,816,"{""exit_bars"": 0, ""max_tr"": 3, ""stop_mode"": ""atr"", ""stop_val"": 3.0, ""tf"": 15, ""tgt_r"": 3.0, ""trail_atr"": 0.0}"
hm-first_bar_mom-tf15#30,nyam,769,"{""exit_bars"": 0, ""max_tr"": 3, ""stop_mode"": ""atr"", ""stop_val"": 2.0, ""tf"": 15, ""tgt_r"": 2.0, ""trail_atr"": 0.0}"
hm-first_bar_mom-tf15#31,nyam,769,"{""exit_bars"": 0, ""max_tr"": 3, ""stop_mode"": ""atr"", ""stop_val"": 2.0, ""tf"": 15, ""tgt_r"": 3.0, ""trail_atr"": 0.0}"
hm-first_bar_mom-tf15#32,nyam,769,"{""exit_bars"": 0, ""max_tr"": 3, ""stop_mode"": ""atr"", ""stop_val"": 3.0, ""tf"": 15, ""tgt_r"": 0.5, ""trail_atr"": 0.0}"
hm-first_bar_mom-tf15#33,nyam,769,"{""exit_bars"": 0, ""max_tr"": 3, ""stop_mode"": ""atr"", ""stop_val"": 3.0, ""tf"": 15, ""tgt_r"": 1.0, ""trail_atr"": 0.0}"
hm-first_bar_mom-tf15#34,nyam,769,"{""exit_bars"": 0, ""max_tr"": 3, ""stop_mode"": ""atr"", ""stop_val"": 3.0, ""tf"": 15, ""tgt_r"": 2.0, ""trail_atr"": 0.0}"
hm-first_bar_mom-tf15#35,nyam,769,"{""exit_bars"": 0, ""max_tr"": 3, ""stop_mode"": ""atr"", ""stop_val"": 3.0, ""tf"": 15, ""tgt_r"": 3.0, ""trail_atr"": 0.0}"
hm-first_bar_mom-tf15#4,mid,613,"{""exit_bars"": 0, ""max_tr"": 3, ""stop_mode"": ""atr"", ""stop_val"": 2.0, ""tf"": 15, ""tgt_r"": 0.5, ""trail_atr"": 0.0}"
hm-first_bar_mom-tf15#5,mid,613,"{""exit_bars"": 0, ""max_tr"": 3, ""stop_mode"": ""atr"", ""stop_val"": 2.0, ""tf"": 15, ""tgt_r"": 1.0, ""trail_atr"": 0.0}"
hm-first_bar_mom-tf15#7,nyam,819,"{""exit_bars"": 0, ""max_tr"": 3, ""stop_mode"": ""atr"", ""stop_val"": 2.0, ""tf"": 15, ""tgt_r"": 3.0, ""trail_atr"": 0.0}"
hm-first_bar_mom-tf15#8,mid,613,"{""exit_bars"": 0, ""max_tr"": 3, ""stop_mode"": ""atr"", ""stop_val"": 3.0, ""tf"": 15, ""tgt_r"": 0.5, ""trail_atr"": 0.0}"
hm-first_bar_mom-tf15#8,nyam,819,"{""exit_bars"": 0, ""max_tr"": 3, ""stop_mode"": ""atr"", ""stop_val"": 3.0, ""tf"": 15, ""tgt_r"": 0.5, ""trail_atr"": 0.0}"
hm-first_bar_mom-tf15#9,mid,613,"{""exit_bars"": 0, ""max_tr"": 3, ""stop_mode"": ""atr"", ""stop_val"": 3.0, ""tf"": 15, ""tgt_r"": 1.0, ""trail_atr"": 0.0}"
hm-first_bar_mom-tf15#9,nyam,819,"{""exit_bars"": 0, ""max_tr"": 3, ""stop_mode"": ""atr"", ""stop_val"": 3.0, ""tf"": 15, ""tgt_r"": 1.0, ""trail_atr"": 0.0}"
hm-orb-tf5#10,mid,820,"{""exit_bars"": 0, ""max_tr"": 3, ""stop_mode"": ""atr"", ""stop_val"": 3.0, ""tf"": 5, ""tgt_r"": 2.0, ""trail_atr"": 0.0}"
hm-orb-tf5#11,mid,820,"{""exit_bars"": 0, ""max_tr"": 3, ""stop_mode"": ""atr"", ""stop_val"": 3.0, ""tf"": 5, ""tgt_r"": 3.0, ""trail_atr"": 0.0}"
hm-orb-tf5#11,pm,812,"{""exit_bars"": 0, ""max_tr"": 3, ""stop_mode"": ""atr"", ""stop_val"": 3.0, ""tf"": 5, ""tgt_r"": 3.0, ""trail_atr"": 0.0}"
hm-orb-tf5#13,nyam,814,"{""exit_bars"": 0, ""max_tr"": 3, ""stop_mode"": ""atr"", ""stop_val"": 1.0, ""tf"": 5, ""tgt_r"": 1.0, ""trail_atr"": 0.0}"
hm-orb-tf5#15,nyam,814,"{""exit_bars"": 0, ""max_tr"": 3, ""stop_mode"": ""atr"", ""stop_val"": 1.0, ""tf"": 5, ""tgt_r"": 3.0, ""trail_atr"": 0.0}"
hm-orb-tf5#19,nyam,814,"{""exit_bars"": 0, ""max_tr"": 3, ""stop_mode"": ""atr"", ""stop_val"": 2.0, ""tf"": 5, ""tgt_r"": 3.0, ""trail_atr"": 0.0}"
hm-orb-tf5#22,nyam,814,"{""exit_bars"": 0, ""max_tr"": 3, ""stop_mode"": ""atr"", ""stop_val"": 3.0, ""tf"": 5, ""tgt_r"": 2.0, ""trail_atr"": 0.0}"
hm-orb-tf5#27,pm,810,"{""exit_bars"": 0, ""max_tr"": 3, ""stop_mode"": ""atr"", ""stop_val"": 1.0, ""tf"": 5, ""tgt_r"": 3.0, ""trail_atr"": 0.0}"
hm-orb-tf5#33,nyam,762,"{""exit_bars"": 0, ""max_tr"": 3, ""stop_mode"": ""atr"", ""stop_val"": 3.0, ""tf"": 5, ""tgt_r"": 1.0, ""trail_atr"": 0.0}"
hm-orb-tf5#34,nyam,762,"{""exit_bars"": 0, ""max_tr"": 3, ""stop_mode"": ""atr"", ""stop_val"": 3.0, ""tf"": 5, ""tgt_r"": 2.0, ""trail_atr"": 0.0}"
hm-orb-tf5#35,nyam,762,"{""exit_bars"": 0, ""max_tr"": 3, ""stop_mode"": ""atr"", ""stop_val"": 3.0, ""tf"": 5, ""tgt_r"": 3.0, ""trail_atr"": 0.0}"
hm-orb-tf5#4,mid,820,"{""exit_bars"": 0, ""max_tr"": 3, ""stop_mode"": ""atr"", ""stop_val"": 2.0, ""tf"": 5, ""tgt_r"": 0.5, ""trail_atr"": 0.0}"
hm-orb-tf5#7,nyam,820,"{""exit_bars"": 0, ""max_tr"": 3, ""stop_mode"": ""atr"", ""stop_val"": 2.0, ""tf"": 5, ""tgt_r"": 3.0, ""trail_atr"": 0.0}"
hm-orb-tf5#8,mid,820,"{""exit_bars"": 0, ""max_tr"": 3, ""stop_mode"": ""atr"", ""stop_val"": 3.0, ""tf"": 5, ""tgt_r"": 0.5, ""trail_atr"": 0.0}"
hm-orb-tf5#9,mid,820,"{""exit_bars"": 0, ""max_tr"": 3, ""stop_mode"": ""atr"", ""stop_val"": 3.0, ""tf"": 5, ""tgt_r"": 1.0, ""trail_atr"": 0.0}"
hm-tema_slope-tf5#24,nyam,1556,"{""exit_bars"": 0, ""max_tr"": 3, ""stop_mode"": ""atr"", ""stop_val"": 1.0, ""tf"": 5, ""tgt_r"": 0.5, ""trail_atr"": 0.0}"
hm-tema_slope-tf5#28,pm,1447,"{""exit_bars"": 0, ""max_tr"": 3, ""stop_mode"": ""atr"", ""stop_val"": 2.0, ""tf"": 5, ""tgt_r"": 0.5, ""trail_atr"": 0.0}"
hm-tema_slope-tf5#33,london,1832,"{""exit_bars"": 0, ""max_tr"": 3, ""stop_mode"": ""atr"", ""stop_val"": 3.0, ""tf"": 5, ""tgt_r"": 1.0, ""trail_atr"": 0.0}"
hm-tema_slope-tf5#4,mid,2040,"{""exit_bars"": 0, ""max_tr"": 3, ""stop_mode"": ""atr"", ""stop_val"": 2.0, ""tf"": 5, ""tgt_r"": 0.5, ""trail_atr"": 0.0}"
hm-tod_drift-tf5#0,mid,820,"{""exit_bars"": 6, ""max_tr"": 1, ""stop_mode"": ""atr"", ""stop_val"": 1.5, ""tf"": 5, ""tgt_r"": 0.0, ""trail_atr"": 0.0}"
hm-tod_drift-tf5#0,nyam,820,"{""exit_bars"": 6, ""max_tr"": 1, ""stop_mode"": ""atr"", ""stop_val"": 1.5, ""tf"": 5, ""tgt_r"": 0.0, ""trail_atr"": 0.0}"
hm-tod_drift-tf5#11,nyam,820,"{""exit_bars"": 6, ""max_tr"": 1, ""stop_mode"": ""atr"", ""stop_val"": 1.5, ""tf"": 5, ""tgt_r"": 0.0, ""trail_atr"": 0.0}"
hm-tod_drift-tf5#13,nyam,820,"{""exit_bars"": 6, ""max_tr"": 1, ""stop_mode"": ""atr"", ""stop_val"": 1.5, ""tf"": 5, ""tgt_r"": 0.0, ""trail_atr"": 0.0}"
hm-tod_drift-tf5#15,nyam,820,"{""exit_bars"": 6, ""max_tr"": 1, ""stop_mode"": ""atr"", ""stop_val"": 1.5, ""tf"": 5, ""tgt_r"": 0.0, ""trail_atr"": 0.0}"
hm-tod_drift-tf5#17,nyam,820,"{""exit_bars"": 6, ""max_tr"": 1, ""stop_mode"": ""atr"", ""stop_val"": 1.5, ""tf"": 5, ""tgt_r"": 0.0, ""trail_atr"": 0.0}"
hm-tod_drift-tf5#19,mid,820,"{""exit_bars"": 6, ""max_tr"": 1, ""stop_mode"": ""atr"", ""stop_val"": 1.5, ""tf"": 5, ""tgt_r"": 0.0, ""trail_atr"": 0.0}"
hm-tod_drift-tf5#2,mid,820,"{""exit_bars"": 6, ""max_tr"": 1, ""stop_mode"": ""atr"", ""stop_val"": 1.5, ""tf"": 5, ""tgt_r"": 0.0, ""trail_atr"": 0.0}"
hm-tod_drift-tf5#21,mid,820,"{""exit_bars"": 6, ""max_tr"": 1, ""stop_mode"": ""atr"", ""stop_val"": 1.5, ""tf"": 5, ""tgt_r"": 0.0, ""trail_atr"": 0.0}"
hm-tod_drift-tf5#22,london,820,"{""exit_bars"": 6, ""max_tr"": 1, ""stop_mode"": ""atr"", ""stop_val"": 1.5, ""tf"": 5, ""tgt_r"": 0.0, ""trail_atr"": 0.0}"
hm-tod_drift-tf5#23,mid,820,"{""exit_bars"": 6, ""max_tr"": 1, ""stop_mode"": ""atr"", ""stop_val"": 1.5, ""tf"": 5, ""tgt_r"": 0.0, ""trail_atr"": 0.0}"
hm-tod_drift-tf5#4,mid,820,"{""exit_bars"": 6, ""max_tr"": 1, ""stop_mode"": ""atr"", ""stop_val"": 1.5, ""tf"": 5, ""tgt_r"": 0.0, ""trail_atr"": 0.0}"
hm-tod_drift-tf5#4,pm,813,"{""exit_bars"": 6, ""max_tr"": 1, ""stop_mode"": ""atr"", ""stop_val"": 1.5, ""tf"": 5, ""tgt_r"": 0.0, ""trail_atr"": 0.0}"
hm-vwap_band-tf5#10,london,1575,"{""exit_bars"": 0, ""max_tr"": 3, ""stop_mode"": ""atr"", ""stop_val"": 3.0, ""tf"": 5, ""tgt_r"": 2.0, ""trail_atr"": 0.0}"
hm-vwap_band-tf5#10,mid,928,"{""exit_bars"": 0, ""max_tr"": 3, ""stop_mode"": ""atr"", ""stop_val"": 3.0, ""tf"": 5, ""tgt_r"": 2.0, ""trail_atr"": 0.0}"
hm-vwap_band-tf5#11,london,1419,"{""exit_bars"": 0, ""max_tr"": 3, ""stop_mode"": ""atr"", ""stop_val"": 3.0, ""tf"": 5, ""tgt_r"": 3.0, ""trail_atr"": 0.0}"
hm-vwap_band-tf5#11,mid,919,"{""exit_bars"": 0, ""max_tr"": 3, ""stop_mode"": ""atr"", ""stop_val"": 3.0, ""tf"": 5, ""tgt_r"": 3.0, ""trail_atr"": 0.0}"
hm-vwap_band-tf5#15,london,1645,"{""exit_bars"": 0, ""max_tr"": 3, ""stop_mode"": ""atr"", ""stop_val"": 1.0, ""tf"": 5, ""tgt_r"": 3.0, ""trail_atr"": 0.0}"
hm-vwap_band-tf5#5,mid,1336,"{""exit_bars"": 0, ""max_tr"": 3, ""stop_mode"": ""atr"", ""stop_val"": 2.0, ""tf"": 5, ""tgt_r"": 1.0, ""trail_atr"": 0.0}"
hm-vwap_band-tf5#6,london,2053,"{""exit_bars"": 0, ""max_tr"": 3, ""stop_mode"": ""atr"", ""stop_val"": 2.0, ""tf"": 5, ""tgt_r"": 2.0, ""trail_atr"": 0.0}"
hm-vwap_band-tf5#6,mid,1130,"{""exit_bars"": 0, ""max_tr"": 3, ""stop_mode"": ""atr"", ""stop_val"": 2.0, ""tf"": 5, ""tgt_r"": 2.0, ""trail_atr"": 0.0}"
hm-vwap_band-tf5#7,london,1853,"{""exit_bars"": 0, ""max_tr"": 3, ""stop_mode"": ""atr"", ""stop_val"": 2.0, ""tf"": 5, ""tgt_r"": 3.0, ""trail_atr"": 0.0}"
hm-vwap_band-tf5#7,mid,1082,"{""exit_bars"": 0, ""max_tr"": 3, ""stop_mode"": ""atr"", ""stop_val"": 2.0, ""tf"": 5, ""tgt_r"": 3.0, ""trail_atr"": 0.0}"
hm-vwap_band-tf5#8,london,2159,"{""exit_bars"": 0, ""max_tr"": 3, ""stop_mode"": ""atr"", ""stop_val"": 3.0, ""tf"": 5, ""tgt_r"": 0.5, ""trail_atr"": 0.0}"
hm-vwap_band-tf5#8,mid,1256,"{""exit_bars"": 0, ""max_tr"": 3, ""stop_mode"": ""atr"", ""stop_val"": 3.0, ""tf"": 5, ""tgt_r"": 0.5, ""trail_atr"": 0.0}"
hm-vwap_band-tf5#9,london,1944,"{""exit_bars"": 0, ""max_tr"": 3, ""stop_mode"": ""atr"", ""stop_val"": 3.0, ""tf"": 5, ""tgt_r"": 1.0, ""trail_atr"": 0.0}"
hm-vwap_band-tf5#9,mid,1031,"{""exit_bars"": 0, ""max_tr"": 3, ""stop_mode"": ""atr"", ""stop_val"": 3.0, ""tf"": 5, ""tgt_r"": 1.0, ""trail_atr"": 0.0}"
hm-vwap_z-tf5#1,mid,2196,"{""exit_bars"": 0, ""max_tr"": 3, ""stop_mode"": ""atr"", ""stop_val"": 1.0, ""tf"": 5, ""tgt_r"": 1.0, ""trail_atr"": 0.0}"
hm-vwap_z-tf5#10,london,1716,"{""exit_bars"": 0, ""max_tr"": 3, ""stop_mode"": ""atr"", ""stop_val"": 3.0, ""tf"": 5, ""tgt_r"": 2.0, ""trail_atr"": 0.0}"
hm-vwap_z-tf5#10,mid,974,"{""exit_bars"": 0, ""max_tr"": 3, ""stop_mode"": ""atr"", ""stop_val"": 3.0, ""tf"": 5, ""tgt_r"": 2.0, ""trail_atr"": 0.0}"
hm-vwap_z-tf5#11,mid,964,"{""exit_bars"": 0, ""max_tr"": 3, ""stop_mode"": ""atr"", ""stop_val"": 3.0, ""tf"": 5, ""tgt_r"": 3.0, ""trail_atr"": 0.0}"
hm-vwap_z-tf5#15,pm,1297,"{""exit_bars"": 0, ""max_tr"": 3, ""stop_mode"": ""atr"", ""stop_val"": 1.0, ""tf"": 5, ""tgt_r"": 3.0, ""trail_atr"": 0.0}"
hm-vwap_z-tf5#3,mid,1842,"{""exit_bars"": 0, ""max_tr"": 3, ""stop_mode"": ""atr"", ""stop_val"": 1.0, ""tf"": 5, ""tgt_r"": 3.0, ""trail_atr"": 0.0}"
hm-vwap_z-tf5#4,mid,1859,"{""exit_bars"": 0, ""max_tr"": 3, ""stop_mode"": ""atr"", ""stop_val"": 2.0, ""tf"": 5, ""tgt_r"": 0.5, ""trail_atr"": 0.0}"
hm-vwap_z-tf5#5,mid,1541,"{""exit_bars"": 0, ""max_tr"": 3, ""stop_mode"": ""atr"", ""stop_val"": 2.0, ""tf"": 5, ""tgt_r"": 1.0, ""trail_atr"": 0.0}"
hm-vwap_z-tf5#6,mid,1236,"{""exit_bars"": 0, ""max_tr"": 3, ""stop_mode"": ""atr"", ""stop_val"": 2.0, ""tf"": 5, ""tgt_r"": 2.0, ""trail_atr"": 0.0}"
hm-vwap_z-tf5#7,mid,1164,"{""exit_bars"": 0, ""max_tr"": 3, ""stop_mode"": ""atr"", ""stop_val"": 2.0, ""tf"": 5, ""tgt_r"": 3.0, ""trail_atr"": 0.0}"
hm-vwap_z-tf5#8,mid,1479,"{""exit_bars"": 0, ""max_tr"": 3, ""stop_mode"": ""atr"", ""stop_val"": 3.0, ""tf"": 5, ""tgt_r"": 0.5, ""trail_atr"": 0.0}"
hm-vwap_z-tf5#9,mid,1138,"{""exit_bars"": 0, ""max_tr"": 3, ""stop_mode"": ""atr"", ""stop_val"": 3.0, ""tf"": 5, ""tgt_r"": 1.0, ""trail_atr"": 0.0}"
screen-donchian-tf15,nyam,818,"{""exit_bars"": 0, ""max_tr"": 3, ""stop_mode"": ""atr"", ""stop_val"": 1.5, ""tf"": 15, ""tgt_r"": 2.0, ""trail_atr"": 0.0}"
screen-ema_pullback-tf5,pm,1288,"{""exit_bars"": 0, ""max_tr"": 3, ""stop_mode"": ""atr"", ""stop_val"": 1.5, ""tf"": 5, ""tgt_r"": 2.0, ""trail_atr"": 0.0}"
screen-rsi2-tf1,mid,2457,"{""exit_bars"": 0, ""max_tr"": 3, ""stop_mode"": ""atr"", ""stop_val"": 1.5, ""tf"": 1, ""tgt_r"": 2.0, ""trail_atr"": 0.0}"
screen-straddle-tf30,pm,811,"{""exit_bars"": 0, ""max_tr"": 3, ""stop_mode"": ""atr"", ""stop_val"": 1.5, ""tf"": 30, ""tgt_r"": 2.0, ""trail_atr"": 0.0}"
screen-tema_slope-tf5,london,2364,"{""exit_bars"": 0, ""max_tr"": 3, ""stop_mode"": ""atr"", ""stop_val"": 1.5, ""tf"": 5, ""tgt_r"": 2.0, ""trail_atr"": 0.0}"
screen-tod_drift-tf15,pm,813,"{""exit_bars"": 6, ""max_tr"": 1, ""stop_mode"": ""atr"", ""stop_val"": 1.5, ""tf"": 15, ""tgt_r"": 0.0, ""trail_atr"": 0.0}"
screen-tod_drift-tf30,mid,820,"{""exit_bars"": 6, ""max_tr"": 1, ""stop_mode"": ""atr"", ""stop_val"": 1.5, ""tf"": 30, ""tgt_r"": 0.0, ""trail_atr"": 0.0}"
screen-tod_drift-tf30,pm,813,"{""exit_bars"": 6, ""max_tr"": 1, ""stop_mode"": ""atr"", ""stop_val"": 1.5, ""tf"": 30, ""tgt_r"": 0.0, ""trail_atr"": 0.0}"
screen-tod_drift-tf5,mid,820,"{""exit_bars"": 6, ""max_tr"": 1, ""stop_mode"": ""atr"", ""stop_val"": 1.5, ""tf"": 5, ""tgt_r"": 0.0, ""trail_atr"": 0.0}"
screen-tod_drift-tf5,nyam,820,"{""exit_bars"": 6, ""max_tr"": 1, ""stop_mode"": ""atr"", ""stop_val"": 1.5, ""tf"": 5, ""tgt_r"": 0.0, ""trail_atr"": 0.0}"
screen-vwap_band-tf1,mid,2271,"{""exit_bars"": 0, ""max_tr"": 3, ""stop_mode"": ""atr"", ""stop_val"": 1.5, ""tf"": 1, ""tgt_r"": 2.0, ""trail_atr"": 0.0}"
