cell,default,net_2021,net_2022,net_2023,net_build,net_2024,trades_build,trades_2024,stress_build,stress_2024,win,pf,net_combined
k2_pct0p2-r2,False,1009.5,-1716.5,3465.0,2758.0,3467.5,48,30,983.0,3192.5,0.4103,1.286,6225.5
k2_pct0p2-r3,False,1622.0,-1479.0,5040.0,5183.0,4317.5,48,30,2870.5,1767.5,0.359,1.401,9500.5
k2_pts8-r0,False,934.5,5721.0,1102.5,7758.0,2255.0,48,30,5620.5,1692.5,0.2692,1.432,10013.0
k1p5_pts8-r0,False,4019.5,9543.5,-5238.0,8325.0,2870.5,150,73,4500.0,1620.5,0.2646,1.166,11195.5
k2_pts12-r2,False,3159.5,2096.0,3877.5,9133.0,5580.0,48,30,6845.5,5317.5,0.4615,1.608,14713.0
k1p5_pts12-r3,False,5432.0,5731.0,-1275.5,9887.5,7833.0,150,73,6612.5,6483.0,0.3857,1.219,17720.5
k2_atr3-r1,False,3447.0,3771.0,3565.0,10783.0,7705.0,48,30,9620.5,7017.5,0.5641,1.608,18488.0
k1p5_pct0p2-r0,False,5182.0,8818.5,-2200.5,11800.0,12195.5,150,73,7125.0,10895.5,0.296,1.326,23995.5
k2_pts12-r3,False,4284.5,3583.5,4465.0,12333.0,3705.0,48,30,10695.5,2992.5,0.4103,1.609,16038.0
k1_pts12-r0,False,146.0,11422.0,1002.5,12570.5,22264.5,423,187,3895.5,18552.0,0.3574,1.153,34835.0
k2_atr3-r0,False,3659.5,8308.5,2302.5,14270.5,2467.5,48,30,12520.5,1392.5,0.4872,1.507,16738.0
k1p5_pts12-r0,False,6119.5,11143.5,-2188.0,15075.0,14070.5,150,73,11337.5,12383.0,0.3632,1.347,29145.5
k1p5_atr1p5-r2,True,2794.5,13731.0,-1113.0,15412.5,2845.5,150,73,12237.5,1083.0,0.4126,1.227,18258.0
k1p5_atr3-r1,False,944.5,14743.5,-100.5,15587.5,2995.5,150,73,9475.0,1695.5,0.5426,1.191,18583.0
k2_atr3-r2,False,3659.5,7571.0,4990.0,16220.5,3780.0,48,30,14533.0,2730.0,0.5,1.625,20000.5
k2_atr1p5-r2,False,4034.5,7621.0,5365.0,17020.5,6230.0,48,30,16558.0,4992.5,0.5128,1.991,23250.5
k1p5_atr3-r3,False,3507.0,18843.5,-5138.0,17212.5,4395.5,150,73,11550.0,2508.0,0.4843,1.207,21608.0
k1p5_atr3-r2,False,2769.5,17018.5,-2450.5,17337.5,2145.5,150,73,11787.5,308.0,0.4888,1.188,19483.0
k1p5_atr1p5-r0,False,5319.5,16331.0,-2938.0,18712.5,4033.0,150,73,15037.5,1570.5,0.3587,1.263,22745.5
k2_atr1p5-r3,False,5459.5,10196.0,5090.0,20745.5,3055.0,48,30,19945.5,1567.5,0.4615,1.948,23800.5
k1p5_atr3-r0,False,3469.5,22793.5,-5138.0,21125.0,12483.0,150,73,15375.0,10508.0,0.4843,1.321,33608.0
k1_atr1p5-r2,False,-3191.5,31684.5,-6235.0,22258.0,9814.5,423,187,14758.0,6814.5,0.3869,1.143,32072.5
k1_atr1p5-r3,False,-791.5,31097.0,-6797.5,23508.0,12064.5,423,187,14333.0,8314.5,0.3639,1.153,35572.5
k1_atr1p5-r0,False,-704.0,35534.5,-7610.0,27220.5,15914.5,423,187,18783.0,11439.5,0.3541,1.184,43135.0
k1_atr3-r0,False,-16.5,38972.0,515.0,39470.5,13839.5,423,187,24795.5,7089.5,0.477,1.184,53310.0
