uid,central,view,period,trades,net,win,pf,max_dd,sharpe,avg_trade,worst_open_loss,t
E1-A-ES,offA_pts2p5-r3,1 contract,2021*,28,-2937.0,0.07142857142857142,0.20168524055449852,2937.0,-6.690312717858726,-104.89,129.0,-4.129431697102311
E1-A-ES,offA_pts2p5-r3,1 contract,2022,101,5158.5,0.37623762376237624,1.5770456960680128,1802.0,2.040155132481829,51.07,141.5,2.055515773425579
E1-A-ES,offA_pts2p5-r3,1 contract,2023,97,-1463.0,0.24742268041237114,0.8588791357191087,3745.5,-0.670027609010386,-15.08,141.5,-0.6675186404523042
E1-A-ES,offA_pts2p5-r3,1 contract,combined,226,758.5,0.2831858407079646,1.0329990646277,3887.0,0.14465849292004354,3.36,141.5,0.21785375461556766
E1-A-ES,offA_pts2p5-r3,"about $1,000 risk",2021*,28,-24840.0,0.07142857142857142,0.19035202086049544,24840.0,-6.960605917692023,-887.14,1080.0,-4.36564025178845
E1-A-ES,offA_pts2p5-r3,"about $1,000 risk",2022,101,36420.0,0.37623762376237624,1.4885967265897504,16240.0,1.8054091587489918,360.59,1180.0,1.814041980909169
E1-A-ES,offA_pts2p5-r3,"about $1,000 risk",2023,97,-16360.0,0.24742268041237114,0.8107357704766311,33660.0,-0.9353072319842471,-168.66,1180.0,-0.9330660421906782
E1-A-ES,offA_pts2p5-r3,"about $1,000 risk",combined,226,-4780.0,0.2831858407079646,0.9750600020870291,34840.0,-0.11395589209993075,-21.15,1180.0,-0.17161188975979125
E1-B-ES,offA_pts2-r2,1 contract,2021*,19,-1901.0,0.05263157894736842,0.09346685741535526,1901.0,-7.385834641305008,-100.05,104.0,-6.0832
E1-B-ES,offA_pts2-r2,1 contract,2022,72,3762.0,0.5416666666666666,1.9690880989180835,852.5,2.729315545994121,52.25,141.5,2.81620290957823
E1-B-ES,offA_pts2-r2,1 contract,2023,67,257.0,0.3880597014925373,1.0531101467245298,1043.5,0.20502207509095874,3.84,141.5,0.20353473225696522
E1-B-ES,offA_pts2-r2,1 contract,combined,158,2118.0,0.4177215189873418,1.1957848031059346,2239.5,0.7196538184417903,13.41,141.5,1.0856220694531076
E1-B-ES,offA_pts2-r2,"about $1,000 risk",2021*,19,-20150.0,0.05263157894736842,0.08616780045351474,20150.0,-7.553416682926901,-1060.53,1100.0,-6.448000000000001
E1-B-ES,offA_pts2-r2,"about $1,000 risk",2022,72,33300.0,0.5416666666666666,1.8161764705882353,9125.0,2.435429708153065,462.5,1475.0,2.492811187904175
E1-B-ES,offA_pts2-r2,"about $1,000 risk",2023,67,-1450.0,0.3880597014925373,0.9714847590953786,11275.0,-0.11569207031094,-21.64,1475.0,-0.11483477111774301
E1-B-ES,offA_pts2-r2,"about $1,000 risk",combined,158,11700.0,0.4177215189873418,1.1029023746701847,24675.0,0.3982914470147794,74.05,1475.0,0.5997062423324531
E2-A-ES,offatr0p25_pts2p5-r2,1 contract,2021*,28,-1637.0,0.21428571428571427,0.4741407002891102,1637.0,-3.499209567856846,-58.46,129.0,-1.910609307382448
E2-A-ES,offatr0p25_pts2p5-r2,1 contract,2022,101,471.0,0.38613861386138615,1.0516277540282801,1705.5,0.24253578478025234,4.66,391.5,0.24137605152722857
E2-A-ES,offatr0p25_pts2p5-r2,1 contract,2023,97,1362.0,0.4020618556701031,1.1654518950437318,1884.0,0.7257649812760225,14.04,154.0,0.7232257768622558
E2-A-ES,offatr0p25_pts2p5-r2,1 contract,combined,226,196.0,0.37168141592920356,1.009575923392613,3238.0,0.045617339277942065,0.87,391.5,0.06869515143714347
E2-A-ES,offatr0p25_pts2p5-r2,"about $1,000 risk",2021*,28,-14440.0,0.21428571428571427,0.4437596302003082,14440.0,-3.827196247569328,-515.71,1080.0,-2.1066889430820517
E2-A-ES,offatr0p25_pts2p5-r2,"about $1,000 risk",2022,101,-1080.0,0.38613861386138615,0.985781990521327,16140.0,-0.06952773297526968,-10.69,3180.0,-0.06918421859060692
E2-A-ES,offatr0p25_pts2p5-r2,"about $1,000 risk",2023,97,6240.0,0.4020618556701031,1.0909090909090908,17280.0,0.41610242953181115,64.33,1280.0,0.4141821629607632
E2-A-ES,offatr0p25_pts2p5-r2,"about $1,000 risk",combined,226,-9280.0,0.37168141592920356,0.9455909943714822,29840.0,-0.26992185027185933,-41.06,3180.0,-0.40656314115860426
E2-B-ES,offptsB_pts2p5-r3,1 contract,2021*,17,669.5,0.35294117647058826,1.4301317057500804,619.5,1.2282061973676444,39.38,129.0,0.643198073839323
E2-B-ES,offptsB_pts2p5-r3,1 contract,2022,72,3362.0,0.375,1.5051840721262209,1110.0,1.5470054493683751,46.69,391.5,1.5547753720459656
E2-B-ES,offptsB_pts2p5-r3,1 contract,2023,66,-3964.0,0.18181818181818182,0.5289923954372624,4716.0,-2.2906548119167236,-60.06,354.0,-2.3429346147212953
E2-B-ES,offptsB_pts2p5-r3,1 contract,combined,155,67.5,0.2903225806451613,1.0040595399188093,4855.5,0.015016076621098173,0.44,391.5,0.022589564018287427
E2-B-ES,offptsB_pts2p5-r3,"about $1,000 risk",2021*,17,4540.0,0.35294117647058826,1.349768875192604,5340.0,1.043923471315175,267.06,1080.0,0.545205238093825
E2-B-ES,offptsB_pts2p5-r3,"about $1,000 risk",2022,72,23440.0,0.375,1.4231046931407942,9660.0,1.3520823653843483,325.56,3180.0,1.3549945984814633
E2-B-ES,offptsB_pts2p5-r3,"about $1,000 risk",2023,66,-34880.0,0.18181818181818182,0.5011441647597255,40580.0,-2.5041450556693543,-528.48,2880.0,-2.576991654940678
E2-B-ES,offptsB_pts2p5-r3,"about $1,000 risk",combined,155,-6900.0,0.2903225806451613,0.9501084598698482,42060.0,-0.19183447073027976,-44.52,3180.0,-0.28864442912256155
E3-C-ES,offC_pts2-r2,1 contract,2021*,12,152.0,0.4166666666666667,1.183574879227053,386.5,0.5281576101280218,12.67,116.5,0.27106930635379367
E3-C-ES,offC_pts2-r2,1 contract,2022,43,590.5,0.4186046511627907,1.2010212765957446,824.0,0.5801856222789854,13.73,129.0,0.5752731551330701
E3-C-ES,offC_pts2-r2,1 contract,2023,42,707.0,0.42857142857142855,1.250620347394541,773.0,0.6995597738623137,16.83,116.5,0.6945646859628063
E3-C-ES,offC_pts2-r2,1 contract,combined,97,1449.5,0.422680412371134,1.220071358080923,1014.5,0.6268979830890842,14.94,129.0,0.9448744240322029
E3-C-ES,offC_pts2-r2,"about $1,000 risk",2021*,12,800.0,0.4166666666666667,1.0919540229885059,4225.0,0.27853407174613765,66.67,1225.0,0.1426680559756809
E3-C-ES,offC_pts2-r2,"about $1,000 risk",2022,43,3325.0,0.4186046511627907,1.1076923076923078,10100.0,0.32741826131222007,77.33,1350.0,0.323926035701517
E3-C-ES,offC_pts2-r2,"about $1,000 risk",2023,42,4550.0,0.42857142857142855,1.1534569983136593,8450.0,0.45149669886225335,108.33,1225.0,0.4469970751245783
E3-C-ES,offC_pts2-r2,"about $1,000 risk",combined,97,8675.0,0.422680412371134,1.125315998555435,12425.0,0.37611376056764156,89.43,1350.0,0.5654905573286899
