stage,key,kind,strategy,params_json,run_id,grid_id,cell,trades,net,sharpe,wr,pf,maxdd,pe_lucid_pass,pe_lucid_bust,pe_lucid_days,elapsed_s,finished_utc
calib,smoke-donchian,run,draft_pp_donchian,"{""sess"": ""all"", ""tf"": ""5""}",20260929-211300-draft_pp_donchian-7638,,,84,29.0,0.024791850109000882,39.285714285714285,1.0012023715742775,-7907.0,0.34155,0.65845,6,20,2026-09-30T01:13:20Z
calib,smoke-ema_pullback,run,draft_pp_ema_pullback,"{""sess"": ""all"", ""tf"": ""5""}",20260929-211300-draft_pp_ema_pullback-b3d9,,,97,4767.0,3.1353759930437013,39.175257731958766,1.1910927603623827,-3756.0,0.3864,0.6136,6.0,20,2026-09-30T01:13:20Z
calib,smoke-ema_ribbon,run,draft_pp_ema_ribbon,"{""sess"": ""all"", ""tf"": ""5""}",20260929-211320-draft_pp_ema_ribbon-5898,,,40,3680.0,3.0002162754106636,42.5,1.3551437946342404,-4254.0,0.48045,0.51955,6,20,2026-09-30T01:13:41Z
calib,smoke-first_bar_mom,run,draft_pp_first_bar_mom,"{""sess"": ""all"", ""tf"": ""5""}",20260929-211321-draft_pp_first_bar_mom-1673,,,19,2169.0,3.6471005465543174,31.57894736842105,1.3784019539427774,-2600.0,0.61385,0.38615,8,20,2026-09-30T01:13:41Z
calib,smoke-gap,run,draft_pp_gap,"{""sess"": ""all"", ""tf"": ""5""}",20260929-211341-draft_pp_gap-00c3,,,8,-1017.0,-1.8690610866422872,25.0,0.7212935050698822,-2724.0,0.10675,0.89325,9,20,2026-09-30T01:14:01Z
calib,smoke-ib,run,draft_pp_ib,"{""sess"": ""all"", ""tf"": ""5""}",20260929-211341-draft_pp_ib-d725,,,15,-2080.0,-3.3529758628208577,33.33333333333333,0.6527545909849749,-3472.0,0.1109,0.8891,8.0,20,2026-09-30T01:14:01Z
calib,smoke-lon_break,run,draft_pp_lon_break,"{""sess"": ""all"", ""tf"": ""5""}",20260929-211401-draft_pp_lon_break-f227,,,10,5105.0,9.47472625815628,60.0,3.983635300993571,-853.0,0.9615,0.0385,6.0,20,2026-09-30T01:14:22Z
calib,smoke-mid_fade,run,draft_pp_mid_fade,"{""sess"": ""all"", ""tf"": ""5""}",20260929-211402-draft_pp_mid_fade-2095,,,3,-1987.0,-10.85700948231911,0.0,0.0,-1987.0,0.0,1.0,,20,2026-09-30T01:14:22Z
calib,smoke-orb,run,draft_pp_orb,"{""sess"": ""all"", ""tf"": ""5""}",20260929-211422-draft_pp_orb-eb95,,,50,550.0,0.5108233619075561,36.0,1.0340388661963114,-4947.0,0.229,0.771,8.0,20,2026-09-30T01:14:42Z
calib,smoke-pinbar,run,draft_pp_pinbar,"{""sess"": ""all"", ""tf"": ""5""}",20260929-211422-draft_pp_pinbar-9199,,,26,-1594.0,-2.938169912969076,34.61538461538461,0.7878344203380807,-4326.0,0.11835,0.88165,9,20,2026-09-30T01:14:42Z
calib,smoke-random,run,draft_pp_random,"{""sess"": ""all"", ""tf"": ""5""}",20260929-211442-draft_pp_random-d540,,,60,1615.0,1.110773206478349,40.0,1.1108518086347725,-4663.0,0.3004,0.6996,6.0,20,2026-09-30T01:15:02Z
calib,smoke-rsi2,run,draft_pp_rsi2,"{""sess"": ""all"", ""tf"": ""5""}",20260929-211442-draft_pp_rsi2-b36b,,,123,-937.0,-0.707296857039376,32.52032520325203,0.9722510143039061,-11461.0,0.16855,0.83145,6,20,2026-09-30T01:15:02Z
calib,smoke-squeeze,run,draft_pp_squeeze,"{""sess"": ""all"", ""tf"": ""5""}",20260929-211503-draft_pp_squeeze-ab6d,,,21,-1894.0,-3.2528498455848305,42.857142857142854,0.6441856096186361,-3711.0,0.08905,0.91095,8,20,2026-09-30T01:15:23Z
calib,smoke-straddle,run,draft_pp_straddle,"{""sess"": ""all"", ""tf"": ""5""}",20260929-211503-draft_pp_straddle-c133,,,40,205.0,0.24160145639095823,32.5,1.0145876325339784,-5306.0,0.25255,0.74745,9,20,2026-09-30T01:15:23Z
calib,smoke-supertrend,run,draft_pp_supertrend,"{""sess"": ""all"", ""tf"": ""5""}",20260929-211523-draft_pp_supertrend-c1a5,,,46,3141.0,4.282926029425402,41.30434782608695,1.2641049356764484,-3006.0,0.6613,0.3387,9.0,20,2026-09-30T01:15:43Z
calib,smoke-sweep_rev,run,draft_pp_sweep_rev,"{""sess"": ""all"", ""tf"": ""5""}",20260929-211523-draft_pp_sweep_rev-cf02,,,38,-1302.0,-1.185775070895952,31.57894736842105,0.9038688718251624,-4791.0,0.1264,0.8736,9.0,20,2026-09-30T01:15:43Z
calib,smoke-tema_slope,run,draft_pp_tema_slope,"{""sess"": ""all"", ""tf"": ""5""}",20260929-211544-draft_pp_tema_slope-9146,,,107,8037.0,4.7596460753335395,39.25233644859813,1.2976666666666667,-5779.0,0.5801,0.4199,7.0,20,2026-09-30T01:16:04Z
calib,smoke-tod_drift,run,draft_pp_tod_drift,"{""sess"": ""all"", ""tf"": ""5""}",20260929-211544-draft_pp_tod_drift-ef80,,,40,-3375.0,-5.291475021830171,32.5,0.7103750107268515,-4400.0,0.0323,0.9677,9.0,20,2026-09-30T01:16:04Z
calib,smoke-vwap_band,run,draft_pp_vwap_band,"{""sess"": ""all"", ""tf"": ""5""}",20260929-211604-draft_pp_vwap_band-6c5c,,,76,2701.0,2.031794385045566,31.57894736842105,1.1438002449023053,-3660.0,0.38095,0.61905,6,20,2026-09-30T01:16:24Z
calib,smoke-vwap_flip,run,draft_pp_vwap_flip,"{""sess"": ""all"", ""tf"": ""5""}",20260929-211604-draft_pp_vwap_flip-8193,,,82,-958.0,-0.7948264007452437,37.80487804878049,0.9554086762241668,-4406.0,0.18275,0.81725,5,20,2026-09-30T01:16:24Z
calib,smoke-vwap_z,run,draft_pp_vwap_z,"{""sess"": ""all"", ""tf"": ""5""}",20260929-211624-draft_pp_vwap_z-6bca,,,78,-3082.0,-2.9529246445287183,32.05128205128205,0.855556076299386,-5068.0,0.05845,0.94155,8,20,2026-09-30T01:16:44Z
calib,smoke-tod_drift-rv,run,draft_pp_tod_drift,"{""sess"": ""all"", ""tf"": ""5""}",20260929-213107-draft_pp_tod_drift-2902,,,40,-3580.0,-6.427899908414474,35.0,0.6844146685472496,-4848.0,0.00015,0.99985,22,20,2026-09-30T01:31:27Z
calib,smoke-gap-rv,run,draft_pp_gap,"{""sess"": ""all"", ""tf"": ""5""}",20260929-213107-draft_pp_gap-bd0d,,,7,-313.0,-0.5911585398209073,28.57142857142857,0.8937181663837012,-2020.0,0.1732,0.8268,11.0,20,2026-09-30T01:31:27Z
calib,smoke-ib-rv,run,draft_pp_ib,"{""sess"": ""all"", ""tf"": ""5""}",20260929-213127-draft_pp_ib-cd6c,,,15,-2080.0,-3.3529758628208577,33.33333333333333,0.6527545909849749,-3472.0,0.1109,0.8891,8.0,20,2026-09-30T01:31:48Z
calib,smoke-straddle-rv,run,draft_pp_straddle,"{""sess"": ""all"", ""tf"": ""5""}",20260929-213128-draft_pp_straddle-701a,,,40,205.0,0.24160145639095823,32.5,1.0145876325339784,-5306.0,0.25255,0.74745,9,20,2026-09-30T01:31:48Z
calib,smoke-pinbar-rv,run,draft_pp_pinbar,"{""sess"": ""all"", ""tf"": ""5""}",20260929-213148-draft_pp_pinbar-fddb,,,26,-1594.0,-2.938169912969076,34.61538461538461,0.7878344203380807,-4326.0,0.11835,0.88165,9,20,2026-09-30T01:32:08Z
calib,smoke-sweep_rev-rv,run,draft_pp_sweep_rev,"{""sess"": ""all"", ""tf"": ""5""}",20260929-213148-draft_pp_sweep_rev-00e3,,,38,-1302.0,-1.185775070895952,31.57894736842105,0.9038688718251624,-4791.0,0.1264,0.8736,9.0,20,2026-09-30T01:32:08Z
calib,smoke-orb-rv,run,draft_pp_orb,"{""sess"": ""all"", ""tf"": ""5""}",20260929-213208-draft_pp_orb-6c0c,,,50,550.0,0.5108233619075561,36.0,1.0340388661963114,-4947.0,0.229,0.771,8.0,20,2026-09-30T01:32:28Z
