cell,build_central,period,trades,net,win,pf,max_dd,sharpe,avg_trade,worst_open_loss,t,t_build,net_1000risk,sharpe_1000risk,max_dd_1000risk,worst_open_loss_1000risk,stress_build,stress_pick
offatr1_pts20-r3,False,2021*,8,-62.0,0.25,0.9747351263243684,1636.0,-0.05899809734695011,-7.75,404.0,-0.029503602605115482,1.9729695997861791,-275.0,-0.10466164417130414,4150.0,1025.0,12292.0,4301.0
offatr1_pts20-r3,False,2022,29,6279.0,0.41379310344827586,1.7777777777777777,1692.0,1.3573260010445263,216.52,1174.0,1.3728568940961028,1.9729695997861791,15262.5,1.3217436970998464,4350.0,2950.0,12292.0,4301.0
offatr1_pts20-r3,False,2023,30,6845.0,0.4,1.9118156387371785,2484.0,1.526188580955736,228.17,469.0,1.5546285350801092,1.9729695997861791,16662.5,1.488698467921683,6300.0,1187.5,12292.0,4301.0
offatr1_pts20-r3,False,2024,31,4406.0,0.3548387096774194,1.503542857142857,2619.0,0.9954192398559025,142.13,509.0,0.9952862767358512,1.9729695997861791,10550.0,0.9545081766388529,6637.5,1287.5,12292.0,4301.0
offatr1_pts20-r3,False,combined,98,17468.0,0.37755102040816324,1.6521804062126644,4255.0,1.1972430261361915,178.24,1174.0,2.2035277777139064,1.9729695997861791,42200.0,1.1585629750827438,10787.5,2950.0,12292.0,4301.0
offptsB_pct0p2-r3,False,2021*,8,-2537.0,0.125,0.43345243412237605,3824.0,-1.8551972770561675,-317.12,659.0,-0.9828485654842954,1.4483959508828905,-4450.0,-2.0895078344144515,6296.5,1071.0,11992.0,3731.0
offptsB_pct0p2-r3,False,2022,30,10380.0,0.43333333333333335,2.0664748792766874,2032.0,1.7075000097358377,346.0,1124.0,1.7556077593381758,1.4483959508828905,19627.0,1.6631378894895343,4668.0,2599.0,11992.0,3731.0
offptsB_pct0p2-r3,False,2023,29,4784.0,0.3448275862068966,1.420719373845748,3735.0,0.8310452942953345,164.97,674.0,0.8253363493558818,1.4483959508828905,10252.5,0.9845848880623905,6255.0,1048.0,11992.0,3731.0
offptsB_pct0p2-r3,False,2024,31,3831.0,0.2903225806451613,1.224192415730337,5759.0,0.4847221274840808,123.58,864.0,0.4793911226569121,1.4483959508828905,4374.0,0.4282997569717576,7385.5,1044.0,11992.0,3731.0
offptsB_pct0p2-r3,False,combined,98,16458.0,0.336734693877551,1.385704241856105,6292.0,0.7705050446384374,167.94,1124.0,1.4001405727768867,1.4483959508828905,29803.5,0.857340066318432,9452.5,2599.0,11992.0,3731.0
offptsB_pts45-r1,False,2021*,8,-1862.0,0.375,0.5907692307692308,3641.0,-1.3661845935359478,-232.75,909.0,-0.7043112265602381,1.7096912441999412,-2101.0,-1.3992433140715717,4031.5,1006.5,11042.0,551.0
offptsB_pts45-r1,False,2022,30,13745.0,0.7666666666666667,3.002768468599738,1823.0,2.770502961729492,458.17,1359.0,3.094766431343701,1.7096912441999412,14921.5,2.7422704092531074,2018.5,1501.5,11042.0,551.0
offptsB_pts45-r1,False,2023,29,684.0,0.5172413793103449,1.0536218250235183,4679.0,0.14060960875812303,23.59,924.0,0.1382068099538379,1.7096912441999412,561.0,0.10485453707029212,5285.5,1023.0,11042.0,551.0
offptsB_pts45-r1,False,2024,31,2426.0,0.5483870967741935,1.1894424488521005,4644.0,0.4809815792673797,78.26,934.0,0.47566714884433275,1.7096912441999412,2464.0,0.4443203116484434,5181.0,1034.0,11042.0,551.0
offptsB_pts45-r1,False,combined,98,14993.0,0.5918367346938775,1.4054901960784314,5619.0,0.9220230825384238,152.99,1359.0,1.6819572054595842,1.7096912441999412,15845.5,0.8867175775985956,6352.5,1501.5,11042.0,551.0
offptsA_pct0p2-r3,False,2021*,8,-5092.0,0.0,0.0,5092.0,-5.612535355704113,-636.5,659.0,-71.402335277959,1.5324221198812862,-8341.0,-5.615993847417035,8341.0,1056.0,12840.0,531.0
offptsA_pct0p2-r3,False,2022,31,12526.0,0.45161290322580644,2.3356792493068883,1807.0,1.9971165440422713,404.06,899.0,2.085782395377108,1.5324221198812862,23118.5,1.9151118912555893,4150.5,2081.5,12840.0,531.0
offptsA_pct0p2-r3,False,2023,31,6156.0,0.3548387096774194,1.5188369152970922,3140.0,1.0147457562333477,198.58,669.0,1.013109652306339,1.5324221198812862,12176.5,1.1198523958341648,5072.0,1062.5,12840.0,531.0
offptsA_pct0p2-r3,False,2024,31,3691.0,0.2903225806451613,1.2161260100714368,5889.0,0.46971179180932277,119.06,864.0,0.46445075283714404,1.5324221198812862,4514.5,0.44190673449349516,7234.0,1050.0,12840.0,531.0
offptsA_pct0p2-r3,False,combined,101,17281.0,0.33663366336633666,1.3980604887936794,6380.0,0.8028229559361796,171.1,899.0,1.4597288963511401,1.5324221198812862,31468.5,0.8937690865646046,10421.0,2081.5,12840.0,531.0
offatr1_pct0p2-r3,False,2021*,8,-2487.0,0.125,0.4383468834688347,3779.0,-1.826763565920053,-310.88,659.0,-0.9659875919137553,1.4020980113034607,-4365.5,-2.0607166026800274,6220.0,1048.0,11642.0,6436.0
offatr1_pct0p2-r3,False,2022,29,8294.0,0.41379310344827586,1.823389258413581,2466.0,1.4121274489667857,286.0,1174.0,1.4318008020241577,1.4020980113034607,16247.0,1.4124802840284,4111.0,2714.0,11642.0,6436.0
offatr1_pct0p2-r3,False,2023,30,6505.0,0.36666666666666664,1.5648662730114624,3140.0,1.073655263864201,216.83,669.0,1.0739410932189426,1.4020980113034607,12926.5,1.1913161162949988,5072.0,1302.0,11642.0,6436.0
offatr1_pct0p2-r3,False,2024,31,6536.0,0.3225806451612903,1.3941148094548963,6652.0,0.7975557908364227,210.84,989.0,0.7933471577152389,1.4020980113034607,8163.0,0.7677598982457544,8454.5,1293.5,11642.0,6436.0
offatr1_pct0p2-r3,False,combined,98,18848.0,0.3469387755102041,1.4424309288514354,6652.0,0.8649971640444181,192.33,1174.0,1.575505353432319,1.4020980113034607,32971.0,0.9351201969444927,8476.5,2714.0,11642.0,6436.0
offatr1_pct0p2-r0,False,2021*,8,-5087.0,0.0,0.0,5087.0,-5.61189545417816,-635.88,659.0,-66.65209010886177,0.7181443600534685,-8265.5,-5.615684626979084,8265.5,1048.0,8327.0,27711.0
offatr1_pct0p2-r0,False,2022,29,18034.0,0.20689655172413793,2.3759060044251163,3145.0,1.2375936855368743,621.86,1174.0,1.2455176141479116,0.7181443600534685,35343.5,1.2117137074634048,7086.5,2714.0,8327.0,27711.0
offatr1_pct0p2-r0,False,2023,30,-740.0,0.13333333333333333,0.9515833551426328,7896.0,-0.0884649474732305,-24.67,669.0,-0.08698871693219029,0.7181443600534685,-2085.5,-0.1451218665960941,14591.5,1302.0,8327.0,27711.0
offatr1_pct0p2-r0,False,2024,31,28611.0,0.25806451612903225,2.5897649608268045,6652.0,1.4325167330012012,922.94,989.0,1.4550674750192503,0.7181443600534685,33895.5,1.4300655646132832,9251.0,1293.5,8327.0,27711.0
offatr1_pct0p2-r0,False,combined,98,40818.0,0.1836734693877551,1.7929674599320058,11041.0,0.8611769853742953,416.51,1174.0,1.568391438050307,0.7181443600534685,58888.0,0.8054621130979428,21678.0,2714.0,8327.0,27711.0
offptsA_atr1p5-r2,False,2021*,8,-3822.0,0.125,0.29781370567701637,3822.0,-2.736227291560289,-477.75,1054.0,-1.566718660573377,1.1447364905705995,-5394.0,-3.0385544568594605,5394.0,1060.0,9200.0,4436.0
offptsA_atr1p5-r2,False,2022,31,8946.0,0.4838709677419355,1.4886121579551042,4507.0,1.0290573170585993,288.58,1739.0,1.0278360014594228,1.1447364905705995,13026.0,1.4698333083578456,3302.0,1638.0,9200.0,4436.0
offptsA_atr1p5-r2,False,2023,31,7016.0,0.45161290322580644,1.6832878846902999,3300.0,1.2842734968707157,226.32,1074.0,1.2939308795845197,1.1447364905705995,10332.5,1.2069202955164495,5142.5,1050.0,9200.0,4436.0
offptsA_atr1p5-r2,False,2024,31,4571.0,0.41935483870967744,1.3311838863932763,5198.0,0.6976777511293697,147.45,1769.0,0.6925020758408359,1.1447364905705995,7301.5,0.8706006542812464,7234.5,1071.0,9200.0,4436.0
offptsA_atr1p5-r2,False,combined,101,16711.0,0.42574257425742573,1.349441679561708,7794.0,0.7402791620160539,165.46,1769.0,1.3441284411815368,1.1447364905705995,25266.0,0.9125694914657647,8455.5,1638.0,9200.0,4436.0
offatr0p5_pts30-r2,False,2021*,9,-1871.0,0.2222222222222222,0.5611072015012901,3045.0,-1.5050768193407527,-207.89,604.0,-0.7835695612191292,1.567034152752848,-3272.5,-1.5456758975430733,5227.5,1037.0,11781.0,4246.0
offatr0p5_pts30-r2,False,2022,31,7666.0,0.4838709677419355,1.7461553435857504,2157.0,1.4503214622853045,247.29,929.0,1.471166942831332,1.567034152752848,12716.0,1.4171539315937376,3697.5,1589.5,11781.0,4246.0
offatr0p5_pts30-r2,False,2023,31,6236.0,0.45161290322580644,1.5934526075371145,2461.0,1.214386070836004,201.16,639.0,1.220361909196348,1.567034152752848,10285.0,1.179610891382963,4224.5,1096.5,11781.0,4246.0
offatr0p5_pts30-r2,False,2024,31,6181.0,0.45161290322580644,1.5851557322730285,3281.0,1.1994571980791862,199.39,719.0,1.2072231086119223,1.567034152752848,10191.5,1.1647744376166467,5720.5,1232.5,11781.0,4246.0
offatr0p5_pts30-r2,False,combined,102,18212.0,0.4411764705882353,1.5114580993035274,3698.0,1.0825043133104764,178.55,929.0,1.9832033003447116,1.567034152752848,29920.0,1.0472700975766245,6409.0,1589.5,11781.0,4246.0
offatr1_pts20-r2,False,2021*,8,343.0,0.375,1.1677261613691932,1636.0,0.38793510715473184,42.88,404.0,0.1944511265684173,2.3748373230054067,737.5,0.33385414307568223,4150.0,1025.0,7507.0,2326.0
offatr1_pts20-r2,False,2022,29,4679.0,0.4827586206896552,1.7237432327919566,2092.0,1.3737312499995096,161.34,574.0,1.3904567922940434,2.3748373230054067,11262.5,1.3254328029159441,5350.0,1450.0,7507.0,2326.0
offatr1_pts20-r2,False,2023,30,6910.0,0.5333333333333333,2.186062478544456,1279.0,1.9641539646788033,230.33,469.0,2.0507440042870453,2.3748373230054067,16825.0,1.918582642373752,3287.5,1187.5,7507.0,2326.0
offatr1_pts20-r2,False,2024,31,2416.0,0.41935483870967744,1.3045890065557237,2619.0,0.7038418370392616,77.94,509.0,0.698707362575807,2.3748373230054067,5575.0,0.6503330379717378,6637.5,1287.5,7507.0,2326.0
offatr1_pts20-r2,False,combined,98,14348.0,0.46938775510204084,1.6443326746901383,3050.0,1.2772060845362976,146.41,574.0,2.357889526629028,2.3748373230054067,34400.0,1.2272353113593322,7775.0,1450.0,7507.0,2326.0
offptsA_pct0p2-r0,False,2021*,8,-5092.0,0.0,0.0,5092.0,-5.612535355704113,-636.5,659.0,-71.402335277959,0.7016307964611994,-8341.0,-5.615993847417035,8341.0,1056.0,7925.0,24846.0
offptsA_pct0p2-r0,False,2022,31,10631.0,0.16129032258064516,1.7529570082867059,4253.0,0.8333096753580784,342.94,899.0,0.8279336100377561,0.7016307964611994,20321.5,0.7942379022382372,8810.5,2081.5,7925.0,24846.0
offptsA_pct0p2-r0,False,2023,31,6316.0,0.16129032258064516,1.4156904041068843,7751.0,0.5843882318111753,203.74,669.0,0.5776857445469006,0.7016307964611994,14009.0,0.6623406201111818,14230.0,1062.5,7925.0,24846.0
offptsA_pct0p2-r0,False,2024,31,25801.0,0.22580645161290322,2.390439749946109,8909.0,1.2843677387958954,832.29,864.0,1.2967390585197633,0.7016307964611994,30722.5,1.2858268600804548,11160.0,1050.0,7925.0,24846.0
offptsA_pct0p2-r0,False,combined,101,37656.0,0.16831683168316833,1.71101376484583,9097.0,0.7939478210177728,372.83,899.0,1.4432950464080074,0.7016307964611994,56712.0,0.7638816303716783,14230.0,2081.5,7925.0,24846.0
offptsA_pts45-r0,False,2021*,8,-7277.0,0.0,0.0,7277.0,-5.616865520403758,-909.62,909.0,-1455.4,0.6678276585973668,-8057.5,-5.616865657035578,8057.5,1006.5,13710.0,21561.0
offptsA_pts45-r0,False,2022,31,11176.0,0.22580645161290322,1.4729380897973001,5298.0,0.671511582880707,360.52,2374.0,0.6648491318807835,0.6678276585973668,12089.0,0.6604747413203812,5874.0,2618.0,13710.0,21561.0
offptsA_pts45-r0,False,2023,31,10291.0,0.25806451612903225,1.4853787378549193,12489.0,0.8051124078373613,331.97,1164.0,0.7993858775122662,0.6678276585973668,11115.5,0.7908204082623508,13876.5,1287.0,13710.0,21561.0
offptsA_pts45-r0,False,2024,31,22501.0,0.22580645161290322,2.029511346998536,10014.0,1.1116697243002471,725.84,914.0,1.1155212264021415,0.6678276585973668,24546.5,1.1027990281111058,11088.0,1012.0,13710.0,21561.0
offptsA_pts45-r0,False,combined,101,36691.0,0.21782178217821782,1.4960522402184788,12489.0,0.6925413023594319,363.28,2374.0,1.2562082213891492,0.6678276585973668,39693.5,0.6812555163616142,13876.5,2618.0,13710.0,21561.0
offatr1_atr1p5-r0,False,2021*,8,-6252.0,0.0,0.0,6252.0,-5.502686634267818,-781.5,1054.0,-13.715955152397308,0.5910854173581891,-8302.0,-5.615455520466665,8302.0,1060.0,8352.0,27611.0
offatr1_atr1p5-r0,False,2022,29,12999.0,0.2413793103448276,1.526317920479391,8506.0,0.7797704664734271,448.24,1739.0,0.7734192933004838,0.5910854173581891,24741.0,1.2078057349880116,6120.0,1652.0,8352.0,27611.0
offatr1_atr1p5-r0,False,2023,30,5060.0,0.16666666666666666,1.3205574912891986,9337.0,0.47942102893804234,168.67,1109.0,0.47296467975019724,0.5910854173581891,11325.5,0.6330970287621326,11158.0,1090.0,8352.0,27611.0
offatr1_atr1p5-r0,False,2024,31,28546.0,0.25806451612903225,2.5804451334292993,8392.0,1.4254109427800064,920.84,1804.0,1.4474066299514707,0.5910854173581891,55540.5,1.6127072800409166,9220.0,1360.0,8352.0,27611.0
offatr1_atr1p5-r0,False,combined,98,40353.0,0.20408163265306123,1.6227603129774526,14258.0,0.7900734021354806,411.77,1804.0,1.4363577253267326,0.5910854173581891,83305.0,1.0456518514874382,13376.0,1652.0,8352.0,27611.0
offptsB_pct0p1-r3,False,2021*,8,1313.0,0.375,1.8283911671924291,1256.0,1.3565128721597421,164.12,329.0,0.699015151868837,3.006870418600856,3702.5,1.2274654068751347,4187.0,1038.5,11267.0,891.0
offptsB_pct0p1-r3,False,2022,30,7960.0,0.5333333333333333,2.8357933579335795,1017.0,2.427560009963588,265.33,574.0,2.6245108641559773,3.006870418600856,30002.5,2.379789604896918,3373.0,2436.0,11267.0,891.0
offptsB_pct0p1-r3,False,2023,29,4969.0,0.4482758620689655,1.8804039688164422,1715.0,1.5175254380599417,171.34,469.0,1.5464400649848016,3.006870418600856,19065.0,1.6262169762497636,5616.0,2042.5,11267.0,891.0
offptsB_pct0p1-r3,False,2024,31,996.0,0.2903225806451613,1.1064329985039538,2773.0,0.24834874501553247,32.13,559.0,0.24501117251402268,3.006870418600856,1880.0,0.18146603210031975,7060.5,1356.0,11267.0,891.0
offptsB_pct0p1-r3,False,combined,98,15238.0,0.41836734693877553,1.7282894422405966,3860.0,1.3165522160149796,155.49,574.0,2.4343767977341546,3.006870418600856,54650.0,1.4443988116971689,11560.5,2436.0,11267.0,891.0
offptsB_pts30-r2,False,2021*,8,518.0,0.375,1.168729641693811,2461.0,0.390015080486556,64.75,624.0,0.1954987434962404,1.8963756678338903,799.0,0.35402555903792343,4224.5,1071.0,14062.0,4156.0
offptsB_pts30-r2,False,2022,30,9890.0,0.5333333333333333,2.0696517412935322,2347.0,1.840725089555344,329.67,1124.0,1.90710928156281,1.8963756678338903,16507.0,1.8104734219933158,4020.5,1921.0,14062.0,4156.0
offptsB_pts30-r2,False,2023,29,3889.0,0.41379310344827586,1.3716907196788684,3055.0,0.801433872013473,134.1,644.0,0.795329665973096,1.8963756678338903,6315.5,0.7662332901521167,5244.5,1105.0,14062.0,4156.0
offptsB_pts30-r2,False,2024,31,4251.0,0.41935483870967744,1.3762945914844649,3409.0,0.8377001176127701,137.13,794.0,0.8340719006015554,1.8963756678338903,6910.5,0.8017312115608531,5907.5,1360.0,14062.0,4156.0
offptsB_pts30-r2,False,combined,98,18548.0,0.4489795918367347,1.5443127127597136,4295.0,1.1155203254955277,189.27,1124.0,2.0471720468690533,1.8963756678338903,30532.0,1.0813947457305504,7403.5,1921.0,14062.0,4156.0
offatr0p5_pct0p2-r2,False,2021*,9,-1866.0,0.2222222222222222,0.5790660951951274,3125.0,-1.4182843574534818,-207.33,654.0,-0.7356279881908231,1.663388829046675,-3189.0,-1.5017077133845422,5165.0,1056.0,11076.0,3421.0
offatr0p5_pct0p2-r2,False,2022,31,9861.0,0.5483870967741935,2.3190208667736756,1877.0,2.126081013460074,318.1,639.0,2.239528917881043,1.663388829046675,18966.5,2.1127657207573085,3091.5,1218.0,11076.0,3421.0
offatr0p5_pct0p2-r2,False,2023,31,3706.0,0.41935483870967744,1.3450009309253397,2656.0,0.778618737541923,119.55,674.0,0.7726139331036999,1.663388829046675,6990.5,0.8315098211380338,4152.5,1102.5,11076.0,3421.0
offatr0p5_pct0p2-r2,False,2024,31,3531.0,0.3870967741935484,1.238403889001418,4406.0,0.5588977916817891,113.9,859.0,0.5533637573226922,1.663388829046675,4475.5,0.5433912275438286,5405.0,1085.5,11076.0,3421.0
offatr0p5_pct0p2-r2,False,combined,102,15232.0,0.43137254901960786,1.406598686669158,4790.0,0.8856653255248851,149.33,859.0,1.6135073975554066,1.663388829046675,27243.5,0.9804396411186959,7328.0,1218.0,11076.0,3421.0
offatr0p5_atr1p5-r0,False,2021*,9,-6626.0,0.0,0.0,6626.0,-5.776757943294864,-736.22,1054.0,-10.651824590261178,0.6598357521524996,-9375.5,-6.003802537266194,9375.5,1060.0,11576.0,24621.0
offatr0p5_atr1p5-r0,False,2022,31,15861.0,0.25806451612903225,1.5887090787617846,6203.0,0.844932904087704,511.65,2469.0,0.839718091180228,0.6598357521524996,22437.0,1.0942168416380607,5870.5,2722.5,11576.0,24621.0
offatr0p5_atr1p5-r0,False,2023,31,5246.0,0.16129032258064516,1.3211705644667564,9711.0,0.48069409825665466,169.23,1074.0,0.474433510885682,0.6598357521524996,11586.0,0.6264358833660836,11789.0,1113.0,11576.0,24621.0
offatr0p5_atr1p5-r0,False,2024,31,25691.0,0.22580645161290322,2.3882524586620555,10169.0,1.2774436977805765,828.74,1774.0,1.289407596595533,0.6598357521524996,52687.5,1.5118794982403445,11397.0,1068.0,11576.0,24621.0
offatr0p5_atr1p5-r0,False,combined,102,40172.0,0.19607843137254902,1.5872412583323587,12182.0,0.7474173673200656,393.84,2469.0,1.357241809443169,0.6598357521524996,77335.0,0.9579723820892987,13414.0,2722.5,11576.0,24621.0
offatr0p25_atr1p5-r2,False,2021*,9,-4166.0,0.1111111111111111,0.2801105927077933,4166.0,-2.966881175732387,-462.89,1054.0,-1.719853001465192,1.3671236751992568,-6427.0,-3.4819570757589924,6427.0,1060.0,9871.0,1436.0
offatr0p25_atr1p5-r2,False,2022,31,9026.0,0.4838709677419355,1.4948736224573715,4507.0,1.0388252830724067,291.16,1739.0,1.0378979474642054,1.3671236751992568,13150.5,1.4864745352180322,3186.0,1617.0,9871.0,1436.0
offatr0p25_atr1p5-r2,False,2023,31,9661.0,0.5161290322580645,2.031607047517352,2294.0,1.738898839713279,311.65,1064.0,1.7888115891166714,1.3671236751992568,16477.5,1.859514644570235,3178.0,1064.0,9871.0,1436.0
offatr0p25_atr1p5-r2,False,2024,31,1466.0,0.3548387096774194,1.0987205387205388,5747.0,0.22807475160234933,47.29,1779.0,0.22497873003984806,1.3671236751992568,1301.5,0.16189037871862594,8238.0,1071.0,9871.0,1436.0
offatr0p25_atr1p5-r2,False,combined,102,15987.0,0.4215686274509804,1.3313986028481997,8158.0,0.7091571576777738,156.74,1779.0,1.2867392964133595,1.3671236751992568,24502.5,0.8833898333297588,9506.5,1617.0,9871.0,1436.0
offatr0p25_pts45-r0,False,2021*,9,-8181.0,0.0,0.0,8181.0,-6.005449592404049,-909.0,904.0,,0.6824631715915824,-9058.5,-6.005449592404049,9058.5,1001.0,14156.0,18896.0
offatr0p25_pts45-r0,False,2022,31,11701.0,0.22580645161290322,1.496625779890497,5173.0,0.6987958478846001,377.45,2324.0,0.6922334055445677,0.6824631715915824,12666.5,0.6878375145798176,5736.5,2563.0,14156.0,18896.0
offatr0p25_pts45-r0,False,2023,31,11116.0,0.25806451612903225,1.5282767797737857,12344.0,0.8585960112402407,358.58,1014.0,0.8535835784386956,0.6824631715915824,12023.0,0.8445215634703026,13717.0,1122.0,14156.0,18896.0
offatr0p25_pts45-r0,False,2024,31,15466.0,0.1935483870967742,1.6778873548104318,10024.0,0.7980717016282278,498.9,929.0,0.7938697976365795,0.6824631715915824,16808.0,0.7886443505542375,11099.0,1028.5,14156.0,18896.0
offatr0p25_pts45-r0,False,combined,102,30102.0,0.20588235294117646,1.398179870104102,12344.0,0.5769887849535601,295.12,2324.0,1.0443919955562055,0.6824631715915824,32439.0,0.5653647791736488,13717.0,2563.0,14156.0,18896.0
offatr1_pts20-r0,False,2021*,8,-3272.0,0.0,0.0,3272.0,-5.616875979995276,-409.0,404.0,,0.9416904248655021,-8300.0,-5.616875979995276,8300.0,1025.0,10777.0,24251.0
offatr1_pts20-r0,False,2022,29,14154.0,0.1724137931034483,2.2942574981711776,4101.0,1.0734660898460622,488.07,1174.0,1.0738429999294703,0.9416904248655021,34950.0,1.0607251693485018,10462.5,2950.0,10777.0,24251.0
offatr1_pts20-r0,False,2023,30,3760.0,0.13333333333333333,1.3486646884272997,4401.0,0.4652633347286986,125.33,469.0,0.4589069744599399,0.9416904248655021,8950.0,0.44312165856031716,11362.5,1187.5,10777.0,24251.0
offatr1_pts20-r0,False,2024,31,25136.0,0.1935483870967742,3.32417938049006,3851.0,1.3808688403194662,810.84,509.0,1.3995431618303071,0.9416904248655021,62375.0,1.371198352719452,9762.5,1287.5,10777.0,24251.0
offatr1_pts20-r0,False,combined,98,39778.0,0.15306122448979592,2.1109001033317507,7431.0,0.9186791524832547,405.9,1174.0,1.6757012998875638,0.9416904248655021,97975.0,0.9054297286687232,19012.5,2950.0,10777.0,24251.0
offatr0p5_pts20-r3,False,2021*,9,-476.0,0.2222222222222222,0.8340306834030683,2050.0,-0.4434030842556201,-52.89,409.0,-0.22408794657678693,2.188557409913706,-1325.0,-0.4933827880625457,5200.0,1037.5,14026.0,821.0
offatr0p5_pts20-r3,False,2022,31,9036.0,0.45161290322580644,2.172288531395952,1752.0,1.8652551676001456,291.48,929.0,1.9324476521582157,2.188557409913706,22125.0,1.8305323519957661,4425.0,2337.5,14026.0,821.0
offatr0p5_pts20-r3,False,2023,31,6281.0,0.3870967741935484,1.7782183124767688,2539.0,1.3888259958965092,202.61,519.0,1.405104920469474,2.188557409913706,15237.5,1.3498479711658167,6437.5,1312.5,14026.0,821.0
offatr0p5_pts20-r3,False,2024,31,1026.0,0.2903225806451613,1.1053604436229205,4428.0,0.24641568858910814,33.1,624.0,0.24310078692634496,2.188557409913706,2100.0,0.20180122104608667,11325.0,1575.0,14026.0,821.0
offatr0p5_pts20-r3,False,combined,102,15867.0,0.3627450980392157,1.5589924255768892,4428.0,1.0836714786600772,155.56,929.0,1.9854147029762566,2.188557409913706,38137.5,1.0431794392755585,11325.0,2337.5,14026.0,821.0
offptsA_pts30-r1,False,2021*,8,-1257.0,0.375,0.587192118226601,2436.0,-1.3813130221552508,-157.12,604.0,-0.7126095221472318,3.1336217066270593,-2218.5,-1.4306968655446677,4182.0,1037.0,13505.0,256.0
offptsA_pts30-r1,False,2022,31,9856.0,0.7741935483870968,3.2158273381294964,1223.0,2.972977770971335,317.94,779.0,3.3768920420630493,3.1336217066270593,16439.0,2.9305953776151594,2099.5,1334.5,13505.0,256.0
offptsA_pts30-r1,False,2023,31,6336.0,0.6774193548387096,2.0252427184466018,1855.0,1.9000356351609509,204.39,639.0,1.9725355681201082,3.1336217066270593,10455.0,1.849727527096026,3204.5,1096.5,13505.0,256.0
offptsA_pts30-r1,False,2024,31,1561.0,0.5483870967741935,1.1821257729553145,4915.0,0.4639283954377333,50.35,619.0,0.4586967399015699,3.1336217066270593,2337.5,0.4089295049189634,8457.5,1062.5,13505.0,256.0
offptsA_pts30-r1,False,combined,101,16496.0,0.6435643564356436,1.7415932386261463,4915.0,1.5074474674276217,163.33,779.0,2.8080211612237607,3.1336217066270593,27013.0,1.455470411131692,8457.5,1334.5,13505.0,256.0
offatr0p5_atr1p5-r2,False,2021*,9,-4186.0,0.1111111111111111,0.27914585844670226,4186.0,-2.974083485314086,-465.11,1054.0,-1.7253825680211206,1.0338364556370163,-6447.5,-3.4872875587626146,6447.5,1060.0,11226.0,3516.0
offatr0p5_atr1p5-r2,False,2022,31,11901.0,0.5161290322580645,1.685146804835924,4502.0,1.343171621275455,383.9,1739.0,1.356388085494041,1.0338364556370163,15956.5,1.766753085103542,3339.0,1708.0,11226.0,3516.0
offatr0p5_atr1p5-r2,False,2023,31,3251.0,0.41935483870967744,1.2814231301939059,3871.0,0.633571167228966,104.87,1074.0,0.6268408406037775,1.0338364556370163,6997.5,0.8345105859373897,6233.5,1113.0,11226.0,3516.0
offatr0p5_atr1p5-r2,False,2024,31,3641.0,0.41935483870967744,1.2575511070241212,4289.0,0.5735257588148365,117.45,1774.0,0.567981709510052,1.0338364556370163,7436.0,0.8848205448396853,5301.0,1068.0,11226.0,3516.0
offatr0p5_atr1p5-r2,False,combined,102,14607.0,0.4215686274509804,1.2989194941267956,8168.0,0.6532144647073205,143.21,1774.0,1.183945218664974,1.0338364556370163,23942.5,0.8617469231394573,9518.0,1708.0,11226.0,3516.0
offptsB_atr1p5-r3,False,2021*,8,-3697.0,0.125,0.3401749063001963,4654.0,-2.4326020286903,-462.12,1054.0,-1.34955290084723,0.8483156303937097,-4218.0,-1.9412827995245776,6207.5,1060.0,10612.0,2526.0
offptsB_atr1p5-r3,False,2022,30,10970.0,0.43333333333333335,1.5032571795577576,7997.0,1.0121966699342564,365.67,2574.0,1.0105005057725198,0.8483156303937097,19747.0,1.6471442814337107,4935.5,2838.0,10612.0,2526.0
offptsB_atr1p5-r3,False,2023,29,3684.0,0.3103448275862069,1.294131736526946,4435.0,0.5834727820453712,127.03,1069.0,0.5763290698252277,0.8483156303937097,6232.0,0.6166348382767384,6412.0,1104.0,10612.0,2526.0
offptsB_atr1p5-r3,False,2024,31,2666.0,0.3225806451612903,1.1588890875499136,6524.0,0.34602494418447943,86.0,1774.0,0.3416569929492765,0.8483156303937097,8023.0,0.754825093756558,7518.0,1360.0,10612.0,2526.0
offptsB_atr1p5-r3,False,combined,98,13623.0,0.336734693877551,1.240243364782647,11694.0,0.5015734280363372,139.01,2574.0,0.9068042357485678,0.8483156303937097,29784.0,0.8483408199285094,9527.0,2838.0,10612.0,2526.0
offptsA_pct0p1-r0,False,2021*,8,-2592.0,0.0,0.0,2592.0,-5.613487132963969,-324.0,329.0,-80.81979955431714,1.036771313311738,-8405.5,-5.616554908948491,8405.5,1054.0,14160.0,22046.0
offptsA_pct0p1-r0,False,2022,31,13896.0,0.12903225806451613,2.6736119474888596,2710.0,1.130512318720468,448.26,899.0,1.1327934626500316,1.036771313311738,50728.0,1.0494973401332732,12070.5,4253.5,14160.0,22046.0
offptsA_pct0p1-r0,False,2023,31,3806.0,0.0967741935483871,1.4460853258321613,4885.0,0.4918472690014938,122.77,469.0,0.48551636917097846,1.036771313311738,10451.5,0.40078249566679436,19010.0,2042.5,14160.0,22046.0
offptsA_pct0p1-r0,False,2024,31,22916.0,0.16129032258064516,3.1600527853709113,5198.0,1.255711069945528,739.23,564.0,1.2664336265301548,1.036771313311738,54622.5,1.2795191861814947,13122.0,1368.0,14160.0,22046.0
offptsA_pct0p1-r0,False,combined,101,38026.0,0.1188118811881188,2.266014116393661,7553.0,0.8999510945939829,376.5,899.0,1.6402716849487817,1.036771313311738,107396.5,0.8518805062509679,31080.5,4253.5,14160.0,22046.0
offptsA_pts10-r0,False,2021*,8,-1787.0,0.0,0.0,1787.0,-5.581750327772961,-223.38,264.0,-24.996761774904105,0.8376258849955194,-9175.0,-5.583547820665589,9175.0,1350.0,9905.0,13006.0
offptsA_pts10-r0,False,2022,31,6891.0,0.06451612903225806,1.9254633360193392,4176.0,0.6600839853731397,222.29,899.0,0.653392553105552,0.8376258849955194,33525.0,0.6424779685543408,21450.0,4525.0,9905.0,13006.0
offptsA_pts10-r0,False,2023,31,5791.0,0.0967741935483871,1.8845272643959066,3739.0,0.7555117446216959,186.81,469.0,0.7493031773064885,0.8376258849955194,28025.0,0.7316188608172381,19175.0,2375.0,9905.0,13006.0
offptsA_pts10-r0,False,2024,31,13936.0,0.06451612903225806,2.889370932754881,4708.0,0.830993383877301,449.55,399.0,0.8272600728248434,0.8376258849955194,68750.0,0.8201156214470294,24050.0,2025.0,9905.0,13006.0
offptsA_pts10-r0,False,combined,101,24831.0,0.06930693069306931,2.0723354638106755,6267.0,0.647543992486901,245.85,899.0,1.1735658790626216,0.8376258849955194,121125.0,0.6319226469446427,32025.0,4525.0,9905.0,13006.0
offptsB_pts20-r0,False,2021*,8,-3287.0,0.0,0.0,3287.0,-5.616648962878916,-410.88,414.0,-312.3905392809745,0.955151510942311,-8337.5,-5.616655450295146,8337.5,1050.0,11447.0,16206.0
offptsB_pts20-r0,False,2022,30,14810.0,0.16666666666666666,2.3152753108348136,3986.0,1.0910548337477004,493.67,1124.0,1.091970173000776,0.955151510942311,36575.0,1.0782493828547295,10175.0,2825.0,11447.0,16206.0
offptsB_pts20-r0,False,2023,29,3599.0,0.13793103448275862,1.3379342723004695,4332.0,0.4505817818242181,124.1,489.0,0.4441256552590452,0.955151510942311,8562.5,0.4289229305744355,11175.0,1237.5,11447.0,16206.0
offptsB_pts20-r0,False,2024,31,16996.0,0.12903225806451613,2.4473303244486075,7548.0,0.9702349230293124,548.26,559.0,0.9694043373251567,0.955151510942311,42025.0,0.9598962842576114,19125.0,1412.5,11447.0,16206.0
offptsB_pts20-r0,False,combined,98,32118.0,0.1326530612244898,1.8694639956686518,7676.0,0.7524444077035886,327.73,1124.0,1.3667575237068972,0.955151510942311,78825.0,0.738892738197723,19625.0,2825.0,11447.0,16206.0
offatr1_atr1p5-r2,False,2021*,8,-4337.0,0.125,0.22664051355206846,4654.0,-3.311138913665494,-542.12,1054.0,-2.049759827391179,1.0299717474876438,-5238.0,-2.9216110209553383,6206.0,1060.0,10427.0,4751.0
offatr1_atr1p5-r2,False,2022,29,10639.0,0.5172413793103449,1.637982729671384,4502.0,1.2328059783075673,366.86,1739.0,1.2404645744344394,1.0299717474876438,15400.5,1.7681729908976032,3080.5,1652.0,10427.0,4751.0
offatr1_atr1p5-r2,False,2023,30,4385.0,0.43333333333333335,1.405717986676536,3335.0,0.8519828252731455,146.17,1109.0,0.8467375176803881,1.0299717474876438,8103.5,0.9727478570893444,5251.5,1090.0,10427.0,4751.0
offatr1_atr1p5-r2,False,2024,31,4866.0,0.45161290322580644,1.347993992705428,5775.0,0.7525168509111995,156.97,1804.0,0.7477912330057349,1.0299717474876438,9605.0,1.1145293478819762,5840.5,1360.0,10427.0,4751.0
offatr1_atr1p5-r2,False,combined,98,15553.0,0.4387755102040816,1.330387679235263,8309.0,0.7032813470266622,158.7,1804.0,1.2760886177734827,1.0299717474876438,27871.0,1.0117888212327806,8304.0,1652.0,10427.0,4751.0
offatr1_pts30-r2,False,2021*,8,-1262.0,0.25,0.6546250684181719,2436.0,-1.0491000218863522,-157.75,604.0,-0.5339991253032568,1.3983158655119932,-2227.0,-1.0875329434007057,4182.0,1037.0,10327.0,7181.0
offatr1_pts30-r2,False,2022,29,6754.0,0.4827586206896552,1.676076076076076,3127.0,1.304464205877957,232.9,1174.0,1.3164008368804365,1.3983158655119932,11186.0,1.272538545972428,5397.5,2006.0,10327.0,7181.0
offatr1_pts30-r2,False,2023,30,5010.0,0.43333333333333335,1.4754222812677928,3080.0,1.0012656006481262,167.0,694.0,0.9992550606820272,1.3983158655119932,8211.0,0.966295678538296,5287.0,1190.0,10327.0,7181.0
offatr1_pts30-r2,False,2024,31,7296.0,0.4838709677419355,1.685456595264938,3957.0,1.363865559384612,235.35,989.0,1.3813423471776607,1.3983158655119932,12087.0,1.3308668044666025,6808.5,1691.5,10327.0,7181.0
offatr1_pts30-r2,False,combined,98,17798.0,0.4489795918367347,1.5110549589387239,4389.0,1.062896454660572,181.61,1174.0,1.947186375816524,1.3983158655119932,29257.0,1.0288948662989608,7624.5,2006.0,10327.0,7181.0
offatr1_pts45-r0,False,2021*,8,-7272.0,0.0,0.0,7272.0,-5.616875979995276,-909.0,904.0,,0.769759704709206,-8052.0,-5.616875979995278,8052.0,1001.0,15412.0,24516.0
offatr1_pts45-r0,False,2022,29,17819.0,0.27586206896551724,1.892780199408788,5956.0,1.0911075412135176,614.45,1424.0,1.0921499958033254,0.769759704709206,19409.5,1.0808344477248715,6611.0,1573.0,15412.0,24516.0
offatr1_pts45-r0,False,2023,30,5050.0,0.23333333333333334,1.2405678353658536,13513.0,0.43726166935999694,168.33,949.0,0.4311269810298928,0.769759704709206,5357.0,0.42175896881824204,15009.5,1050.5,15412.0,24516.0
offatr1_pts45-r0,False,2024,31,25456.0,0.25806451612903225,2.203479576399395,8191.0,1.2651296773626912,821.16,1024.0,1.2763832852589536,0.769759704709206,27797.0,1.256301562022533,9069.5,1133.0,15412.0,24516.0
offatr1_pts45-r0,False,combined,98,41053.0,0.23469387755102042,1.591754954954955,13513.0,0.7958259750969013,418.91,1424.0,1.447014136741685,0.769759704709206,44511.5,0.7846357094873508,15009.5,1573.0,15412.0,24516.0
offatr0p25_pct0p1-r0,False,2021*,9,-2946.0,0.0,0.0,2946.0,-6.002598968690116,-327.33,334.0,-98.19999999999999,1.061867371855807,-9525.5,-6.003178510978466,9525.5,1105.5,14431.0,22241.0
offatr0p25_pct0p1-r0,False,2022,31,14361.0,0.12903225806451613,2.7582027424094027,2655.0,1.156084887514592,463.26,809.0,1.1594124342925711,1.061867371855807,52542.5,1.0770404457869664,11671.0,3830.5,14431.0,22241.0
offatr0p25_pct0p1-r0,False,2023,31,4231.0,0.0967741935483871,1.5062821586693789,4570.0,0.5402647076442687,136.48,359.0,0.53369036133211,1.061867371855807,11789.5,0.4485265397415667,18035.5,1292.5,14431.0,22241.0
offatr0p25_pct0p1-r0,False,2024,31,19381.0,0.12903225806451613,2.8057393086741826,5018.0,1.075503689274851,625.19,434.0,1.0779756373574716,1.061867371855807,44931.0,1.0724962735928731,12706.5,1161.0,14431.0,22241.0
offatr0p25_pct0p1-r0,False,combined,102,35027.0,0.10784313725490197,2.159680836975235,7153.0,0.8318351794651625,343.4,809.0,1.5134260952937688,1.061867371855807,99737.5,0.7921442215318288,29706.5,3830.5,14431.0,22241.0
offatr0p5_atr1p5-r3,False,2021*,9,-6626.0,0.0,0.0,6626.0,-5.776757943294864,-736.22,1054.0,-10.651824590261178,0.7860554350243564,-9375.5,-6.003802537266194,9375.5,1060.0,10471.0,1371.0
offatr0p5_atr1p5-r3,False,2022,31,10451.0,0.41935483870967744,1.4623927086098576,8007.0,0.9579212333713198,337.13,2469.0,0.9548195184610083,0.7860554350243564,18464.0,1.530621498106002,5482.5,2722.5,10471.0,1371.0
offatr0p5_atr1p5-r3,False,2023,31,6416.0,0.3548387096774194,1.5075949367088608,3814.0,0.9675170287455545,206.97,1074.0,0.964642954708876,0.7860554350243564,12098.5,1.1072038056241942,6233.5,1113.0,10471.0,1371.0
offatr0p5_atr1p5-r3,False,2024,31,1531.0,0.2903225806451613,1.0904151656528671,6374.0,0.20049994460343587,49.39,1774.0,0.19774500620696947,0.7860554350243564,4321.5,0.42326164237351815,7222.5,1068.0,10471.0,1371.0
offatr0p5_atr1p5-r3,False,combined,102,11772.0,0.3235294117647059,1.200200676859237,14633.0,0.43181214142916696,115.41,2469.0,0.7799895761503925,0.7860554350243564,25508.5,0.7230193670929339,13397.0,2722.5,10471.0,1371.0
offatr0p25_pct0p2-r0,False,2021*,9,-5741.0,0.0,0.0,5741.0,-6.001660803834322,-637.89,659.0,-85.16876166903327,0.9209759325527885,-9389.5,-6.00474641505403,9389.5,1048.0,11891.0,22301.0
offatr0p25_pct0p2-r0,False,2022,31,11886.0,0.1935483870967742,1.8784922394678492,4153.0,0.9230712473083846,383.42,809.0,0.9192082418155907,0.9209759325527885,22995.0,0.8917177065525639,8526.0,1874.5,11891.0,22301.0
offatr0p25_pct0p2-r0,False,2023,31,9686.0,0.1935483870967742,1.6643347050754458,6992.0,0.8682950435463535,312.45,669.0,0.8634348157772594,0.9209759325527885,19395.0,0.8960872265153428,13051.5,1056.0,11891.0,22301.0
offatr0p25_pct0p2-r0,False,2024,31,18931.0,0.1935483870967742,1.9783462532299743,8120.0,0.9851207092622664,610.68,864.0,0.9846956808650245,0.9209759325527885,21616.5,0.9521477597692432,11317.0,1085.5,11891.0,22301.0
offatr0p25_pct0p2-r0,False,combined,102,34762.0,0.17647058823529413,1.6534087705118325,10555.0,0.7459000626283656,340.8,864.0,1.3544426188868546,0.9209759325527885,54617.0,0.7407750918452912,15437.5,1874.5,11891.0,22301.0
offptsB_pct0p2-r2,False,2021*,8,683.0,0.375,1.2151181102362205,2521.0,0.48383613713923423,85.38,659.0,0.24284470484948806,2.3091174326100963,767.0,0.34224437517583445,4192.5,1071.0,13467.0,1206.0
offptsB_pct0p2-r2,False,2022,30,12150.0,0.6,2.8975480243635796,1877.0,2.5797379251702655,405.0,639.0,2.8275276019821014,2.3091174326100963,23003.0,2.5440822883867784,3124.0,1218.0,13467.0,1206.0
offptsB_pct0p2-r2,False,2023,29,3074.0,0.41379310344827586,1.3035150078988942,3140.0,0.6750458111347991,106.0,674.0,0.6679682296927488,2.3091174326100963,6163.5,0.7661861312011083,5072.0,1048.0,13467.0,1206.0
offptsB_pct0p2-r2,False,2024,31,1296.0,0.3548387096774194,1.0831302116741501,4421.0,0.20904301273237363,41.81,864.0,0.20618094605033072,2.3091174326100963,1353.0,0.1678572229981671,5421.5,1044.0,13467.0,1206.0
offptsB_pct0p2-r2,False,combined,98,17203.0,0.4489795918367347,1.4873923390752493,6263.0,1.0103056148043734,175.54,864.0,1.8477732514575154,2.3091174326100963,31286.5,1.1398674233354487,9403.5,1218.0,13467.0,1206.0
offatr0p5_pct0p1-r3,False,2021*,9,-316.0,0.2222222222222222,0.8591172536781096,1585.0,-0.3683795516829692,-35.11,329.0,-0.18601454909237233,3.3307707616660336,-1397.5,-0.5199565218983542,5257.0,1054.0,13296.0,516.0
offatr0p5_pct0p1-r3,False,2022,31,10826.0,0.6129032258064516,3.9117805271651425,1311.0,3.124273498088755,349.23,574.0,3.612100128070735,3.3307707616660336,41412.0,3.0905876607884135,4370.0,2436.0,13296.0,516.0
offatr0p5_pct0p1-r3,False,2023,31,5541.0,0.45161290322580644,1.9450793109329694,2044.0,1.6445641393942214,178.74,519.0,1.683482995351043,3.3307707616660336,21051.5,1.7264331175681777,6693.5,2205.0,13296.0,516.0
offatr0p5_pct0p1-r3,False,2024,31,731.0,0.2903225806451613,1.0776173285198556,4543.0,0.18436187485851255,23.58,624.0,0.1818126250683381,3.3307707616660336,1759.5,0.1696633501103076,11434.0,1701.0,13296.0,516.0
offatr0p5_pct0p1-r3,False,combined,102,16782.0,0.43137254901960786,1.790038602768101,4543.0,1.432966655042078,164.53,624.0,2.6596323666881596,3.3307707616660336,62825.5,1.6101410557785845,11434.0,2436.0,13296.0,516.0
offatr1_pct0p1-r3,False,2021*,8,8.0,0.25,1.00414722654225,1266.0,0.009469511221530277,1.0,339.0,0.004735232034697183,2.1384260436519376,-308.0,-0.11671576344870455,4183.0,1038.5,8122.0,4336.0
offatr1_pct0p1-r3,False,2022,29,4939.0,0.4482758620689655,2.0143766687204763,1296.0,1.65014175805573,170.31,574.0,1.6932905474933875,2.1384260436519376,19637.0,1.6763957710977286,4701.5,2436.0,8122.0,4336.0
offatr1_pct0p1-r3,False,2023,30,4955.0,0.43333333333333335,1.85386868860934,1401.0,1.4984695884358192,165.17,469.0,1.5243811934559326,2.1384260436519376,17865.0,1.529391117347153,4382.5,2042.5,8122.0,4336.0
offatr1_pct0p1-r3,False,2024,31,4446.0,0.3548387096774194,1.530865671641791,2399.0,1.031211523736464,143.42,509.0,1.0321684148643122,2.1384260436519376,10263.5,0.9283886341529249,6981.0,1350.0,8122.0,4336.0
offatr1_pct0p1-r3,False,combined,98,14348.0,0.3979591836734694,1.6840198321891686,3800.0,1.2387617126350807,146.41,574.0,2.2834994016070733,2.1384260436519376,47457.5,1.2786692507006452,11363.5,2436.0,8122.0,4336.0
offatr0p5_pts30-r3,False,2021*,9,-3076.0,0.1111111111111111,0.36863711001642036,3076.0,-2.3375584423283424,-341.78,604.0,-1.2790020790020789,1.6506195605559144,-5321.0,-2.3722384681745834,5321.0,1037.0,15916.0,7221.0
offatr0p5_pts30-r3,False,2022,31,14261.0,0.45161290322580644,2.310392355049159,2157.0,1.988450218177149,460.03,929.0,2.075589285331395,1.6506195605559144,23927.5,1.9653648002631972,3697.5,1589.5,15916.0,7221.0
offatr0p5_pts30-r3,False,2023,31,5016.0,0.3225806451612903,1.3875154511742893,4364.0,0.791733950436417,161.81,639.0,0.785860838788072,1.6506195605559144,8211.0,0.7628676267404326,7531.0,1096.5,15916.0,7221.0
offatr0p5_pts30-r3,False,2024,31,7366.0,0.3548387096774194,1.5945117029862792,3075.0,1.1216655490363685,237.61,719.0,1.125921678498399,1.6506195605559144,12206.0,1.0943176017116374,5278.5,1232.5,15916.0,7221.0
offatr0p5_pts30-r3,False,combined,102,23567.0,0.35294117647058826,1.5735598335320888,4943.0,1.0955660756489678,231.05,929.0,2.007965126392128,1.6506195605559144,39023.5,1.0680415913934393,8525.5,1589.5,15916.0,7221.0
offptsB_atr1p5-r2,False,2021*,8,-1892.0,0.25,0.6045150501672241,2776.0,-1.2386886732839313,-236.5,1054.0,-0.6350403220158135,0.909715683755808,-2306.0,-1.1396652982390447,4152.5,1060.0,9457.0,5116.0
offptsB_atr1p5-r2,False,2022,30,8265.0,0.5,1.434200157604413,4507.0,0.9190875993624494,275.5,2574.0,0.9150612802113905,0.909715683755808,12563.5,1.370621850312908,4935.5,2838.0,9457.0,5116.0
offptsB_atr1p5-r2,False,2023,29,3389.0,0.41379310344827586,1.3138544174847193,3387.0,0.6716939147374107,116.86,1069.0,0.6646050828590205,0.909715683755808,6107.5,0.7548695678288292,5161.5,1104.0,9457.0,5116.0
offptsB_atr1p5-r2,False,2024,31,5231.0,0.45161290322580644,1.381184872112512,3897.0,0.8100461810138384,168.74,1774.0,0.8060057367528373,0.909715683755808,10221.0,1.1838269111515554,3402.5,1360.0,9457.0,5116.0
offptsB_atr1p5-r2,False,combined,98,14993.0,0.4387755102040816,1.3101572196938354,5864.0,0.6625543019182866,152.99,2574.0,1.2011914470014777,0.909715683755808,26586.0,0.950936511530356,7372.0,2838.0,9457.0,5116.0
offatr1_atr1p5-r3,False,2021*,8,-3702.0,0.125,0.33987161198288157,4654.0,-2.434319704091092,-462.75,1054.0,-1.350726116122876,1.304057873972201,-4222.0,-1.9426576995304994,6206.0,1060.0,16322.0,5611.0
offatr1_atr1p5-r3,False,2022,29,13334.0,0.4482758620689655,1.6861171143357003,7997.0,1.2658728686425893,459.79,1739.0,1.2754231130680056,1.304057873972201,22566.5,1.9399701694818656,4017.0,1652.0,16322.0,5611.0
offatr1_atr1p5-r3,False,2023,30,6970.0,0.36666666666666664,1.5769389951162984,3335.0,1.0551507829083024,232.33,1109.0,1.054800764470501,1.304057873972201,13159.0,1.2104922552800963,5251.5,1090.0,16322.0,5611.0
offatr1_atr1p5-r3,False,2024,31,5741.0,0.3548387096774194,1.3554798761609907,5775.0,0.7119000912401967,185.19,1804.0,0.7068229912745184,1.304057873972201,11605.5,1.058631570322834,5308.0,1360.0,16322.0,5611.0
offatr1_atr1p5-r3,False,combined,98,22343.0,0.3673469387755102,1.4194057027011806,11699.0,0.8171703664302129,227.99,1804.0,1.486592464762682,1.304057873972201,43109.0,1.2042252826396653,9464.0,1652.0,16322.0,5611.0
offatr1_pts30-r1,False,2021*,8,-52.0,0.5,0.9786535303776683,1231.0,-0.0570781404610488,-6.5,604.0,-0.028543375140115918,1.924717227722491,-170.0,-0.10975036591753609,2133.5,1037.0,9302.0,2016.0
offatr1_pts30-r1,False,2022,29,4974.0,0.6551724137931034,1.7833070866141731,3118.0,1.5199325471468619,171.52,779.0,1.5490788152696837,1.924717227722491,8160.0,1.4703273945020983,5372.0,1334.5,9302.0,2016.0
offatr1_pts30-r1,False,2023,30,4465.0,0.6333333333333333,1.6509695290858726,1875.0,1.349030535365462,148.83,694.0,1.363274629313622,1.924717227722491,7284.5,1.2973865344234374,3238.5,1190.0,9302.0,2016.0
offatr1_pts30-r1,False,2024,31,3311.0,0.6129032258064516,1.413203544240609,3162.0,0.9457810767490511,106.81,989.0,0.9443260436973385,1.924717227722491,5312.5,0.8938913270269884,5457.0,1691.5,9302.0,2016.0
offatr1_pts30-r1,False,combined,98,12698.0,0.6224489795918368,1.5367317609265365,3727.0,1.15615088711277,129.57,989.0,2.1247383540260785,1.924717227722491,20587.0,1.104583815981307,6417.5,1691.5,9302.0,2016.0
offptsA_pts20-r2,False,2021*,8,-872.0,0.25,0.6461038961038961,1646.0,-1.0830385982390591,-109.0,409.0,-0.5519303194378489,3.278447441409905,-2300.0,-1.140260087640869,4175.0,1037.5,12365.0,106.0
offptsA_pts20-r2,False,2022,31,11171.0,0.6451612903225806,3.352284691514003,1297.0,2.9590043122737826,360.35,574.0,3.355781618730822,3.278447441409905,27462.5,2.921703597949032,3287.5,1450.0,12365.0,106.0
offptsA_pts20-r2,False,2023,31,6466.0,0.5161290322580645,2.0312599681020735,2085.0,1.8218381675471478,208.58,469.0,1.8827467788138268,3.278447441409905,15700.0,1.7741582757993373,5287.5,1187.5,12365.0,106.0
offptsA_pts20-r2,False,2024,31,1421.0,0.3870967741935484,1.174763251752552,5203.0,0.4256710415240806,45.84,564.0,0.42066629084555757,3.278447441409905,3087.5,0.37018649132773074,13187.5,1425.0,12365.0,106.0
offptsA_pts20-r2,False,combined,101,18186.0,0.49504950495049505,1.8413990931803461,5203.0,1.5784391989561322,180.06,574.0,2.9501186472249508,3.278447441409905,43950.0,1.5294020421503869,13187.5,1450.0,12365.0,106.0
offatr1_pts10-r3,False,2021*,8,-72.0,0.25,0.9430379746835443,637.0,-0.13628510893300372,-9.0,209.0,-0.06816938352305175,2.4915289800226215,-600.0,-0.22702307705147648,3275.0,1075.0,7252.0,1716.0
offatr1_pts10-r3,False,2022,29,3889.0,0.4482758620689655,2.007774034724022,912.0,1.6413912400901547,134.1,574.0,1.6835049953327261,2.4915289800226215,18575.0,1.5736188489116507,4800.0,2900.0,7252.0,1716.0
offatr1_pts10-r3,False,2023,30,4895.0,0.5,2.2101359703337455,1161.0,1.9302682534361564,163.17,469.0,2.0109775553630715,2.4915289800226215,23575.0,1.8666709197510662,5925.0,2375.0,7252.0,1716.0
offatr1_pts10-r3,False,2024,31,1911.0,0.3870967741935484,1.3646250715512307,1379.0,0.7888929059786932,61.65,509.0,0.7845740581059192,2.4915289800226215,8625.0,0.7132773841962229,7075.0,2575.0,7252.0,1716.0
offatr1_pts10-r3,False,combined,98,10623.0,0.42857142857142855,1.7372475536123255,2540.0,1.3496929180165607,108.4,574.0,2.49908754389889,2.4915289800226215,50175.0,1.2786855732341924,13000.0,2900.0,7252.0,1716.0
offptsB_pts20-r3,False,2021*,8,1533.0,0.375,1.745985401459854,1646.0,1.26948452798181,191.62,414.0,0.6516675278561199,2.6194985864715807,3712.5,1.231676164716988,4175.0,1050.0,17022.0,2646.0
offptsB_pts20-r3,False,2022,30,9180.0,0.4666666666666667,2.2136435748281333,1947.0,1.8833073214363338,306.0,1124.0,1.9562889585639403,2.6194985864715807,22500.0,1.8501228812305393,4912.5,2825.0,17022.0,2646.0
offptsB_pts20-r3,False,2023,29,6979.0,0.41379310344827586,1.9465617794656178,2150.0,1.55349558676913,240.66,489.0,1.5859716544277211,2.6194985864715807,17012.5,1.5175165345218464,5450.0,1237.5,17022.0,2646.0
offptsB_pts20-r3,False,2024,31,2826.0,0.3225806451612903,1.3093934749288374,2578.0,0.6596832373771305,91.16,559.0,0.6543036779479273,2.6194985864715807,6600.0,0.6167500137051598,6700.0,1412.5,17022.0,2646.0
offptsB_pts20-r3,False,combined,98,20518.0,0.3979591836734694,1.7853479292658654,3033.0,1.3803592643080005,209.37,1124.0,2.559208088306064,2.6194985864715807,49825.0,1.3429332801438691,7687.5,2825.0,17022.0,2646.0
offatr1_pct0p1-r2,False,2021*,8,243.0,0.375,1.1495384615384616,618.0,0.34925109696283435,30.38,339.0,0.17498145704189672,2.2804371169643765,686.0,0.3105098614416277,2079.0,1038.5,7552.0,1276.0
offatr1_pct0p1-r2,False,2022,29,3959.0,0.5517241379310345,1.9722495088408645,1308.0,1.7083026979382832,136.52,574.0,1.7586947192253801,2.2804371169643765,15706.0,1.739244716570689,4635.0,2436.0,7552.0,1276.0
offatr1_pct0p1-r2,False,2023,30,4050.0,0.5333333333333333,1.8297480024585127,1119.0,1.5620973373954505,135.0,469.0,1.5939932749414045,2.2804371169643765,13986.0,1.5424620484161409,3636.0,2042.5,7552.0,1276.0
offatr1_pct0p1-r2,False,2024,31,1376.0,0.3870967741935484,1.1727341200100427,2399.0,0.4198076010351203,44.39,509.0,0.41484243312315694,2.2804371169643765,2334.5,0.27670401586006055,6981.0,1350.0,7552.0,1276.0
offatr1_pct0p1-r2,False,combined,98,9628.0,0.47959183673469385,1.519197584124245,2800.0,1.0741514694230496,98.24,574.0,1.9685270669503687,2.2804371169643765,32712.5,1.1376905290892616,8363.5,2436.0,7552.0,1276.0
offatr1_pct0p1-r0,False,2021*,8,-2592.0,0.0,0.0,2592.0,-5.6112313063151555,-324.0,339.0,-62.602747543538385,1.1781747723750164,-8368.0,-5.616729537432342,8368.0,1038.5,16952.0,21151.0
offatr1_pct0p1-r0,False,2022,29,17139.0,0.1724137931034483,3.155577914727707,2531.0,1.3091078317840756,591.0,1174.0,1.3213449154161543,1.1781747723750164,70102.5,1.2987116789021422,11296.5,5310.0,16952.0,21151.0
offatr1_pct0p1-r0,False,2023,30,3305.0,0.1,1.3784495591434787,5091.0,0.43598149998793617,110.17,469.0,0.4298576806004623,1.1781747723750164,8682.5,0.3405670728783374,19804.0,2042.5,16952.0,21151.0
offatr1_pct0p1-r0,False,2024,31,22031.0,0.16129032258064516,3.0457795524189804,5572.0,1.2281682945851125,710.68,509.0,1.2373977433837295,1.1781747723750164,51335.5,1.2306798271104298,14400.0,1350.0,16952.0,21151.0
offatr1_pct0p1-r0,False,combined,98,39883.0,0.1326530612244898,2.327442170078216,7616.0,0.9381184543182873,406.97,1174.0,1.7120934227912097,1.1781747723750164,121752.5,0.9221947167362764,31100.5,5310.0,16952.0,21151.0
offptsA_pts20-r1,False,2021*,8,-867.0,0.375,0.5781021897810219,1646.0,-1.420001134673011,-108.38,409.0,-0.7339113740565406,2.4389718998426333,-2287.5,-1.4931971289764634,4175.0,1037.5,6525.0,746.0
offptsA_pts20-r1,False,2022,31,5591.0,0.7419354838709677,2.5897071367642877,1297.0,2.487090232839659,180.35,574.0,2.6935196223778464,2.4389718998426333,13512.5,2.41822621620193,3287.5,1450.0,6525.0,746.0
offptsA_pts20-r1,False,2023,31,3296.0,0.6451612903225806,1.71280276816609,1275.0,1.4680335335766639,106.32,469.0,1.490291942279768,2.4389718998426333,7775.0,1.389841564956575,3262.5,1187.5,6525.0,746.0
offptsA_pts20-r1,False,2024,31,1621.0,0.5806451612903226,1.2943526420918832,2610.0,0.7130015470463974,52.29,454.0,0.7079326010692467,2.4389718998426333,3587.5,0.6321769748054404,6675.0,1150.0,6525.0,746.0
offptsA_pts20-r1,False,combined,101,9641.0,0.6336633663366337,1.6139591160924665,2610.0,1.3060980975153758,95.46,574.0,2.4122371450060722,2.4389718998426333,22587.5,1.2276378414689633,6675.0,1450.0,6525.0,746.0
offatr0p5_pts30-r0,False,2021*,9,-5481.0,0.0,0.0,5481.0,-6.005449592404047,-609.0,604.0,,0.9591153291351836,-9409.5,-6.00544959240405,9409.5,1037.0,14576.0,28306.0
offatr0p5_pts30-r0,False,2022,31,17986.0,0.22580645161290322,2.18633335531957,3918.0,1.1781165211243214,580.19,929.0,1.1824012152103878,0.9591153291351836,30260.0,1.1664041890457948,6732.0,1589.5,14576.0,28306.0
offatr0p5_pts30-r0,False,2023,31,5591.0,0.16129032258064516,1.3496779035586965,8641.0,0.5152227769901422,180.35,639.0,0.5087615062563393,0.9591153291351836,9188.5,0.4982048179857862,14934.5,1096.5,14576.0,28306.0
offatr0p5_pts30-r0,False,2024,31,29361.0,0.22580645161290322,2.9790374764087355,6864.0,1.4746371938665734,947.13,719.0,1.500624586866457,0.9591153291351836,49597.5,1.4658672996526179,11781.0,1232.5,14576.0,28306.0
offatr0p5_pts30-r0,False,combined,102,47457.0,0.18627450980392157,1.922085996852352,8641.0,0.956429496861161,465.26,929.0,1.7457054948823938,0.9591153291351836,79636.5,0.9444072685984028,14934.5,1589.5,14576.0,28306.0
offatr0p5_pct0p2-r3,False,2021*,9,-5736.0,0.0,0.0,5736.0,-6.000986707348519,-637.33,654.0,-78.46682436747258,0.9136326476587401,-9381.0,-6.004353232270675,9381.0,1056.0,7221.0,3751.0
offatr0p5_pct0p2-r3,False,2022,31,10111.0,0.41935483870967744,2.0119095276220977,1877.0,1.6679613288299375,326.16,929.0,1.7094632193284074,0.9136326476587401,19027.5,1.6188056008521177,4231.0,2150.5,7221.0,3751.0
offatr0p5_pct0p2-r3,False,2023,31,3536.0,0.3225806451612903,1.280323450134771,4404.0,0.6069727484558486,114.06,674.0,0.6002418247937187,0.9136326476587401,7890.0,0.7478408044800419,7401.0,1102.5,7221.0,3751.0
offatr0p5_pct0p2-r3,False,2024,31,3871.0,0.2903225806451613,1.2269981821380402,5744.0,0.4898941834970491,124.87,859.0,0.48454121637411857,0.9136326476587401,4423.5,0.43325912991275356,7369.5,1085.5,7221.0,3751.0
offatr0p5_pct0p2-r3,False,combined,102,11782.0,0.3137254901960784,1.259544002643463,7613.0,0.556232967591513,115.51,929.0,1.006485998802956,0.9136326476587401,21960.0,0.6355346353308361,12472.5,2150.5,7221.0,3751.0
offptsA_pct0p1-r3,False,2021*,8,-7.0,0.25,0.9963711767755313,1266.0,-0.008335203373218272,-0.88,329.0,-0.004168019707911693,3.8202374637451095,-392.0,-0.14915379138714552,4220.5,1054.0,15325.0,1081.0
offptsA_pct0p1-r3,False,2022,31,12301.0,0.6451612903225806,4.734365513054038,832.0,3.4401189551127693,396.81,574.0,4.148767492609257,3.8202374637451095,45567.5,3.350403552308696,3528.0,2436.0,15325.0,1081.0
offptsA_pct0p1-r3,False,2023,31,5886.0,0.45161290322580644,2.0686274509803924,1979.0,1.7706429416540534,189.87,469.0,1.8246119791253912,3.8202374637451095,22330.0,1.864860847781091,6483.5,2042.5,15325.0,1081.0
offptsA_pct0p1-r3,False,2024,31,2631.0,0.3225806451612903,1.3026224982746721,5198.0,0.6460068783372325,84.87,564.0,0.6405743892094422,3.8202374637451095,6724.0,0.6332795254050401,13122.0,1368.0,15325.0,1081.0
offptsA_pct0p1-r3,False,combined,101,20811.0,0.45544554455445546,2.0713513513513515,5198.0,1.7515507739307108,206.05,574.0,3.3029805432545656,3.8202374637451095,74229.5,1.8940814201919216,13122.0,2436.0,15325.0,1081.0
offptsB_pct0p2-r1,False,2021*,8,-1252.0,0.375,0.6056692913385827,2521.0,-1.303378734506254,-156.5,659.0,-0.6700431136432587,1.6985222335865733,-2264.5,-1.4607135247536334,4192.5,1071.0,6172.0,701.0
offptsB_pct0p2-r1,False,2022,30,9240.0,0.8,3.9389312977099236,644.0,3.3097931737476545,308.0,639.0,3.950696374788265,1.6985222335865733,17111.5,3.1930835504712944,1228.5,1218.0,6172.0,701.0
offptsB_pct0p2-r1,False,2023,29,-296.0,0.5172413793103449,0.965098455370829,2777.0,-0.09503615460795618,-10.21,674.0,-0.09339683160998825,1.6985222335865733,218.5,0.04038390899384539,4488.0,1048.0,6172.0,701.0
offptsB_pct0p2-r1,False,2024,31,2096.0,0.5483870967741935,1.1920997158830537,4154.0,0.48574066914177566,67.61,864.0,0.4804052512888756,1.6985222335865733,2434.5,0.43358270988297487,5308.0,1044.0,6172.0,701.0
offptsB_pct0p2-r1,False,combined,98,9788.0,0.6020408163265306,1.3806930885613162,4154.0,0.859855296948746,99.88,864.0,1.5659306902995414,1.6985222335865733,17500.0,0.9729764984554846,5620.5,1218.0,6172.0,701.0
offptsB_pts30-r3,False,2021*,8,-2492.0,0.125,0.41884328358208955,3679.0,-1.9414762416343478,-311.5,624.0,-1.0346039848199917,1.9053891217690295,-4318.0,-1.974290436327268,6315.5,1071.0,18197.0,2281.0
offptsB_pts30-r3,False,2022,30,14675.0,0.4666666666666667,2.4017575699684786,2347.0,2.046506094791266,489.17,1124.0,2.148502176711728,1.9053891217690295,24641.5,2.0244400195694543,4020.5,1921.0,18197.0,2281.0
offptsB_pts30-r3,False,2023,29,6279.0,0.3448275862068966,1.5375395942128243,3695.0,1.0018084512071777,216.52,644.0,0.9998130367777169,1.9053891217690295,10378.5,0.9748627141992579,6383.5,1105.0,18197.0,2281.0
offptsB_pts30-r3,False,2024,31,2401.0,0.2903225806451613,1.1744532442054785,4644.0,0.39049988874001584,77.45,794.0,0.3857506216266745,1.9053891217690295,3765.5,0.3603649974010726,8007.0,1360.0,18197.0,2281.0
offptsB_pts30-r3,False,combined,98,20863.0,0.3469387755102041,1.5189671898708987,5522.0,0.9928226610358457,212.89,1124.0,1.8148328216053746,1.9053891217690295,34467.5,0.965620904642175,9520.0,1921.0,18197.0,2281.0
offptsB_pts45-r0,False,2021*,8,-7277.0,0.0,0.0,7277.0,-5.616865520403758,-909.62,909.0,-1455.4,0.8204882868369318,-8057.5,-5.616865657035579,8057.5,1006.5,18237.0,20281.0
offptsB_pts45-r0,False,2022,30,26925.0,0.3,2.252966634091861,4857.0,1.3906577128006807,897.5,2574.0,1.407832645445268,0.8204882868369318,29419.5,1.3818835469097128,5362.5,2838.0,18237.0,20281.0
offptsB_pts45-r0,False,2023,29,-1156.0,0.1724137931034483,0.9471567014079356,13673.0,-0.10504398302436702,-39.86,929.0,-0.10323518355446512,0.8204882868369318,-1463.0,-0.12084851947268647,15185.5,1028.5,18237.0,20281.0
offptsB_pts45-r0,False,2024,31,21021.0,0.22580645161290322,1.9598191863385233,10059.0,1.0613968241410026,678.1,934.0,1.063365766152792,0.8204882868369318,22918.5,1.0523019248416308,11137.5,1034.0,18237.0,20281.0
offptsB_pts45-r0,False,combined,98,39513.0,0.21428571428571427,1.5446838426864067,15818.0,0.7291072158754176,403.19,2574.0,1.323681581774542,0.8204882868369318,42817.5,0.7184235221076688,17644.0,2838.0,18237.0,20281.0
offptsA_pts30-r0,False,2021*,8,-4877.0,0.0,0.0,4877.0,-5.616852693052547,-609.62,609.0,-975.4,0.9387466442234659,-8372.5,-5.6168531447558765,8372.5,1045.5,14910.0,28691.0
offptsA_pts30-r0,False,2022,31,17821.0,0.22580645161290322,2.049158130224891,4003.0,1.0928600202678969,574.87,2374.0,1.093723063618999,0.9387466442234659,29979.5,1.081833078463861,6876.5,4046.0,14910.0,28691.0
offptsA_pts30-r0,False,2023,31,5561.0,0.16129032258064516,1.3486738980500346,8666.0,0.5126798162022136,179.39,639.0,0.5062315879018372,0.9387466442234659,9137.5,0.4956532590551789,14977.0,1096.5,14910.0,28691.0
offptsA_pts30-r0,False,2024,31,29646.0,0.22580645161290322,3.0152267011080145,6774.0,1.4873755293924085,956.32,649.0,1.5144525631946097,0.9387466442234659,50082.0,1.4786248829395905,11628.0,1113.5,14910.0,28691.0
offptsA_pts30-r0,False,combined,101,48151.0,0.18811881188118812,1.916760276450317,8666.0,0.949674798446791,476.74,2374.0,1.7332243594939496,0.9387466442234659,80826.5,0.938024125179508,14977.0,4046.0,14910.0,28691.0
offptsB_pct0p1-r0,False,2021*,8,-2582.0,0.0,0.0,2582.0,-5.612371226148945,-322.75,329.0,-70.08796578135522,1.2075639762047725,-8372.0,-5.616713060959015,8372.0,1038.5,17567.0,16546.0
offptsB_pct0p1-r0,False,2022,30,17860.0,0.16666666666666666,3.1753958587088915,2649.0,1.3247364985382832,595.33,1124.0,1.3373779920871138,1.2075639762047725,72712.5,1.3077709085860973,12080.5,5311.0,17567.0,16546.0
offptsB_pct0p1-r0,False,2023,29,3369.0,0.10344827586206896,1.3989815253434392,4737.0,0.449512646532747,116.17,469.0,0.4430652965325011,1.2075639762047725,9248.5,0.3660931641515662,18334.5,2042.5,17567.0,16546.0
offptsB_pct0p1-r0,False,2024,31,17251.0,0.12903225806451613,2.5016538997214486,7728.0,0.9851435366430163,556.48,559.0,0.9847191451801507,1.2075639762047725,39853.0,0.9811364030708072,19582.0,1412.5,17567.0,16546.0
offptsB_pct0p1-r0,False,combined,98,35898.0,0.12244897959183673,2.168402551751074,7728.0,0.8492444500979072,366.31,1124.0,1.5461843127671855,1.2075639762047725,113442.0,0.853172668299686,30415.0,5311.0,17567.0,16546.0
offatr1_pct0p2-r2,False,2021*,8,-1197.0,0.25,0.6828298887122417,2476.0,-0.939688381069997,-149.62,659.0,-0.47660787892383194,1.0506266919737965,-2236.5,-1.1074331045262233,4116.0,1040.0,6512.0,3176.0
offatr1_pct0p2-r2,False,2022,29,4194.0,0.4482758620689655,1.4715538565324937,2947.0,0.9817600939087247,144.62,644.0,0.9791922368049337,1.0506266919737965,8867.5,1.0654877281735204,5131.0,1260.0,6512.0,3176.0
offatr1_pct0p2-r2,False,2023,30,4160.0,0.43333333333333335,1.4049450014601381,3140.0,0.8791370787016451,138.67,669.0,0.874341082816554,1.0506266919737965,7816.0,0.9400037651176812,5072.0,1302.0,6512.0,3176.0
offatr1_pct0p2-r2,False,2024,31,3266.0,0.3870967741935484,1.2164203830097409,4566.0,0.513327353414123,105.35,989.0,0.5078890896745512,1.0506266919737965,4121.0,0.49724318866110323,5614.0,1293.5,6512.0,3176.0
offatr1_pct0p2-r2,False,combined,98,10423.0,0.40816326530612246,1.274058687421119,4566.0,0.6182654611204005,106.36,989.0,1.1199489760118821,1.0506266919737965,18568.0,0.6893268412483557,7367.5,1302.0,6512.0,3176.0
offatr1_pct0p2-r1,False,2021*,8,-17.0,0.5,0.9932699920823437,1296.0,-0.017848719269822854,-2.12,659.0,-0.008925290006907954,1.5449184320023548,-166.0,-0.10832183385358013,2110.0,1040.0,6447.0,5176.0
offatr1_pct0p2-r1,False,2022,29,2894.0,0.6206896551724138,1.4714122821306401,2998.0,1.0229122480189803,99.79,644.0,1.0215617023872077,1.5449184320023548,6099.5,1.1262623775809846,5151.5,1218.0,6447.0,5176.0
offatr1_pct0p2-r1,False,2023,30,4170.0,0.6333333333333333,1.638200183654729,1915.0,1.3215778420403832,139.0,659.0,1.3340166825970827,1.5449184320023548,7199.5,1.319490006202314,3112.0,1064.0,6447.0,5176.0
offatr1_pct0p2-r1,False,2024,31,5226.0,0.6129032258064516,1.5546004457179243,3467.0,1.2048922684446954,168.58,989.0,1.2129280753682938,1.5449184320023548,6211.0,1.100818010154869,4481.5,1293.5,6447.0,5176.0
offatr1_pct0p2-r1,False,combined,98,12273.0,0.6122448979591837,1.4984566647713427,3647.0,1.0731767269131813,125.23,989.0,1.9666779222774098,1.5449184320023548,19344.0,1.0734030594876907,6199.5,1293.5,6447.0,5176.0
offptsA_pct0p2-r2,False,2021*,8,-1222.0,0.25,0.6774874637107416,2486.0,-0.9599719049144131,-152.75,659.0,-0.48720181532511614,2.7437904700642033,-2149.0,-1.0457872792494494,4133.0,1056.0,17030.0,1026.0
offptsA_pct0p2-r2,False,2022,31,13356.0,0.6129032258064516,3.113960113960114,1517.0,2.7711758393205614,430.84,639.0,3.081078983198355,2.7437904700642033,25044.5,2.7025967403389832,3165.0,1218.0,17030.0,1026.0
offptsA_pct0p2-r2,False,2023,31,7151.0,0.4838709677419355,1.753212555298083,2626.0,1.454405742531929,230.68,669.0,1.4755730825506717,2.7437904700642033,13139.0,1.5176514289805572,4104.5,1062.5,17030.0,1026.0
offptsA_pct0p2-r2,False,2024,31,1151.0,0.3548387096774194,1.0737584107657803,6771.0,0.18656852550799322,37.13,864.0,0.18399090419988778,2.7437904700642033,1625.5,0.20126574151919044,8235.5,1050.0,17030.0,1026.0
offptsA_pct0p2-r2,False,combined,101,20436.0,0.46534653465346537,1.5804692381980345,6771.0,1.1805720874707584,202.34,864.0,2.1702868970389693,2.7437904700642033,37660.0,1.3368488360831186,8235.5,1218.0,17030.0,1026.0
offatr1_pts45-r2,False,2021*,8,-4567.0,0.125,0.2822567971082823,5454.0,-2.893796172510605,-570.88,904.0,-1.688354898336414,1.7209306855880435,-5076.5,-2.9160443123784408,6039.0,1001.0,19652.0,1196.0
offatr1_pts45-r2,False,2022,29,13349.0,0.5172413793103449,1.9821940990361269,3262.0,1.706922350000008,460.31,1424.0,1.757134997463538,1.7209306855880435,14492.5,1.6866151263777747,3608.0,1573.0,19652.0,1196.0
offatr1_pts45-r2,False,2023,30,10515.0,0.4666666666666667,1.7187777701825142,4626.0,1.3795370364843296,350.5,949.0,1.3959057501887155,1.7209306855880435,11368.5,1.3572087889538738,5181.0,1050.5,19652.0,1196.0
offatr1_pts45-r2,False,2024,31,1331.0,0.3548387096774194,1.0722388059701493,4846.0,0.18338668525405513,42.94,1024.0,0.18084999788153963,1.7209306855880435,1259.5,0.15777898542731336,5423.0,1133.0,19652.0,1196.0
offatr1_pts45-r2,False,combined,98,20628.0,0.41836734693877553,1.3891488077271354,7309.0,0.8460169736942544,210.49,1424.0,1.540181300773459,1.7209306855880435,22044.0,0.8223889300978787,8112.5,1573.0,19652.0,1196.0
offatr0p25_atr1p5-r0,False,2021*,9,-6606.0,0.0,0.0,6606.0,-5.77902039490225,-734.0,1054.0,-10.708072654883523,0.31454968053385146,-9355.0,-6.003999488986822,9355.0,1060.0,3531.0,18051.0
offatr0p25_atr1p5-r0,False,2022,31,7571.0,0.22580645161290322,1.2734101332562926,6108.0,0.44367691540612486,244.23,2324.0,0.43768537460662876,0.31454968053385146,14455.5,0.7591712360741796,5582.5,2563.0,3531.0,18051.0
offatr0p25_atr1p5-r0,False,2023,31,5506.0,0.16129032258064516,1.3379157972259728,9646.0,0.5002770975819913,177.61,1064.0,0.49389649364091,0.31454968053385146,12123.5,0.6495549091007361,11567.5,1064.0,3531.0,18051.0
offatr0p25_atr1p5-r0,False,2024,31,14796.0,0.16129032258064516,1.7505326164147306,10683.0,0.7824115195220318,477.29,1779.0,0.7780136148171296,0.31454968053385146,32968.0,1.0427733930598593,12356.5,1071.0,3531.0,18051.0
offatr0p25_atr1p5-r0,False,combined,102,21267.0,0.16666666666666666,1.3024962662684019,12167.0,0.4221270199122369,208.5,2324.0,0.7624059261778009,0.31454968053385146,50192.0,0.6686807821548956,15383.0,2563.0,3531.0,18051.0
offptsB_pts45-r3,False,2021*,8,-7277.0,0.0,0.0,7277.0,-5.616865520403758,-909.62,909.0,-1455.4,1.3542094028665308,-8057.5,-5.616865657035579,8057.5,1006.5,19727.0,471.0
offptsB_pts45-r3,False,2022,30,20805.0,0.4666666666666667,2.228230710195407,4857.0,1.8940644001014748,693.5,2574.0,1.968773700574612,1.3542094028665308,22687.5,1.8793828042599978,5362.5,2838.0,19727.0,471.0
offptsB_pts45-r3,False,2023,29,6024.0,0.3103448275862069,1.3302631578947368,5490.0,0.6656119211526828,207.72,929.0,0.6585044663913959,1.3542094028665308,6435.0,0.646634861045787,6105.0,1028.5,19727.0,471.0
offptsB_pts45-r3,False,2024,31,576.0,0.25806451612903225,1.0274390243902438,8191.0,0.06538087139594004,18.58,934.0,0.0644496050510301,1.3542094028665308,429.0,0.044269753758596056,9069.5,1034.0,19727.0,471.0
offptsB_pts45-r3,False,combined,98,20128.0,0.3163265306122449,1.3172361618963562,11852.0,0.6552631069259482,205.39,2574.0,1.1878023417207588,1.3542094028665308,21494.0,0.6363527437282095,13123.0,2838.0,19727.0,471.0
offatr0p5_pct0p2-r0,False,2021*,9,-5736.0,0.0,0.0,5736.0,-6.000986707348519,-637.33,654.0,-78.46682436747258,1.0551914551350012,-9381.0,-6.004353232270675,9381.0,1056.0,15961.0,24586.0
offatr0p5_pct0p2-r0,False,2022,31,19261.0,0.1935483870967742,2.412614594792813,3848.0,1.2678704514956045,621.32,929.0,1.2766122442205787,1.0551914551350012,37592.0,1.236201888441082,8585.0,2150.5,15961.0,24586.0
offatr0p5_pct0p2-r0,False,2023,31,6286.0,0.16129032258064516,1.4110108539296455,7751.0,0.5811897193206093,202.77,674.0,0.5744933433542345,1.0551914551350012,13837.5,0.6550778084433599,14320.5,1102.5,15961.0,24586.0
offatr0p5_pct0p2-r0,False,2024,31,25616.0,0.22580645161290322,2.378612561218449,8964.0,1.2767321540433418,826.32,859.0,1.288654513397888,1.0551914551350012,30487.0,1.2774493378902683,11233.5,1085.5,15961.0,24586.0
offatr0p5_pct0p2-r0,False,combined,102,45427.0,0.17647058823529413,1.853153288509935,9122.0,0.9137038915794456,445.36,929.0,1.6657987062404622,1.0551914551350012,72535.5,0.9068909984688233,14320.5,2150.5,15961.0,24586.0
offatr1_pts10-r0,False,2021*,8,-1682.0,0.0,0.0,1682.0,-5.616540386923027,-210.25,209.0,-256.92974396385745,1.3331220636013899,-8650.0,-5.616558749526139,8650.0,1075.0,19197.0,5176.0
offatr1_pts10-r0,False,2022,29,16269.0,0.13793103448275862,3.362962962962963,2485.0,1.2583201725469455,561.0,1174.0,1.2674260892115765,1.3331220636013899,80475.0,1.2455022120997832,12575.0,5900.0,19197.0,5176.0
offatr1_pts10-r0,False,2023,30,5295.0,0.1,1.7852587868901082,3805.0,0.7055333876494466,176.5,469.0,0.6988037596129656,1.3331220636013899,25575.0,0.6818822282275105,19475.0,2375.0,19197.0,5176.0
offatr1_pts10-r0,False,2024,31,21876.0,0.12903225806451613,4.14853195164076,4733.0,1.2559944124598053,705.68,509.0,1.2667327912575523,1.3331220636013899,108450.0,1.2457880247820876,24175.0,2575.0,19197.0,5176.0
offatr1_pts10-r0,False,combined,98,41758.0,0.11224489795918367,2.8760894959115824,6290.0,1.0047692438419262,426.1,1174.0,1.8373362294493722,1.3331220636013899,205850.0,0.9910333498330705,32050.0,5900.0,19197.0,5176.0
offatr0p25_pts10-r0,False,2021*,9,-1901.0,0.0,0.0,1901.0,-6.004117907372617,-211.22,214.0,-143.7020926381082,1.3779216897401214,-9775.0,-6.004190434784627,9775.0,1100.0,18766.0,13591.0
offatr0p25_pts10-r0,False,2022,31,15631.0,0.12903225806451613,3.266019135981444,2458.0,1.2615256349779014,504.23,809.0,1.2699218754806922,1.3779216897401214,77225.0,1.2471781934832422,12500.0,4075.0,18766.0,13591.0
offatr0p25_pts10-r0,False,2023,31,6356.0,0.0967741935483871,2.0198973042362,3524.0,0.8197315689181456,205.03,304.0,0.8141796215668434,1.3779216897401214,30850.0,0.7961795100637026,18100.0,1550.0,18766.0,13591.0
offatr0p25_pts10-r0,False,2024,31,14721.0,0.06451612903225806,3.153452311293154,4193.0,0.8712707249006234,474.87,399.0,0.868219169520477,1.3779216897401214,72675.0,0.86049517609607,21475.0,2025.0,18766.0,13591.0
offatr0p25_pts10-r0,False,combined,102,34807.0,0.08823529411764706,2.5917592719623177,5982.0,0.8607243758765158,341.25,809.0,1.5670873781711596,1.3779216897401214,170975.0,0.8458981807549509,30600.0,4075.0,18766.0,13591.0
offptsB_pct0p2-r0,False,2021*,8,-5142.0,0.0,0.0,5142.0,-5.613969364675833,-642.75,659.0,-87.2726082350479,1.1080900273444443,-8357.5,-5.615135846581411,8357.5,1071.0,16542.0,23566.0
offptsB_pct0p2-r0,False,2022,30,18805.0,0.2,2.40640191459128,3544.0,1.258493654322044,626.83,1124.0,1.2671526121455317,1.1080900273444443,36846.0,1.2301535555694076,7971.0,2599.0,16542.0,23566.0
offptsB_pct0p2-r0,False,2023,29,6659.0,0.1724137931034483,1.4735794040253183,6878.0,0.6368777860685352,229.62,674.0,0.6297129431502783,1.1080900273444443,14642.0,0.7150321754612509,12581.5,1048.0,16542.0,23566.0
offptsB_pct0p2-r0,False,2024,31,24306.0,0.22580645161290322,2.305651052857757,8979.0,1.2368985381874158,784.06,864.0,1.2465916929257843,1.1080900273444443,28757.5,1.233947118459187,11249.5,1044.0,16542.0,23566.0
offptsB_pct0p2-r0,False,combined,98,44628.0,0.1836734693877551,1.8718109005665169,9112.0,0.9173550416786751,455.39,1124.0,1.6732246032009883,1.1080900273444443,71888.0,0.9183538023818947,13400.5,2599.0,16542.0,23566.0
offatr1_atr1p5-r1,False,2021*,8,318.0,0.5,1.1081264875892554,1388.0,0.26653161461265773,39.75,949.0,0.1334293325898442,0.757797923474609,-173.0,-0.11193622028237132,2123.0,1050.5,142.0,2331.0
offatr1_atr1p5-r1,False,2022,29,259.0,0.5862068965517241,1.0175379198266523,6222.0,0.04469394782919051,8.93,1739.0,0.04391828887501711,0.757797923474609,4846.5,0.8998997117507742,4068.0,1047.0,142.0,2331.0
offatr1_atr1p5-r1,False,2023,30,4840.0,0.6666666666666666,1.7202380952380953,2030.0,1.390430745512111,161.33,1109.0,1.4075890520080288,0.757797923474609,9250.5,1.6907854673965415,3294.0,1090.0,142.0,2331.0
offatr1_atr1p5-r1,False,2024,31,2451.0,0.6129032258064516,1.2351530269596085,4472.0,0.5432412005648594,79.06,1804.0,0.5377292575534043,0.757797923474609,5727.5,1.0056704058696795,4589.5,1360.0,142.0,2331.0
offatr1_atr1p5-r1,False,combined,98,7868.0,0.6122448979591837,1.2257546195340296,7176.0,0.5157622310943976,80.29,1804.0,0.9326563463759507,0.757797923474609,19651.5,1.08707563199905,5124.0,1360.0,142.0,2331.0
offatr1_pts30-r3,False,2021*,8,-2467.0,0.125,0.4212995543044804,3654.0,-1.9268731199846993,-308.38,604.0,-1.0257796257796257,2.1141163549157933,-4275.5,-1.959837987274191,6273.0,1037.0,20497.0,4121.0
offatr1_pts30-r3,False,2022,29,15154.0,0.4827586206896552,2.5169169169169168,2527.0,2.11767868440875,522.55,1174.0,2.2396576976194327,2.1141163549157933,25466.0,2.0966396205898996,4377.5,2006.0,20497.0,4121.0
offatr1_pts30-r3,False,2023,30,8000.0,0.36666666666666664,1.6805035726437563,3080.0,1.226997982797526,266.67,694.0,1.2339544820652062,2.1141163549157933,13294.0,1.2005712904722217,5287.0,1190.0,20497.0,4121.0
offatr1_pts30-r3,False,2024,31,4271.0,0.3225806451612903,1.3120023376433634,5762.0,0.6632970969839327,137.77,989.0,0.6579332998061784,2.1141163549157933,6944.5,0.6347488237739787,9877.0,1691.5,20497.0,4121.0
offatr1_pts30-r3,False,combined,98,24958.0,0.3673469387755102,1.6286966597813493,5762.0,1.159617513865289,254.67,1174.0,2.13137172525182,2.1141163549157933,41429.0,1.1333436911080297,9877.0,2006.0,20497.0,4121.0
offptsA_pts20-r3,False,2021*,8,-72.0,0.25,0.9707792207792207,1646.0,-0.0684412468637986,-9.0,409.0,-0.03422655911314338,3.061142865841884,-300.0,-0.11405369346190052,4175.0,1037.5,19915.0,2891.0
offptsA_pts20-r3,False,2022,31,12741.0,0.5161290322580645,2.9923377638780297,1297.0,2.548459834049518,411.0,574.0,2.7747137683900753,3.061142865841884,31387.5,2.5179657913239657,3287.5,1450.0,19915.0,2891.0
offptsA_pts20-r3,False,2023,31,8041.0,0.41935483870967744,2.0711336086319436,2085.0,1.7352427815836864,259.39,469.0,1.7847001908397335,3.061142865841884,19637.5,1.6984133663967587,5287.5,1187.5,19915.0,2891.0
offptsA_pts20-r3,False,2024,31,3011.0,0.3225806451612903,1.336462174544642,5203.0,0.7061918871076892,97.13,564.0,0.7010737319526212,3.061142865841884,7062.5,0.6631304960522592,13187.5,1425.0,19915.0,2891.0
offptsA_pts20-r3,False,combined,101,23721.0,0.40594059405940597,1.9370333794193166,5203.0,1.5806899883147565,234.86,574.0,2.9546474347679554,3.061142865841884,57787.5,1.5430799909413309,13187.5,1450.0,19915.0,2891.0
offptsA_atr1p5-r0,False,2021*,8,-6262.0,0.0,0.0,6262.0,-5.507333793225417,-782.75,1054.0,-14.012771197552341,0.25555773106773894,-8322.0,-5.615267624660742,8322.0,1060.0,2265.0,24921.0
offptsA_atr1p5-r0,False,2022,31,6276.0,0.1935483870967742,1.2216884493111975,6198.0,0.3697569945312034,202.45,2374.0,0.3644522835693418,0.25555773106773894,12145.5,0.6422513598363171,7366.5,2618.0,2265.0,24921.0
offptsA_atr1p5-r0,False,2023,31,5211.0,0.16129032258064516,1.319712865819989,9776.0,0.4776761435837991,168.1,1074.0,0.4714354591686471,0.25555773106773894,11479.5,0.623686626505108,11903.5,1056.0,2265.0,24921.0
offptsA_atr1p5-r0,False,2024,31,25896.0,0.22580645161290322,2.402740913276637,10129.0,1.2861469006698254,835.35,1769.0,1.2986238489885842,0.25555773106773894,52679.0,1.5154056732178562,11350.5,1071.0,2265.0,24921.0
offptsA_atr1p5-r0,False,combined,101,31121.0,0.1782178217821782,1.4488692090232504,11808.0,0.6011218953812917,308.13,2374.0,1.0885245526954919,0.25555773106773894,67982.0,0.8580206647981168,13334.5,2618.0,2265.0,24921.0
offptsA_pts20-r0,False,2021*,8,-3282.0,0.0,0.0,3282.0,-5.616787831172608,-410.25,409.0,-501.3337810281689,1.2612754857303927,-8325.0,-5.616790354027086,8325.0,1037.5,16935.0,21621.0
offptsA_pts20-r0,False,2022,31,13356.0,0.16129032258064516,2.1721958925750395,3533.0,1.0563193239477235,430.84,899.0,1.0559408950796503,1.2612754857303927,32925.0,1.0420634303274896,8937.5,2262.5,16935.0,21621.0
offptsA_pts20-r0,False,2023,31,10731.0,0.16129032258064516,1.9955468967436683,4316.0,1.0139460474423156,346.16,469.0,1.0122873194312263,1.2612754857303927,26362.5,0.9968693993476807,11150.0,1187.5,16935.0,21621.0
offptsA_pts20-r0,False,2024,31,22531.0,0.16129032258064516,3.049390576678188,5203.0,1.2339437492977903,726.81,564.0,1.2434789740269105,1.2612754857303927,55862.5,1.2241925045228959,13187.5,1425.0,16935.0,21621.0
offptsA_pts20-r0,False,combined,101,43336.0,0.1485148514851485,2.1889489423578152,5332.0,0.9721835919223212,429.07,899.0,1.775427382576362,1.2612754857303927,106825.0,0.9589473176663095,13525.0,2262.5,16935.0,21621.0
offatr1_pts45-r1,False,2021*,8,-1857.0,0.375,0.5914191419141914,3636.0,-1.3634448121708678,-232.12,904.0,-0.7028102519810517,0.6924209135032678,-2095.5,-1.3965345024545974,4026.0,1001.0,5602.0,3976.0
offatr1_pts45-r1,False,2022,29,3729.0,0.5862068965517241,1.324176301834304,3682.0,0.747872632572058,128.59,1424.0,0.7412202767022525,0.6924209135032678,3910.5,0.713530839729518,4103.0,1573.0,5602.0,3976.0
offatr1_pts45-r1,False,2023,30,3330.0,0.5666666666666667,1.279784910099143,3740.0,0.6727212319919997,111.0,949.0,0.6658562823951645,0.6924209135032678,3465.0,0.636802922478006,4180.0,1050.5,5602.0,3976.0
offatr1_pts45-r1,False,2024,31,5876.0,0.6129032258064516,1.5270900609974882,3892.0,1.161531660967399,189.55,1024.0,1.1675051905393685,0.6924209135032678,6259.0,1.1261094428305942,4334.0,1133.0,5602.0,3976.0
offatr1_pts45-r1,False,combined,98,11078.0,0.5714285714285714,1.2833393012430303,5539.0,0.6778617118276336,113.04,1424.0,1.2293199763081253,0.6924209135032678,11539.0,0.642331688227756,6198.5,1573.0,5602.0,3976.0
offatr0p25_pts20-r0,False,2021*,9,-3691.0,0.0,0.0,3691.0,-6.005247680379554,-410.11,414.0,-369.09999999999997,1.2727372274729742,-9362.5,-6.005253460946093,9362.5,1050.0,17286.0,21771.0
offatr0p25_pts20-r0,False,2022,31,13801.0,0.16129032258064516,2.2236013831013386,3443.0,1.080657161836747,445.19,809.0,1.0810911127817027,1.2727372274729742,34037.5,1.0665643786373395,8712.5,2037.5,17286.0,21771.0
offatr0p25_pts20-r0,False,2023,31,11091.0,0.16129032258064516,2.035670930992623,4111.0,1.038540825790834,357.77,444.0,1.0376048031914835,1.2727372274729742,27262.5,1.0216423737381783,10637.5,1125.0,17286.0,21771.0
offatr0p25_pts20-r0,False,2024,31,18906.0,0.12903225806451613,2.686830835117773,4963.0,1.0484393272522525,609.87,429.0,1.049963208224133,1.2727372274729742,46800.0,1.0384420690111602,12587.5,1087.5,17286.0,21771.0
offatr0p25_pts20-r0,False,combined,102,40107.0,0.13725490196078433,2.087293626480874,6185.0,0.9019443603327096,393.21,809.0,1.643853540980179,1.2727372274729742,98737.5,0.8884897154674105,15687.5,2037.5,17286.0,21771.0
offatr0p5_pts10-r0,False,2021*,9,-1931.0,0.0,0.0,1931.0,-5.9870904425006914,-214.56,254.0,-38.61999999999999,1.3868277688766684,-9925.0,-5.988071468844362,9925.0,1300.0,20566.0,12946.0
offatr0p5_pts10-r0,False,2022,31,17836.0,0.12903225806451613,3.4642166344294005,3191.0,1.3145047983448945,575.35,929.0,1.3259351451120849,1.3868277688766684,88250.0,1.3014564723102755,16375.0,4675.0,20566.0,12946.0
offatr0p5_pts10-r0,False,2023,31,5691.0,0.0967741935483871,1.8403721204961607,4009.0,0.7363542866815465,183.58,519.0,0.7300034170477129,1.3868277688766684,27525.0,0.7126392124500369,20525.0,2625.0,20566.0,12946.0
offatr0p5_pts10-r0,False,2024,31,13946.0,0.06451612903225806,2.8742104555839267,4643.0,0.8307666421699967,449.87,399.0,0.8270298359031629,1.3868277688766684,68800.0,0.8198995323206073,23725.0,2025.0,20566.0,12946.0
offatr0p5_pts10-r0,False,combined,102,35542.0,0.08823529411764706,2.5200581643999658,6667.0,0.8563206312791547,348.45,929.0,1.5589001439433021,1.3868277688766684,174650.0,0.8418724253080571,34025.0,4675.0,20566.0,12946.0
offptsB_atr1p5-r0,False,2021*,8,-6247.0,0.0,0.0,6247.0,-5.504433722394468,-780.88,1054.0,-13.825403672049557,0.9653875191242354,-8298.0,-5.615491998738228,8298.0,1060.0,18247.0,23446.0
offptsB_atr1p5-r0,False,2022,30,22480.0,0.26666666666666666,1.8675182340909968,6403.0,1.1444947719173584,749.33,2574.0,1.1475415129939825,0.9653875191242354,32791.0,1.4464269563088719,6626.5,2838.0,18247.0,23446.0
offptsB_atr1p5-r0,False,2023,29,5464.0,0.1724137931034483,1.3581541688515995,8983.0,0.5171655231054153,188.41,1069.0,0.5102601251246389,0.9653875191242354,11920.0,0.6730327164395378,10493.0,1104.0,18247.0,23446.0
offptsB_atr1p5-r0,False,2024,31,24231.0,0.22580645161290322,2.2963993365791024,10324.0,1.229726766227217,781.65,1774.0,1.239038347722097,0.9653875191242354,49943.0,1.4683674006130705,11698.0,1360.0,18247.0,23446.0
offptsB_atr1p5-r0,False,combined,98,45928.0,0.20408163265306123,1.6947524467908088,12090.0,0.8498129451620662,468.65,2574.0,1.5472418508228036,0.9653875191242354,86356.0,1.0681171025923673,13431.0,2838.0,18247.0,23446.0
offatr0p25_pts30-r0,False,2021*,9,-5491.0,0.0,0.0,5491.0,-6.005358357841849,-610.11,614.0,-549.0999999999999,1.097447443016278,-9426.5,-6.005360126125934,9426.5,1054.0,15226.0,21776.0
offatr0p25_pts30-r0,False,2022,31,18431.0,0.22580645161290322,2.095062681955915,3728.0,1.1234985486104958,594.55,2324.0,1.1255045927385394,1.097447443016278,31016.5,1.1125593018589996,6409.0,3961.0,15226.0,21776.0
offatr0p25_pts30-r0,False,2023,31,8961.0,0.1935483870967742,1.5854949362953283,7892.0,0.8006663103971638,289.06,624.0,0.794889680395468,1.097447443016278,14917.5,0.7843392744692379,13651.0,1071.0,15226.0,21776.0
offatr0p25_pts30-r0,False,2024,31,18576.0,0.16129032258064516,2.1658089619681187,7348.0,0.9932772494626592,599.23,629.0,0.9930827590913059,1.097447443016278,31263.0,0.9836062820165364,12614.0,1079.5,15226.0,21776.0
offatr0p25_pts30-r0,False,combined,102,40477.0,0.17647058823529413,1.755717779727787,9195.0,0.8179261829479205,396.83,2324.0,1.48763017379891,1.097447443016278,67770.5,0.8057872220861485,15784.5,3961.0,15226.0,21776.0
offptsA_pct0p1-r1,False,2021*,8,8.0,0.5,1.0063191153238547,932.0,0.016659776109135674,1.0,329.0,0.008330751035439432,1.5354754531145396,-345.5,-0.2256161073604659,3166.5,1054.0,3115.0,501.0
offptsA_pct0p1-r1,False,2022,31,2966.0,0.7096774193548387,2.090040426313855,1144.0,1.9270854636252788,95.68,574.0,2.0038863386647083,1.5354754531145396,9679.5,1.6122728536211615,4829.0,2436.0,3115.0,501.0
offptsA_pct0p1-r1,False,2023,31,756.0,0.5806451612903226,1.1788502484031227,1380.0,0.4515929652752529,24.39,469.0,0.4455394147908557,1.5354754531145396,2330.5,0.39517349593084466,4648.5,2042.5,3115.0,501.0
offptsA_pct0p1-r1,False,2024,31,451.0,0.5483870967741935,1.0770808408819006,3034.0,0.20528187303529066,14.55,464.0,0.20246681500444402,1.5354754531145396,1353.0,0.2377662137951157,7714.5,1148.0,3115.0,501.0
offptsA_pct0p1-r1,False,combined,101,4181.0,0.6039603960396039,1.2972627088517596,3034.0,0.7026248268055325,41.4,574.0,1.2747577748306165,1.5354754531145396,13017.5,0.6809890870348816,7714.5,2436.0,3115.0,501.0
offatr0p5_pts45-r0,False,2021*,9,-8181.0,0.0,0.0,8181.0,-6.005449592404049,-909.0,904.0,,0.9846843100816084,-9058.5,-6.005449592404049,9058.5,1001.0,21876.0,21226.0
offatr0p5_pts45-r0,False,2022,31,19911.0,0.25806451612903225,1.8697798357504805,5283.0,1.0774798083493475,642.29,2469.0,1.077804437271252,0.9846843100816084,21697.5,1.0677403903305829,5857.5,2722.5,21876.0,21226.0
offatr0p5_pts45-r0,False,2023,31,10626.0,0.25806451612903225,1.503315649867374,12409.0,0.8289970874517971,342.77,1079.0,0.8235637112663925,0.9846843100816084,11484.0,0.8147608721806752,13788.5,1193.5,21876.0,21226.0
offatr0p5_pts45-r0,False,2024,31,22266.0,0.22580645161290322,2.015275181250285,10059.0,1.1012578251917868,718.26,949.0,1.104698702248175,0.9846843100816084,24288.0,1.0923714748835098,11137.5,1050.5,21876.0,21226.0
offatr0p5_pts45-r0,False,combined,102,44622.0,0.22549019607843138,1.6020562361703277,12409.0,0.8117112246499976,437.47,2469.0,1.4761119721070677,0.9846843100816084,48411.0,0.8007808549394242,13788.5,2722.5,21876.0,21226.0
offptsB_pts10-r0,False,2021*,8,-1692.0,0.0,0.0,1692.0,-5.615107920774157,-211.5,219.0,-111.9152804580322,1.4976291338082002,-8700.0,-5.615204080429543,8700.0,1125.0,21862.0,5431.0
offptsB_pts10-r0,False,2022,30,18990.0,0.16666666666666666,3.6822033898305087,2549.0,1.411378585038576,633.0,1124.0,1.4301018256939186,1.4976291338082002,94050.0,1.3987722782195955,12925.0,5650.0,21862.0,5431.0
offptsB_pts10-r0,False,2023,29,5584.0,0.10344827586206896,1.896452078985391,3500.0,0.754165665259103,192.55,469.0,0.747566968694152,1.4976291338082002,27050.0,0.7310546263578105,17950.0,2375.0,21862.0,5431.0
offptsB_pts10-r0,False,2024,31,21921.0,0.12903225806451613,4.215165737753007,4198.0,1.2598488439593634,707.13,414.0,1.2708034036688107,1.4976291338082002,108675.0,1.2496350729677732,21500.0,2100.0,21862.0,5431.0
offptsB_pts10-r0,False,combined,98,44803.0,0.12244897959183673,3.0533938310646684,6049.0,1.0661180402791424,457.17,1124.0,1.953292444034681,1.4976291338082002,221075.0,1.05258601987698,30875.0,5650.0,21862.0,5431.0
offatr1_pts10-r1,False,2021*,8,-467.0,0.375,0.557345971563981,859.0,-1.5097594377552856,-58.38,209.0,-0.7837993313115958,1.6594093586938008,-2575.0,-1.6520893315762224,4475.0,1075.0,1317.0,776.0
offatr1_pts10-r1,False,2022,29,1654.0,0.6896551724137931,1.7299205648720213,851.0,1.3742938241290938,57.03,574.0,1.391061013948248,1.6594093586938008,7400.0,1.236840093475853,4375.0,2900.0,1317.0,776.0
offatr1_pts10-r1,False,2023,30,1780.0,0.7,1.7619863013698631,489.0,1.4677547403882405,59.33,469.0,1.4910026583918137,1.6594093586938008,8000.0,1.3274128818968274,2625.0,2375.0,1317.0,776.0
offatr1_pts10-r1,False,2024,31,1431.0,0.6774193548387096,1.5329608938547485,730.0,1.1390307653105576,46.16,404.0,1.14401440810128,1.6594093586938008,6225.0,0.9954486344941222,3800.0,2050.0,1317.0,776.0
offatr1_pts10-r1,False,combined,98,4398.0,0.6632653061224489,1.5272116998321745,1318.0,1.1044887015053606,44.88,574.0,2.0261681523302117,1.6594093586938008,19050.0,0.961142849190935,6950.0,2900.0,1317.0,776.0
offatr0p5_pts45-r3,False,2021*,9,-8181.0,0.0,0.0,8181.0,-6.005449592404049,-909.0,904.0,,1.5713251556500802,-9058.5,-6.005449592404049,9058.5,1001.0,23386.0,411.0
offatr0p5_pts45-r3,False,2022,31,16701.0,0.41935483870967744,1.91028506022783,4607.0,1.5613898769774281,538.74,2469.0,1.5918558512919965,1.5713251556500802,18166.5,1.5451806567124227,5087.5,2722.5,23386.0,411.0
offatr0p5_pts45-r3,False,2023,31,14876.0,0.3870967741935484,1.85122453650721,5510.0,1.4697476130378788,479.87,1079.0,1.492145132531962,1.5713251556500802,16159.0,1.4524735243353024,6127.0,1193.5,23386.0,411.0
offatr0p5_pts45-r3,False,2024,31,546.0,0.25806451612903225,1.0259727904100466,8201.0,0.06195319324861038,17.61,949.0,0.06107037118996406,1.5713251556500802,396.0,0.04084951793119778,9080.5,1050.5,23386.0,411.0
offatr0p5_pts45-r3,False,combined,102,23942.0,0.3235294117647059,1.3681911850644357,10923.0,0.7597765763324554,234.73,2469.0,1.3800528256935711,1.5713251556500802,25663.0,0.7406592512493746,12094.5,2722.5,23386.0,411.0
offptsA_pts30-r2,False,2021*,8,-1262.0,0.25,0.6546250684181719,2436.0,-1.0491000218863522,-157.75,604.0,-0.5339991253032568,3.1233346170002365,-2227.0,-1.0875329434007057,4182.0,1037.0,21770.0,4376.0
offptsA_pts30-r2,False,2022,31,17011.0,0.6451612903225806,3.462150817773918,1243.0,3.015522830074998,548.74,779.0,3.4417844380939435,3.1233346170002365,28602.5,2.990924847996003,2133.5,1334.5,21770.0,4376.0
offptsA_pts30-r2,False,2023,31,8096.0,0.4838709677419355,1.8224299065420562,3060.0,1.5508160804336215,261.16,639.0,1.5802863162080159,3.1233346170002365,13447.0,1.5175325339059864,5253.0,1096.5,21770.0,4376.0
offptsA_pts30-r2,False,2024,31,6301.0,0.45161290322580644,1.603370678923681,4969.0,1.2265617789952303,203.26,649.0,1.235706855720468,3.1233346170002365,10395.5,1.1918368184382522,8559.5,1113.5,21770.0,4376.0
offptsA_pts30-r2,False,combined,101,30146.0,0.504950495049505,1.9771799027552674,4969.0,1.7462984814825884,298.48,779.0,3.292132455414301,3.1233346170002365,50218.0,1.714159355330287,8559.5,1334.5,21770.0,4376.0
offatr1_pts30-r0,False,2021*,8,-4872.0,0.0,0.0,4872.0,-5.616875979995276,-609.0,604.0,,1.2511158721179763,-8364.0,-5.616875979995277,8364.0,1037.0,20517.0,30751.0
offatr1_pts30-r0,False,2022,29,23444.0,0.2413793103448276,2.644846698940574,3810.0,1.4650929897700975,808.41,1174.0,1.4891937195646117,1.2511158721179763,39559.0,1.454923632006669,6528.0,2006.0,20517.0,30751.0
offatr1_pts30-r0,False,2023,30,5435.0,0.16666666666666666,1.3526930564568462,8227.0,0.5182530331367041,181.17,694.0,0.5115666341236508,1.2511158721179763,8933.5,0.5012178830230345,14220.5,1190.0,20517.0,30751.0
offatr1_pts30-r0,False,2024,31,31701.0,0.25806451612903225,3.1265848259207085,5762.0,1.5975044508472718,1022.61,989.0,1.6350254510627036,1.2511158721179763,53575.5,1.5888052336791314,9877.0,1691.5,20517.0,30751.0
offatr1_pts30-r0,False,combined,98,55708.0,0.20408163265306123,2.1267343554063345,8227.0,1.1133981404103728,568.45,1174.0,2.0431296321323953,1.2511158721179763,93704.0,1.10206903478495,14220.5,2006.0,20517.0,30751.0
offatr0p5_pts45-r2,False,2021*,9,-5476.0,0.1111111111111111,0.24697469746974698,5476.0,-3.3387077535281118,-608.44,904.0,-2.0243992606284658,2.0914011789788396,-6083.0,-3.3613517108404793,6083.0,1001.0,21426.0,1341.0
offatr0p5_pts45-r2,False,2022,31,17386.0,0.5483870967741935,2.322531568537958,2777.0,2.139059495760572,560.84,1214.0,2.2552243197112145,2.0914011789788396,18920.0,2.1190945389557596,3074.5,1342.0,21426.0,1341.0
offatr0p5_pts45-r2,False,2023,31,12191.0,0.4838709677419355,1.8265645128483288,6432.0,1.5555850136195264,393.26,1079.0,1.585502196047727,2.0914011789788396,13205.5,1.5334405664595627,7161.0,1193.5,21426.0,1341.0
offatr0p5_pts45-r2,False,2024,31,1466.0,0.3548387096774194,1.0801530891197375,4701.0,0.20250140435291614,47.29,949.0,0.19972125556600437,2.0914011789788396,1408.0,0.1768333410099254,5263.5,1050.5,21426.0,1341.0
offatr0p5_pts45-r2,False,combined,102,25567.0,0.43137254901960786,1.4782722562059225,7309.0,1.0230821110351005,250.66,1214.0,1.8709331882901017,2.0914011789788396,27450.5,0.9992893856530859,8112.5,1342.0,21426.0,1341.0
offptsB_pts30-r0,False,2021*,8,-4897.0,0.0,0.0,4897.0,-5.616509759249948,-612.12,624.0,-245.95045498292197,1.2893838908478303,-8406.5,-5.616516833709923,8406.5,1071.0,21627.0,27181.0
offptsB_pts30-r0,False,2022,30,24020.0,0.23333333333333334,2.6299111080952704,4349.0,1.468470003752114,800.67,1124.0,1.4917783311760477,1.2893838908478303,40528.0,1.458154792761086,7454.5,1921.0,21627.0,27181.0
offptsB_pts30-r0,False,2023,29,5989.0,0.1724137931034483,1.4065575996198494,7743.0,0.5708370397426703,206.52,644.0,0.5637213460621264,1.2893838908478303,9885.5,0.5544101379029918,13387.5,1105.0,21627.0,27181.0
offptsB_pts30-r0,False,2024,31,27941.0,0.22580645161290322,2.865095787998131,7049.0,1.432873940436713,901.32,794.0,1.4554527709777363,1.2893838908478303,47183.5,1.4238864693010198,12095.5,1360.0,21627.0,27181.0
offptsB_pts30-r0,False,combined,98,53053.0,0.19387755102040816,2.075122603655818,7927.0,1.0619098925198984,541.36,1124.0,1.9453168670188876,1.2893838908478303,89190.5,1.0505253747648255,13608.5,1921.0,21627.0,27181.0
offatr0p5_pct0p1-r0,False,2021*,9,-2901.0,0.0,0.0,2901.0,-6.001592145590746,-322.33,329.0,-84.40667994328186,1.5078499142865236,-9411.0,-6.005073821799358,9411.0,1054.0,24741.0,17291.0
offatr0p5_pct0p1-r0,False,2022,31,24861.0,0.1935483870967742,4.094088363410081,2793.0,1.6565728831940285,801.97,929.0,1.6968059313250805,1.5078499142865236,96325.0,1.6085967366802845,12441.5,4207.5,24741.0,17291.0
offatr0p5_pct0p1-r0,False,2023,31,3476.0,0.0967741935483871,1.386780905752754,5265.0,0.44504661338036994,112.13,519.0,0.43904417365023146,1.5078499142865236,9634.5,0.3594859314679013,20586.0,2205.0,24741.0,17291.0
offatr0p5_pct0p1-r0,False,2024,31,18381.0,0.12903225806451613,2.6105318496451413,7738.0,1.026931875966117,592.94,624.0,1.0277522426948427,1.5078499142865236,42785.5,1.0262133248551342,19723.5,1701.0,24741.0,17291.0
offatr0p5_pct0p1-r0,False,combined,102,43817.0,0.12745098039215685,2.398295889711514,8058.0,0.9816980104662597,429.58,929.0,1.7930960512684053,1.5078499142865236,139334.0,0.9881113203080689,33027.5,4207.5,24741.0,17291.0
offptsA_pts30-r3,False,2021*,8,-2472.0,0.125,0.4208059981255858,2472.0,-1.9298085207406155,-309.0,609.0,-1.027551270127574,2.635207159286034,-4284.0,-1.962743314601365,4284.0,1045.5,23770.0,4946.0
offptsA_pts30-r3,False,2022,31,19096.0,0.5161290322580645,2.9809128630705395,2127.0,2.5415206606597183,616.0,899.0,2.7654675518162017,2.635207159286034,32147.0,2.521232729652658,3646.5,1538.5,23770.0,4946.0
offptsA_pts30-r3,False,2023,31,9866.0,0.3870967741935484,1.8442580865993496,3060.0,1.4624837330173444,318.26,639.0,1.484294618623121,2.635207159286034,16456.0,1.4365353673308092,5253.0,1096.5,23770.0,4946.0
offptsA_pts30-r3,False,2024,31,5076.0,0.3225806451612903,1.393977025768395,4369.0,0.800385983043458,163.74,649.0,0.7962144946504247,2.635207159286034,8313.0,0.7715625795932084,7539.5,1113.5,23770.0,4946.0
offptsA_pts30-r3,False,combined,101,31566.0,0.38613861386138615,1.8203648838297208,4948.0,1.43034588153921,312.53,899.0,2.6552575321162646,2.635207159286034,52632.0,1.4044430920672688,8534.0,1538.5,23770.0,4946.0
offatr1_pts45-r3,False,2021*,8,-7272.0,0.0,0.0,7272.0,-5.616875979995276,-909.0,904.0,,1.9524029056994512,-8052.0,-5.616875979995278,8052.0,1001.0,28597.0,3876.0
offatr1_pts45-r3,False,2022,29,23244.0,0.4827586206896552,2.6030344827586207,3262.0,2.177778964385362,801.52,1424.0,2.313796205503204,1.9524029056994512,25377.0,2.163812038698425,3608.0,1573.0,28597.0,3876.0
offatr1_pts45-r3,False,2023,30,12300.0,0.36666666666666664,1.7086886379350081,6409.0,1.260574910457233,410.0,949.0,1.2693506143673143,1.9524029056994512,13332.0,1.2429698900082968,7122.5,1050.5,28597.0,3876.0
offatr1_pts45-r3,False,2024,31,4021.0,0.2903225806451613,1.198636565726424,8191.0,0.43786274858680313,129.71,1024.0,0.4327797006795696,1.9524029056994512,4218.5,0.41771126236465617,9069.5,1133.0,28597.0,3876.0
offatr1_pts45-r3,False,combined,98,32293.0,0.3469387755102041,1.5439187482104058,10014.0,1.027611292656385,329.52,1424.0,1.8804319444139914,1.9524029056994512,34875.5,1.0094672846923973,11088.0,1573.0,28597.0,3876.0
offatr0p5_pts20-r0,False,2021*,9,-3686.0,0.0,0.0,3686.0,-6.005398975447031,-409.56,409.0,-737.1999999999999,1.572988080458169,-9350.0,-6.005400426543213,9350.0,1037.5,24991.0,16841.0
offatr0p5_pts20-r0,False,2022,31,21916.0,0.1935483870967742,2.9959927140255007,3558.0,1.4520941408280088,706.97,929.0,1.473079026791861,1.572988080458169,54325.0,1.4404962458701362,9000.0,2337.5,24991.0,16841.0
offatr0p5_pts20-r0,False,2023,31,10641.0,0.16129032258064516,1.9727580217570162,4406.0,1.0045155652352458,343.26,519.0,1.0025944244556353,1.572988080458169,26137.5,0.9874453293017921,11375.0,1312.5,24991.0,16841.0
offatr0p5_pts20-r0,False,2024,31,17931.0,0.12903225806451613,2.511506364326056,7713.0,1.0011439453797801,578.42,624.0,1.001177445195914,1.572988080458169,44362.5,0.991050160837833,19537.5,1575.0,24991.0,16841.0
offatr0p5_pts20-r0,False,combined,102,46802.0,0.14705882352941177,2.249119248425323,7713.0,1.0047149682402643,458.84,929.0,1.8363527327956073,1.572988080458169,115475.0,0.9919433492371835,19537.5,2337.5,24991.0,16841.0
