uid,root,tf,sess,seed,cells,share_pos,avg_net,avg_trades,t1,t2,t3,lift,p_beat,build_pass,opened_2024,t4,t5,t6,survivors,passed
placebo-c1-NQ-tf1|eve|seed1,NQ,1,eve,1,32,0.09375,-25826.375,1298.3125,False,False,True,,,False,False,False,False,False,0,False
placebo-c1-NQ-tf1|eve|seed2,NQ,1,eve,2,32,0.65625,11212.59375,1275.09375,True,True,True,17099.56,1.0,True,True,True,True,True,8,True
placebo-c1-NQ-tf1|asia|seed1,NQ,1,asia,1,32,0.15625,-17359.65625,1212.0625,False,False,True,,,False,False,False,False,False,0,False
placebo-c1-NQ-tf1|asia|seed2,NQ,1,asia,2,32,0.09375,-17998.78125,1208.25,False,False,True,,,False,False,False,False,False,0,False
placebo-c1-NQ-tf1|london|seed1,NQ,1,london,1,32,0.09375,-23094.53125,1475.3125,False,False,True,,,False,False,False,False,False,0,False
placebo-c1-NQ-tf1|london|seed2,NQ,1,london,2,32,0.09375,-31045.78125,1473.90625,False,False,True,,,False,False,False,False,False,0,False
placebo-c1-NQ-tf1|pre|seed1,NQ,1,pre,1,32,0.625,22082.03125,1220.9375,True,False,True,4707.57,0.935,False,False,False,False,False,0,False
placebo-c1-NQ-tf1|pre|seed2,NQ,1,pre,2,32,0.28125,-10497.25,1235.875,False,False,True,,,False,False,False,False,False,0,False
placebo-c1-NQ-tf1|nyam|seed1,NQ,1,nyam,1,32,0.25,-24844.0,1558.1875,False,False,True,,,False,False,False,False,False,0,False
placebo-c1-NQ-tf1|nyam|seed2,NQ,1,nyam,2,32,0.34375,-247.09375,1561.1875,False,False,True,,,False,False,False,False,False,0,False
placebo-c1-NQ-tf1|mid|seed1,NQ,1,mid,1,32,0.28125,-17591.5625,1483.28125,False,False,True,,,False,False,False,False,False,0,False
placebo-c1-NQ-tf1|mid|seed2,NQ,1,mid,2,32,0.40625,-8150.78125,1482.03125,False,False,True,,,False,False,False,False,False,0,False
placebo-c1-NQ-tf1|pm|seed1,NQ,1,pm,1,32,0.15625,-19958.3125,1469.8125,False,False,True,,,False,False,False,False,False,0,False
placebo-c1-NQ-tf1|pm|seed2,NQ,1,pm,2,32,0.09375,-24031.28125,1472.46875,False,False,True,,,False,False,False,False,False,0,False
placebo-c1-NQ-tf5|eve|seed1,NQ,5,eve,1,32,0.25,-15689.25,1213.5625,False,False,True,,,False,False,False,False,False,0,False
placebo-c1-NQ-tf5|eve|seed2,NQ,5,eve,2,32,0.28125,-7664.25,1196.375,False,False,True,,,False,False,False,False,False,0,False
placebo-c1-NQ-tf5|asia|seed1,NQ,5,asia,1,32,0.125,-24925.96875,1109.34375,False,False,True,,,False,False,False,False,False,0,False
placebo-c1-NQ-tf5|asia|seed2,NQ,5,asia,2,32,0.09375,-19931.25,1106.5625,False,False,True,,,False,False,False,False,False,0,False
placebo-c1-NQ-tf5|london|seed1,NQ,5,london,1,32,0.09375,-32925.625,1415.46875,False,False,True,,,False,False,False,False,False,0,False
placebo-c1-NQ-tf5|london|seed2,NQ,5,london,2,32,0.15625,-22070.375,1412.28125,False,False,True,,,False,False,False,False,False,0,False
placebo-c1-NQ-tf5|pre|seed1,NQ,5,pre,1,32,0.46875,5461.8125,1013.53125,False,False,True,,,False,False,False,False,False,0,False
placebo-c1-NQ-tf5|pre|seed2,NQ,5,pre,2,32,0.25,-18086.40625,1021.875,False,False,True,,,False,False,False,False,False,0,False
placebo-c1-NQ-tf5|nyam|seed1,NQ,5,nyam,1,32,0.21875,-25564.71875,1437.625,False,False,True,,,False,False,False,False,False,0,False
placebo-c1-NQ-tf5|nyam|seed2,NQ,5,nyam,2,32,0.40625,13343.375,1429.9375,False,False,True,,,False,False,False,False,False,0,False
placebo-c1-NQ-tf5|mid|seed1,NQ,5,mid,1,32,0.4375,-5405.40625,1332.5625,False,False,True,,,False,False,False,False,False,0,False
placebo-c1-NQ-tf5|mid|seed2,NQ,5,mid,2,32,0.21875,-27835.3125,1326.5625,False,False,True,,,False,False,False,False,False,0,False
placebo-c1-NQ-tf5|pm|seed1,NQ,5,pm,1,32,0.09375,-32604.46875,1331.78125,False,False,True,,,False,False,False,False,False,0,False
placebo-c1-NQ-tf5|pm|seed2,NQ,5,pm,2,32,0.09375,-14843.0,1335.4375,False,False,True,,,False,False,False,False,False,0,False
placebo-c1-NQ-tf15|eve|seed1,NQ,15,eve,1,32,0.21875,-15668.6875,1107.25,False,False,True,,,False,False,False,False,False,0,False
placebo-c1-NQ-tf15|eve|seed2,NQ,15,eve,2,32,0.40625,3965.28125,1100.4375,False,False,True,,,False,False,False,False,False,0,False
placebo-c1-NQ-tf15|asia|seed1,NQ,15,asia,1,32,0.21875,-10841.46875,893.84375,False,False,True,,,False,False,False,False,False,0,False
placebo-c1-NQ-tf15|asia|seed2,NQ,15,asia,2,32,0.15625,-17835.625,903.28125,False,False,True,,,False,False,False,False,False,0,False
placebo-c1-NQ-tf15|london|seed1,NQ,15,london,1,32,0.25,-20190.84375,1296.34375,False,False,True,,,False,False,False,False,False,0,False
placebo-c1-NQ-tf15|london|seed2,NQ,15,london,2,32,0.0,-50493.28125,1301.5625,False,False,True,,,False,False,False,False,False,0,False
placebo-c1-NQ-tf15|pre|seed1,NQ,15,pre,1,32,0.6875,13199.09375,747.0625,True,True,True,30451.46,1.0,True,True,False,False,False,0,False
placebo-c1-NQ-tf15|pre|seed2,NQ,15,pre,2,32,0.125,-18839.90625,762.125,False,False,True,,,False,False,False,False,False,0,False
placebo-c1-NQ-tf15|nyam|seed1,NQ,15,nyam,1,32,0.1875,-26185.875,1028.65625,False,False,True,,,False,False,False,False,False,0,False
placebo-c1-NQ-tf15|nyam|seed2,NQ,15,nyam,2,32,0.65625,21473.09375,1021.53125,True,False,True,9528.71,0.93,False,False,False,False,False,0,False
placebo-c1-NQ-tf15|mid|seed1,NQ,15,mid,1,32,0.28125,-17728.375,1167.875,False,False,True,,,False,False,False,False,False,0,False
placebo-c1-NQ-tf15|mid|seed2,NQ,15,mid,2,32,0.21875,-34171.09375,1153.4375,False,False,True,,,False,False,False,False,False,0,False
placebo-c1-NQ-tf15|pm|seed1,NQ,15,pm,1,32,0.28125,-22536.15625,1139.625,False,False,True,,,False,False,False,False,False,0,False
placebo-c1-NQ-tf15|pm|seed2,NQ,15,pm,2,32,0.28125,-9999.34375,1133.15625,False,False,True,,,False,False,False,False,False,0,False
placebo-c1-NQ-tf30|eve|seed1,NQ,30,eve,1,32,0.65625,18155.875,948.375,True,False,True,-9573.04,0.01,False,False,False,False,False,0,False
placebo-c1-NQ-tf30|eve|seed2,NQ,30,eve,2,32,0.46875,10855.25,959.78125,False,False,True,,,False,False,False,False,False,0,False
placebo-c1-NQ-tf30|asia|seed1,NQ,30,asia,1,32,0.5625,5425.15625,594.53125,False,False,True,-426.28,0.425,False,False,False,False,False,0,False
placebo-c1-NQ-tf30|asia|seed2,NQ,30,asia,2,32,0.34375,3267.1875,577.65625,False,False,True,,,False,False,False,False,False,0,False
placebo-c1-NQ-tf30|london|seed1,NQ,30,london,1,32,0.0,-40135.0,1147.8125,False,False,True,,,False,False,False,False,False,0,False
placebo-c1-NQ-tf30|london|seed2,NQ,30,london,2,32,0.0,-53804.78125,1133.1875,False,False,True,,,False,False,False,False,False,0,False
placebo-c1-NQ-tf30|pre|seed1,NQ,30,pre,1,32,0.71875,17608.03125,481.9375,True,True,True,42626.64,1.0,True,True,False,False,False,0,False
placebo-c1-NQ-tf30|pre|seed2,NQ,30,pre,2,32,0.21875,-13713.71875,516.59375,False,False,True,,,False,False,False,False,False,0,False
placebo-c1-NQ-tf30|nyam|seed1,NQ,30,nyam,1,32,0.53125,11254.125,529.59375,False,False,True,-14342.54,0.005,False,False,False,False,False,0,False
placebo-c1-NQ-tf30|nyam|seed2,NQ,30,nyam,2,32,0.5625,12211.96875,511.1875,False,False,True,-14122.33,0.005,False,False,False,False,False,0,False
placebo-c1-NQ-tf30|mid|seed1,NQ,30,mid,1,32,0.4375,63.625,839.71875,False,False,True,,,False,False,False,False,False,0,False
placebo-c1-NQ-tf30|mid|seed2,NQ,30,mid,2,32,0.03125,-24086.125,838.875,False,False,True,,,False,False,False,False,False,0,False
placebo-c1-NQ-tf30|pm|seed1,NQ,30,pm,1,32,0.1875,-29541.46875,805.09375,False,False,True,,,False,False,False,False,False,0,False
placebo-c1-NQ-tf30|pm|seed2,NQ,30,pm,2,32,0.0625,-21899.46875,822.71875,False,False,True,,,False,False,False,False,False,0,False
placebo-c1-ES-tf1|eve|seed1,ES,1,eve,1,32,0.0,-43750.234375,1259.53125,False,False,True,,,False,False,False,False,False,0,False
placebo-c1-ES-tf1|eve|seed2,ES,1,eve,2,32,0.0,-35929.265625,1248.625,False,False,True,,,False,False,False,False,False,0,False
placebo-c1-ES-tf1|asia|seed1,ES,1,asia,1,32,0.0625,-39685.859375,1180.9375,False,False,True,,,False,False,False,False,False,0,False
placebo-c1-ES-tf1|asia|seed2,ES,1,asia,2,32,0.0,-38605.3125,1179.0625,False,False,True,,,False,False,False,False,False,0,False
placebo-c1-ES-tf1|london|seed1,ES,1,london,1,32,0.0,-53411.625,1448.21875,False,False,True,,,False,False,False,False,False,0,False
placebo-c1-ES-tf1|london|seed2,ES,1,london,2,32,0.0,-56780.296875,1450.25,False,False,True,,,False,False,False,False,False,0,False
placebo-c1-ES-tf1|pre|seed1,ES,1,pre,1,32,0.09375,-29169.40625,1199.1875,False,False,True,,,False,False,False,False,False,0,False
placebo-c1-ES-tf1|pre|seed2,ES,1,pre,2,32,0.03125,-45549.125,1205.25,False,False,True,,,False,False,False,False,False,0,False
placebo-c1-ES-tf1|nyam|seed1,ES,1,nyam,1,32,0.0,-48250.109375,1493.09375,False,False,True,,,False,False,False,False,False,0,False
placebo-c1-ES-tf1|nyam|seed2,ES,1,nyam,2,32,0.1875,-30930.328125,1498.5,False,False,True,,,False,False,False,False,False,0,False
placebo-c1-ES-tf1|mid|seed1,ES,1,mid,1,32,0.15625,-30962.0,1436.59375,False,False,True,,,False,False,False,False,False,0,False
placebo-c1-ES-tf1|mid|seed2,ES,1,mid,2,32,0.09375,-41693.015625,1436.4375,False,False,True,,,False,False,False,False,False,0,False
placebo-c1-ES-tf1|pm|seed1,ES,1,pm,1,32,0.0,-43169.21875,1455.78125,False,False,True,,,False,False,False,False,False,0,False
placebo-c1-ES-tf1|pm|seed2,ES,1,pm,2,32,0.0625,-35562.640625,1449.15625,False,False,True,,,False,False,False,False,False,0,False
placebo-c1-ES-tf5|eve|seed1,ES,5,eve,1,32,0.0,-41530.0,1186.40625,False,False,True,,,False,False,False,False,False,0,False
placebo-c1-ES-tf5|eve|seed2,ES,5,eve,2,32,0.0,-41442.796875,1171.34375,False,False,True,,,False,False,False,False,False,0,False
placebo-c1-ES-tf5|asia|seed1,ES,5,asia,1,32,0.0625,-40645.84375,1079.625,False,False,True,,,False,False,False,False,False,0,False
placebo-c1-ES-tf5|asia|seed2,ES,5,asia,2,32,0.0,-36161.296875,1082.21875,False,False,True,,,False,False,False,False,False,0,False
placebo-c1-ES-tf5|london|seed1,ES,5,london,1,32,0.0,-45575.234375,1383.75,False,False,True,,,False,False,False,False,False,0,False
placebo-c1-ES-tf5|london|seed2,ES,5,london,2,32,0.0,-49808.3125,1386.0625,False,False,True,,,False,False,False,False,False,0,False
placebo-c1-ES-tf5|pre|seed1,ES,5,pre,1,32,0.28125,-20311.375,988.78125,False,False,True,,,False,False,False,False,False,0,False
placebo-c1-ES-tf5|pre|seed2,ES,5,pre,2,32,0.0,-45269.96875,998.9375,False,False,True,,,False,False,False,False,False,0,False
placebo-c1-ES-tf5|nyam|seed1,ES,5,nyam,1,32,0.03125,-43161.4375,1351.6875,False,False,True,,,False,False,False,False,False,0,False
placebo-c1-ES-tf5|nyam|seed2,ES,5,nyam,2,32,0.21875,-19103.71875,1348.78125,False,False,True,,,False,False,False,False,False,0,False
placebo-c1-ES-tf5|mid|seed1,ES,5,mid,1,32,0.25,-17610.09375,1283.1875,False,False,True,,,False,False,False,False,False,0,False
placebo-c1-ES-tf5|mid|seed2,ES,5,mid,2,32,0.09375,-29820.3125,1279.6875,False,False,True,,,False,False,False,False,False,0,False
placebo-c1-ES-tf5|pm|seed1,ES,5,pm,1,32,0.0,-51630.875,1322.5625,False,False,True,,,False,False,False,False,False,0,False
placebo-c1-ES-tf5|pm|seed2,ES,5,pm,2,32,0.0,-36435.984375,1316.125,False,False,True,,,False,False,False,False,False,0,False
placebo-c1-ES-tf15|eve|seed1,ES,15,eve,1,32,0.03125,-43111.921875,1080.8125,False,False,True,,,False,False,False,False,False,0,False
placebo-c1-ES-tf15|eve|seed2,ES,15,eve,2,32,0.125,-31521.140625,1079.40625,False,False,True,,,False,False,False,False,False,0,False
placebo-c1-ES-tf15|asia|seed1,ES,15,asia,1,32,0.0,-33917.4375,875.0625,False,False,True,,,False,False,False,False,False,0,False
placebo-c1-ES-tf15|asia|seed2,ES,15,asia,2,32,0.0,-32126.03125,884.4375,False,False,True,,,False,False,False,False,False,0,False
placebo-c1-ES-tf15|london|seed1,ES,15,london,1,32,0.03125,-39410.140625,1271.96875,False,False,True,,,False,False,False,False,False,0,False
placebo-c1-ES-tf15|london|seed2,ES,15,london,2,32,0.0,-49099.109375,1280.34375,False,False,True,,,False,False,False,False,False,0,False
placebo-c1-ES-tf15|pre|seed1,ES,15,pre,1,32,0.03125,-18344.6875,733.4375,False,False,True,,,False,False,False,False,False,0,False
placebo-c1-ES-tf15|pre|seed2,ES,15,pre,2,32,0.0,-39199.515625,746.65625,False,False,True,,,False,False,False,False,False,0,False
placebo-c1-ES-tf15|nyam|seed1,ES,15,nyam,1,32,0.0,-44408.625,969.34375,False,False,True,,,False,False,False,False,False,0,False
placebo-c1-ES-tf15|nyam|seed2,ES,15,nyam,2,32,0.46875,1291.40625,964.84375,False,False,True,,,False,False,False,False,False,0,False
placebo-c1-ES-tf15|mid|seed1,ES,15,mid,1,32,0.09375,-26377.640625,1121.65625,False,False,True,,,False,False,False,False,False,0,False
placebo-c1-ES-tf15|mid|seed2,ES,15,mid,2,32,0.0625,-32428.265625,1106.1875,False,False,True,,,False,False,False,False,False,0,False
placebo-c1-ES-tf15|pm|seed1,ES,15,pm,1,32,0.1875,-33053.40625,1120.1875,False,False,True,,,False,False,False,False,False,0,False
placebo-c1-ES-tf15|pm|seed2,ES,15,pm,2,32,0.0625,-26591.28125,1117.9375,False,False,True,,,False,False,False,False,False,0,False
placebo-c1-ES-tf30|eve|seed1,ES,30,eve,1,32,0.125,-24451.59375,931.0625,False,False,True,,,False,False,False,False,False,0,False
placebo-c1-ES-tf30|eve|seed2,ES,30,eve,2,32,0.03125,-30292.375,937.15625,False,False,True,,,False,False,False,False,False,0,False
placebo-c1-ES-tf30|asia|seed1,ES,30,asia,1,32,0.0625,-21668.09375,589.09375,False,False,True,,,False,False,False,False,False,0,False
placebo-c1-ES-tf30|asia|seed2,ES,30,asia,2,32,0.15625,-11515.203125,577.53125,False,False,True,,,False,False,False,False,False,0,False
placebo-c1-ES-tf30|london|seed1,ES,30,london,1,32,0.03125,-34452.703125,1115.8125,False,False,True,,,False,False,False,False,False,0,False
placebo-c1-ES-tf30|london|seed2,ES,30,london,2,32,0.0,-51143.015625,1107.53125,False,False,True,,,False,False,False,False,False,0,False
placebo-c1-ES-tf30|pre|seed1,ES,30,pre,1,32,0.21875,-10550.203125,477.6875,False,False,True,,,False,False,False,False,False,0,False
placebo-c1-ES-tf30|pre|seed2,ES,30,pre,2,32,0.0,-27761.3125,511.8125,False,False,True,,,False,False,False,False,False,0,False
placebo-c1-ES-tf30|nyam|seed1,ES,30,nyam,1,32,0.25,-9707.546875,521.125,False,False,True,,,False,False,False,False,False,0,False
placebo-c1-ES-tf30|nyam|seed2,ES,30,nyam,2,32,0.375,-1404.296875,506.25,False,False,True,,,False,False,False,False,False,0,False
placebo-c1-ES-tf30|mid|seed1,ES,30,mid,1,32,0.09375,-16342.09375,817.75,False,False,True,,,False,False,False,False,False,0,False
placebo-c1-ES-tf30|mid|seed2,ES,30,mid,2,32,0.0,-21936.515625,805.125,False,False,True,,,False,False,False,False,False,0,False
placebo-c1-ES-tf30|pm|seed1,ES,30,pm,1,32,0.03125,-30786.65625,794.125,False,False,True,,,False,False,False,False,False,0,False
placebo-c1-ES-tf30|pm|seed2,ES,30,pm,2,32,0.0,-27350.984375,807.375,False,False,True,,,False,False,False,False,False,0,False
placebo-c1-GC-tf1|eve|seed1,GC,1,eve,1,32,0.0,-31332.3125,1218.0,False,False,True,,,False,False,False,False,False,0,False
placebo-c1-GC-tf1|eve|seed2,GC,1,eve,2,32,0.09375,-19135.75,1209.5625,False,False,True,,,False,False,False,False,False,0,False
placebo-c1-GC-tf1|asia|seed1,GC,1,asia,1,32,0.0625,-28034.125,1146.34375,False,False,True,,,False,False,False,False,False,0,False
placebo-c1-GC-tf1|asia|seed2,GC,1,asia,2,32,0.21875,-18238.1875,1138.53125,False,False,True,,,False,False,False,False,False,0,False
placebo-c1-GC-tf1|london|seed1,GC,1,london,1,32,0.0,-36060.75,1350.65625,False,False,True,,,False,False,False,False,False,0,False
placebo-c1-GC-tf1|london|seed2,GC,1,london,2,32,0.03125,-40280.625,1352.96875,False,False,True,,,False,False,False,False,False,0,False
placebo-c1-GC-tf1|pre|seed1,GC,1,pre,1,32,0.34375,-9149.6875,1209.53125,False,False,True,,,False,False,False,False,False,0,False
placebo-c1-GC-tf1|pre|seed2,GC,1,pre,2,32,0.09375,-21084.375,1221.25,False,False,True,,,False,False,False,False,False,0,False
placebo-c1-GC-tf1|nyam|seed1,GC,1,nyam,1,32,0.125,-24554.6875,1331.09375,False,False,True,,,False,False,False,False,False,0,False
placebo-c1-GC-tf1|nyam|seed2,GC,1,nyam,2,32,0.3125,-14875.5625,1326.15625,False,False,True,,,False,False,False,False,False,0,False
placebo-c1-GC-tf1|mid|seed1,GC,1,mid,1,32,0.0,-29076.1875,1205.21875,False,False,True,,,False,False,False,False,False,0,False
placebo-c1-GC-tf1|mid|seed2,GC,1,mid,2,32,0.0,-37278.5625,1206.90625,False,False,True,,,False,False,False,False,False,0,False
placebo-c1-GC-tf1|pm|seed1,GC,1,pm,1,32,0.0,-26997.875,1070.40625,False,False,True,,,False,False,False,False,False,0,False
placebo-c1-GC-tf1|pm|seed2,GC,1,pm,2,32,0.0,-25851.5625,1063.75,False,False,True,,,False,False,False,False,False,0,False
placebo-c1-GC-tf5|eve|seed1,GC,5,eve,1,32,0.0625,-32173.125,1170.15625,False,False,True,,,False,False,False,False,False,0,False
placebo-c1-GC-tf5|eve|seed2,GC,5,eve,2,32,0.0,-24431.625,1156.34375,False,False,True,,,False,False,False,False,False,0,False
placebo-c1-GC-tf5|asia|seed1,GC,5,asia,1,32,0.0,-29279.8125,1057.53125,False,False,True,,,False,False,False,False,False,0,False
placebo-c1-GC-tf5|asia|seed2,GC,5,asia,2,32,0.21875,-15236.125,1046.53125,False,False,True,,,False,False,False,False,False,0,False
placebo-c1-GC-tf5|london|seed1,GC,5,london,1,32,0.0625,-24190.75,1267.21875,False,False,True,,,False,False,False,False,False,0,False
placebo-c1-GC-tf5|london|seed2,GC,5,london,2,32,0.03125,-25511.5,1272.875,False,False,True,,,False,False,False,False,False,0,False
placebo-c1-GC-tf5|pre|seed1,GC,5,pre,1,32,0.40625,-4838.25,1007.21875,False,False,True,,,False,False,False,False,False,0,False
placebo-c1-GC-tf5|pre|seed2,GC,5,pre,2,32,0.1875,-16393.625,1022.625,False,False,True,,,False,False,False,False,False,0,False
placebo-c1-GC-tf5|nyam|seed1,GC,5,nyam,1,32,0.09375,-16874.4375,1152.4375,False,False,True,,,False,False,False,False,False,0,False
placebo-c1-GC-tf5|nyam|seed2,GC,5,nyam,2,32,0.0625,-22825.875,1153.1875,False,False,True,,,False,False,False,False,False,0,False
placebo-c1-GC-tf5|mid|seed1,GC,5,mid,1,32,0.21875,-16794.1875,1016.28125,False,False,True,,,False,False,False,False,False,0,False
placebo-c1-GC-tf5|mid|seed2,GC,5,mid,2,32,0.0,-31752.125,1021.9375,False,False,True,,,False,False,False,False,False,0,False
placebo-c1-GC-tf5|pm|seed1,GC,5,pm,1,32,0.0,-29608.6875,908.8125,False,False,True,,,False,False,False,False,False,0,False
placebo-c1-GC-tf5|pm|seed2,GC,5,pm,2,32,0.0,-23054.4375,906.34375,False,False,True,,,False,False,False,False,False,0,False
placebo-c1-GC-tf15|eve|seed1,GC,15,eve,1,32,0.0,-37710.75,1082.21875,False,False,True,,,False,False,False,False,False,0,False
placebo-c1-GC-tf15|eve|seed2,GC,15,eve,2,32,0.1875,-13955.125,1066.59375,False,False,True,,,False,False,False,False,False,0,False
placebo-c1-GC-tf15|asia|seed1,GC,15,asia,1,32,0.03125,-29025.0625,828.21875,False,False,True,,,False,False,False,False,False,0,False
placebo-c1-GC-tf15|asia|seed2,GC,15,asia,2,32,0.0,-19993.125,828.4375,False,False,True,,,False,False,False,False,False,0,False
placebo-c1-GC-tf15|london|seed1,GC,15,london,1,32,0.0,-37636.625,1160.5625,False,False,True,,,False,False,False,False,False,0,False
placebo-c1-GC-tf15|london|seed2,GC,15,london,2,32,0.09375,-33771.4375,1163.09375,False,False,True,,,False,False,False,False,False,0,False
placebo-c1-GC-tf15|pre|seed1,GC,15,pre,1,32,0.46875,1055.875,744.9375,False,False,True,,,False,False,False,False,False,0,False
placebo-c1-GC-tf15|pre|seed2,GC,15,pre,2,32,0.0,-19553.6875,753.65625,False,False,True,,,False,False,False,False,False,0,False
placebo-c1-GC-tf15|nyam|seed1,GC,15,nyam,1,32,0.0,-37601.5625,845.78125,False,False,True,,,False,False,False,False,False,0,False
placebo-c1-GC-tf15|nyam|seed2,GC,15,nyam,2,32,0.28125,-10051.125,839.65625,False,False,True,,,False,False,False,False,False,0,False
placebo-c1-GC-tf15|mid|seed1,GC,15,mid,1,32,0.0,-12006.3125,855.25,False,False,True,,,False,False,False,False,False,0,False
placebo-c1-GC-tf15|mid|seed2,GC,15,mid,2,31,0.0,-18603.935483870966,855.258064516129,False,False,True,,,False,False,False,False,False,0,False
placebo-c1-GC-tf15|pm|seed1,GC,15,pm,1,32,0.0,-18913.375,762.09375,False,False,True,,,False,False,False,False,False,0,False
placebo-c1-GC-tf15|pm|seed2,GC,15,pm,2,32,0.0,-13647.75,753.34375,False,False,True,,,False,False,False,False,False,0,False
placebo-c1-GC-tf30|eve|seed1,GC,30,eve,1,32,0.0,-43571.125,930.59375,False,False,True,,,False,False,False,False,False,0,False
placebo-c1-GC-tf30|eve|seed2,GC,30,eve,2,32,0.46875,-1897.25,919.0,False,False,True,,,False,False,False,False,False,0,False
placebo-c1-GC-tf30|asia|seed1,GC,30,asia,1,32,0.0625,-21733.125,570.46875,False,False,True,,,False,False,False,False,False,0,False
placebo-c1-GC-tf30|asia|seed2,GC,30,asia,2,32,0.03125,-10104.625,558.65625,False,False,True,,,False,False,False,False,False,0,False
placebo-c1-GC-tf30|london|seed1,GC,30,london,1,32,0.09375,-29128.125,1016.71875,False,False,True,,,False,False,False,False,False,0,False
placebo-c1-GC-tf30|london|seed2,GC,30,london,2,32,0.1875,-15154.0,990.84375,False,False,True,,,False,False,False,False,False,0,False
placebo-c1-GC-tf30|pre|seed1,GC,30,pre,1,32,0.21875,-4814.3125,482.25,False,False,True,,,False,False,False,False,False,0,False
placebo-c1-GC-tf30|pre|seed2,GC,30,pre,2,32,0.03125,-11286.9375,510.71875,False,False,True,,,False,False,False,False,False,0,False
placebo-c1-GC-tf30|nyam|seed1,GC,30,nyam,1,32,0.0,-16329.6875,500.78125,False,False,True,,,False,False,False,False,False,0,False
placebo-c1-GC-tf30|nyam|seed2,GC,30,nyam,2,32,0.53125,-1043.625,471.21875,False,False,True,,,False,False,False,False,False,0,False
placebo-c1-GC-tf30|mid|seed1,GC,30,mid,1,32,0.09375,-9062.8125,667.34375,False,False,True,,,False,False,False,False,False,0,False
placebo-c1-GC-tf30|mid|seed2,GC,30,mid,2,31,0.0,-20594.1935483871,670.3225806451613,False,False,True,,,False,False,False,False,False,0,False
placebo-c1-GC-tf30|pm|seed1,GC,30,pm,1,31,0.0,-17189.032258064515,618.3870967741935,False,False,True,,,False,False,False,False,False,0,False
placebo-c1-GC-tf30|pm|seed2,GC,30,pm,2,31,0.0,-20314.0,627.4516129032259,False,False,True,,,False,False,False,False,False,0,False
