unit,cell,dead,author_cell,trades,net,t
late_mom-NQ-tf30|pm|,sig1000_thr0_atr1p5-r0,False,False,554,-44071.0,-2.305
late_mom-NQ-tf30|pm|,sig1000_thr0_atr1p5-r1,False,False,554,-46461.0,-2.476
late_mom-NQ-tf30|pm|,sig1000_thr0_atr1p5-r2,False,False,554,-44071.0,-2.305
late_mom-NQ-tf30|pm|,sig1000_thr0_atr1p5-r3,False,False,554,-44071.0,-2.305
late_mom-NQ-tf30|pm|,sig1000_thr0_atr3-r0,False,False,554,-48211.0,-2.46
late_mom-NQ-tf30|pm|,sig1000_thr0_atr3-r1,False,False,554,-48211.0,-2.46
late_mom-NQ-tf30|pm|,sig1000_thr0_atr3-r2,False,False,554,-48211.0,-2.46
late_mom-NQ-tf30|pm|,sig1000_thr0_atr3-r3,False,False,554,-48211.0,-2.46
late_mom-NQ-tf30|pm|,sig1000_thr0_pts10-r0,False,False,554,-30411.0,-3.488
late_mom-NQ-tf30|pm|,sig1000_thr0_pts10-r1,False,False,554,-11131.0,-2.342
late_mom-NQ-tf30|pm|,sig1000_thr0_pts10-r2,False,False,554,-13501.0,-2.08
late_mom-NQ-tf30|pm|,sig1000_thr0_pts10-r3,False,False,554,-13336.0,-1.733
late_mom-NQ-tf30|pm|,sig1000_thr0_pts20-r0,False,False,554,-31061.0,-2.528
late_mom-NQ-tf30|pm|,sig1000_thr0_pts20-r1,False,False,554,-12266.0,-1.356
late_mom-NQ-tf30|pm|,sig1000_thr0_pts20-r2,False,False,554,-19471.0,-1.739
late_mom-NQ-tf30|pm|,sig1000_thr0_pts20-r3,False,False,554,-16336.0,-1.306
late_mom-NQ-tf30|pm|,sig1000_thr0_pts30-r0,False,False,554,-39841.0,-2.726
late_mom-NQ-tf30|pm|,sig1000_thr0_pts30-r1,False,False,554,-17206.0,-1.392
late_mom-NQ-tf30|pm|,sig1000_thr0_pts30-r2,False,False,554,-27096.0,-1.884
late_mom-NQ-tf30|pm|,sig1000_thr0_pts30-r3,False,False,554,-37941.0,-2.608
late_mom-NQ-tf30|pm|,sig1000_thr0_pts45-r0,False,False,554,-40681.0,-2.477
late_mom-NQ-tf30|pm|,sig1000_thr0_pts45-r1,False,False,554,-24741.0,-1.612
late_mom-NQ-tf30|pm|,sig1000_thr0_pts45-r2,False,False,554,-37166.0,-2.257
late_mom-NQ-tf30|pm|,sig1000_thr0_pts45-r3,False,False,554,-40376.0,-2.455
late_mom-NQ-tf30|pm|,sig1000_thr0_pct0p1-r0,False,False,554,-30351.0,-3.005
late_mom-NQ-tf30|pm|,sig1000_thr0_pct0p1-r1,False,False,554,-11271.0,-1.737
late_mom-NQ-tf30|pm|,sig1000_thr0_pct0p1-r2,False,False,554,-13416.0,-1.576
late_mom-NQ-tf30|pm|,sig1000_thr0_pct0p1-r3,False,False,554,-16711.0,-1.748
late_mom-NQ-tf30|pm|,sig1000_thr0_pct0p2-r0,False,False,554,-37366.0,-2.716
late_mom-NQ-tf30|pm|,sig1000_thr0_pct0p2-r1,False,False,554,-19846.0,-1.746
late_mom-NQ-tf30|pm|,sig1000_thr0_pct0p2-r2,False,False,554,-23186.0,-1.723
late_mom-NQ-tf30|pm|,sig1000_thr0_pct0p2-r3,False,False,554,-31351.0,-2.253
late_mom-NQ-tf30|pm|,sig1000_thr0p25_atr1p5-r0,False,False,408,-40937.0,-2.407
late_mom-NQ-tf30|pm|,sig1000_thr0p25_atr1p5-r1,False,False,408,-43027.0,-2.585
late_mom-NQ-tf30|pm|,sig1000_thr0p25_atr1p5-r2,False,False,408,-40937.0,-2.407
late_mom-NQ-tf30|pm|,sig1000_thr0p25_atr1p5-r3,False,False,408,-40937.0,-2.407
late_mom-NQ-tf30|pm|,sig1000_thr0p25_atr3-r0,False,False,408,-43162.0,-2.491
late_mom-NQ-tf30|pm|,sig1000_thr0p25_atr3-r1,False,False,408,-43162.0,-2.491
late_mom-NQ-tf30|pm|,sig1000_thr0p25_atr3-r2,False,False,408,-43162.0,-2.491
late_mom-NQ-tf30|pm|,sig1000_thr0p25_atr3-r3,False,False,408,-43162.0,-2.491
late_mom-NQ-tf30|pm|,sig1000_thr0p25_pts10-r0,False,False,408,-23152.0,-3.079
late_mom-NQ-tf30|pm|,sig1000_thr0p25_pts10-r1,False,False,408,-8467.0,-2.076
late_mom-NQ-tf30|pm|,sig1000_thr0p25_pts10-r2,False,False,408,-9457.0,-1.689
late_mom-NQ-tf30|pm|,sig1000_thr0p25_pts10-r3,False,False,408,-8222.0,-1.228
late_mom-NQ-tf30|pm|,sig1000_thr0p25_pts20-r0,False,False,408,-26727.0,-2.522
late_mom-NQ-tf30|pm|,sig1000_thr0p25_pts20-r1,False,False,408,-11652.0,-1.492
late_mom-NQ-tf30|pm|,sig1000_thr0p25_pts20-r2,False,False,408,-17317.0,-1.808
late_mom-NQ-tf30|pm|,sig1000_thr0p25_pts20-r3,False,False,408,-15897.0,-1.484
late_mom-NQ-tf30|pm|,sig1000_thr0p25_pts30-r0,False,False,408,-36047.0,-2.841
late_mom-NQ-tf30|pm|,sig1000_thr0p25_pts30-r1,False,False,408,-16207.0,-1.509
late_mom-NQ-tf30|pm|,sig1000_thr0p25_pts30-r2,False,False,408,-26707.0,-2.157
late_mom-NQ-tf30|pm|,sig1000_thr0p25_pts30-r3,False,False,408,-34997.0,-2.798
late_mom-NQ-tf30|pm|,sig1000_thr0p25_pts45-r0,False,False,408,-36072.0,-2.509
late_mom-NQ-tf30|pm|,sig1000_thr0p25_pts45-r1,False,False,408,-21067.0,-1.575
late_mom-NQ-tf30|pm|,sig1000_thr0p25_pts45-r2,False,False,408,-33407.0,-2.329
late_mom-NQ-tf30|pm|,sig1000_thr0p25_pts45-r3,False,False,408,-35767.0,-2.482
late_mom-NQ-tf30|pm|,sig1000_thr0p25_pct0p1-r0,False,False,408,-24952.0,-2.899
late_mom-NQ-tf30|pm|,sig1000_thr0p25_pct0p1-r1,False,False,408,-8722.0,-1.572
late_mom-NQ-tf30|pm|,sig1000_thr0p25_pct0p1-r2,False,False,408,-9182.0,-1.254
late_mom-NQ-tf30|pm|,sig1000_thr0p25_pct0p1-r3,False,False,408,-12082.0,-1.471
late_mom-NQ-tf30|pm|,sig1000_thr0p25_pct0p2-r0,False,False,408,-33072.0,-2.802
late_mom-NQ-tf30|pm|,sig1000_thr0p25_pct0p2-r1,False,False,408,-15412.0,-1.575
late_mom-NQ-tf30|pm|,sig1000_thr0p25_pct0p2-r2,False,False,408,-20692.0,-1.789
late_mom-NQ-tf30|pm|,sig1000_thr0p25_pct0p2-r3,False,False,408,-29182.0,-2.452
late_mom-NQ-tf30|pm|,sig1000_thr0p5_atr1p5-r0,False,False,287,-24163.0,-1.588
late_mom-NQ-tf30|pm|,sig1000_thr0p5_atr1p5-r1,False,False,287,-26598.0,-1.796
late_mom-NQ-tf30|pm|,sig1000_thr0p5_atr1p5-r2,False,False,287,-24163.0,-1.588
late_mom-NQ-tf30|pm|,sig1000_thr0p5_atr1p5-r3,False,False,287,-24163.0,-1.588
late_mom-NQ-tf30|pm|,sig1000_thr0p5_atr3-r0,False,False,287,-26413.0,-1.704
late_mom-NQ-tf30|pm|,sig1000_thr0p5_atr3-r1,False,False,287,-26413.0,-1.704
late_mom-NQ-tf30|pm|,sig1000_thr0p5_atr3-r2,False,False,287,-26413.0,-1.704
late_mom-NQ-tf30|pm|,sig1000_thr0p5_atr3-r3,False,False,287,-26413.0,-1.704
late_mom-NQ-tf30|pm|,sig1000_thr0p5_pts10-r0,False,False,287,-16028.0,-2.457
late_mom-NQ-tf30|pm|,sig1000_thr0p5_pts10-r1,False,False,287,-5848.0,-1.71
late_mom-NQ-tf30|pm|,sig1000_thr0p5_pts10-r2,False,False,287,-7638.0,-1.638
late_mom-NQ-tf30|pm|,sig1000_thr0p5_pts10-r3,False,False,287,-6198.0,-1.101
late_mom-NQ-tf30|pm|,sig1000_thr0p5_pts20-r0,False,False,287,-11573.0,-1.259
late_mom-NQ-tf30|pm|,sig1000_thr0p5_pts20-r1,False,False,287,-3793.0,-0.581
late_mom-NQ-tf30|pm|,sig1000_thr0p5_pts20-r2,False,False,287,-6028.0,-0.738
late_mom-NQ-tf30|pm|,sig1000_thr0p5_pts20-r3,False,False,287,-3288.0,-0.354
late_mom-NQ-tf30|pm|,sig1000_thr0p5_pts30-r0,False,False,287,-16023.0,-1.446
late_mom-NQ-tf30|pm|,sig1000_thr0p5_pts30-r1,False,False,287,-1833.0,-0.202
late_mom-NQ-tf30|pm|,sig1000_thr0p5_pts30-r2,False,False,287,-9733.0,-0.91
late_mom-NQ-tf30|pm|,sig1000_thr0p5_pts30-r3,False,False,287,-16223.0,-1.512
late_mom-NQ-tf30|pm|,sig1000_thr0p5_pts45-r0,False,False,287,-16788.0,-1.33
late_mom-NQ-tf30|pm|,sig1000_thr0p5_pts45-r1,False,False,287,-7103.0,-0.613
late_mom-NQ-tf30|pm|,sig1000_thr0p5_pts45-r2,False,False,287,-15373.0,-1.234
late_mom-NQ-tf30|pm|,sig1000_thr0p5_pts45-r3,False,False,287,-16483.0,-1.302
late_mom-NQ-tf30|pm|,sig1000_thr0p5_pct0p1-r0,False,False,287,-14348.0,-1.908
late_mom-NQ-tf30|pm|,sig1000_thr0p5_pct0p1-r1,False,False,287,-4578.0,-0.994
late_mom-NQ-tf30|pm|,sig1000_thr0p5_pct0p1-r2,False,False,287,-4683.0,-0.763
late_mom-NQ-tf30|pm|,sig1000_thr0p5_pct0p1-r3,False,False,287,-8738.0,-1.268
late_mom-NQ-tf30|pm|,sig1000_thr0p5_pct0p2-r0,False,False,287,-14343.0,-1.408
late_mom-NQ-tf30|pm|,sig1000_thr0p5_pct0p2-r1,False,False,287,-353.0,-0.043
late_mom-NQ-tf30|pm|,sig1000_thr0p5_pct0p2-r2,False,False,287,-5538.0,-0.557
late_mom-NQ-tf30|pm|,sig1000_thr0p5_pct0p2-r3,False,False,287,-11053.0,-1.078
late_mom-NQ-tf30|pm|,sig1200_thr0_atr1p5-r0,False,False,554,23559.0,1.23
late_mom-NQ-tf30|pm|,sig1200_thr0_atr1p5-r1,False,False,554,21034.0,1.118
late_mom-NQ-tf30|pm|,sig1200_thr0_atr1p5-r2,False,False,554,23484.0,1.227
late_mom-NQ-tf30|pm|,sig1200_thr0_atr1p5-r3,False,False,554,23559.0,1.23
late_mom-NQ-tf30|pm|,sig1200_thr0_atr3-r0,False,False,554,19649.0,1.0
late_mom-NQ-tf30|pm|,sig1200_thr0_atr3-r1,False,False,554,19574.0,0.996
late_mom-NQ-tf30|pm|,sig1200_thr0_atr3-r2,False,False,554,19649.0,1.0
late_mom-NQ-tf30|pm|,sig1200_thr0_atr3-r3,False,False,554,19649.0,1.0
late_mom-NQ-tf30|pm|,sig1200_thr0_pts10-r0,False,False,554,-11936.0,-1.186
late_mom-NQ-tf30|pm|,sig1200_thr0_pts10-r1,False,False,554,-7081.0,-1.487
late_mom-NQ-tf30|pm|,sig1200_thr0_pts10-r2,False,False,554,-6981.0,-1.055
late_mom-NQ-tf30|pm|,sig1200_thr0_pts10-r3,False,False,554,-5521.0,-0.697
late_mom-NQ-tf30|pm|,sig1200_thr0_pts20-r0,False,False,554,-1586.0,-0.113
late_mom-NQ-tf30|pm|,sig1200_thr0_pts20-r1,False,False,554,-6951.0,-0.768
late_mom-NQ-tf30|pm|,sig1200_thr0_pts20-r2,False,False,554,-2926.0,-0.251
late_mom-NQ-tf30|pm|,sig1200_thr0_pts20-r3,False,False,554,5929.0,0.445
late_mom-NQ-tf30|pm|,sig1200_thr0_pts30-r0,False,False,554,-11891.0,-0.756
late_mom-NQ-tf30|pm|,sig1200_thr0_pts30-r1,False,False,554,-13166.0,-1.061
late_mom-NQ-tf30|pm|,sig1200_thr0_pts30-r2,False,False,554,-3771.0,-0.251
late_mom-NQ-tf30|pm|,sig1200_thr0_pts30-r3,False,False,554,-11696.0,-0.756
late_mom-NQ-tf30|pm|,sig1200_thr0_pts45-r0,False,False,554,6764.0,0.394
late_mom-NQ-tf30|pm|,sig1200_thr0_pts45-r1,False,False,554,9619.0,0.625
late_mom-NQ-tf30|pm|,sig1200_thr0_pts45-r2,False,False,554,8424.0,0.495
late_mom-NQ-tf30|pm|,sig1200_thr0_pts45-r3,False,False,554,7934.0,0.458
late_mom-NQ-tf30|pm|,sig1200_thr0_pct0p1-r0,False,False,554,-5561.0,-0.465
late_mom-NQ-tf30|pm|,sig1200_thr0_pct0p1-r1,False,False,554,-7596.0,-1.169
late_mom-NQ-tf30|pm|,sig1200_thr0_pct0p1-r2,False,False,554,-4741.0,-0.542
late_mom-NQ-tf30|pm|,sig1200_thr0_pct0p1-r3,False,False,554,-1986.0,-0.196
late_mom-NQ-tf30|pm|,sig1200_thr0_pct0p2-r0,False,False,554,-5256.0,-0.346
late_mom-NQ-tf30|pm|,sig1200_thr0_pct0p2-r1,False,False,554,-9591.0,-0.842
late_mom-NQ-tf30|pm|,sig1200_thr0_pct0p2-r2,False,False,554,1214.0,0.087
late_mom-NQ-tf30|pm|,sig1200_thr0_pct0p2-r3,False,False,554,-401.0,-0.027
late_mom-NQ-tf30|pm|,sig1200_thr0p25_atr1p5-r0,False,False,449,16719.0,0.94
late_mom-NQ-tf30|pm|,sig1200_thr0p25_atr1p5-r1,False,False,449,14694.0,0.84
late_mom-NQ-tf30|pm|,sig1200_thr0p25_atr1p5-r2,False,False,449,16644.0,0.937
late_mom-NQ-tf30|pm|,sig1200_thr0p25_atr1p5-r3,False,False,449,16719.0,0.94
late_mom-NQ-tf30|pm|,sig1200_thr0p25_atr3-r0,False,False,449,12949.0,0.707
late_mom-NQ-tf30|pm|,sig1200_thr0p25_atr3-r1,False,False,449,12874.0,0.704
late_mom-NQ-tf30|pm|,sig1200_thr0p25_atr3-r2,False,False,449,12949.0,0.707
late_mom-NQ-tf30|pm|,sig1200_thr0p25_atr3-r3,False,False,449,12949.0,0.707
late_mom-NQ-tf30|pm|,sig1200_thr0p25_pts10-r0,False,False,449,-8796.0,-0.946
late_mom-NQ-tf30|pm|,sig1200_thr0p25_pts10-r1,False,False,449,-7116.0,-1.66
late_mom-NQ-tf30|pm|,sig1200_thr0p25_pts10-r2,False,False,449,-7311.0,-1.233
late_mom-NQ-tf30|pm|,sig1200_thr0p25_pts10-r3,False,False,449,-6621.0,-0.934
late_mom-NQ-tf30|pm|,sig1200_thr0p25_pts20-r0,False,False,449,-581.0,-0.046
late_mom-NQ-tf30|pm|,sig1200_thr0p25_pts20-r1,False,False,449,-7746.0,-0.951
late_mom-NQ-tf30|pm|,sig1200_thr0p25_pts20-r2,False,False,449,-3391.0,-0.323
late_mom-NQ-tf30|pm|,sig1200_thr0p25_pts20-r3,False,False,449,5899.0,0.486
late_mom-NQ-tf30|pm|,sig1200_thr0p25_pts30-r0,False,False,449,-5446.0,-0.379
late_mom-NQ-tf30|pm|,sig1200_thr0p25_pts30-r1,False,False,449,-10546.0,-0.937
late_mom-NQ-tf30|pm|,sig1200_thr0p25_pts30-r2,False,False,449,1439.0,0.105
late_mom-NQ-tf30|pm|,sig1200_thr0p25_pts30-r3,False,False,449,-6276.0,-0.448
late_mom-NQ-tf30|pm|,sig1200_thr0p25_pts45-r0,False,False,449,2609.0,0.165
late_mom-NQ-tf30|pm|,sig1200_thr0p25_pts45-r1,False,False,449,3629.0,0.257
late_mom-NQ-tf30|pm|,sig1200_thr0p25_pts45-r2,False,False,449,3244.0,0.209
late_mom-NQ-tf30|pm|,sig1200_thr0p25_pts45-r3,False,False,449,3779.0,0.237
late_mom-NQ-tf30|pm|,sig1200_thr0p25_pct0p1-r0,False,False,449,-4181.0,-0.381
late_mom-NQ-tf30|pm|,sig1200_thr0p25_pct0p1-r1,False,False,449,-8006.0,-1.372
late_mom-NQ-tf30|pm|,sig1200_thr0p25_pct0p1-r2,False,False,449,-6066.0,-0.776
late_mom-NQ-tf30|pm|,sig1200_thr0p25_pct0p1-r3,False,False,449,-4501.0,-0.493
late_mom-NQ-tf30|pm|,sig1200_thr0p25_pct0p2-r0,False,False,449,-2866.0,-0.206
late_mom-NQ-tf30|pm|,sig1200_thr0p25_pct0p2-r1,False,False,449,-9371.0,-0.906
late_mom-NQ-tf30|pm|,sig1200_thr0p25_pct0p2-r2,False,False,449,1959.0,0.152
late_mom-NQ-tf30|pm|,sig1200_thr0p25_pct0p2-r3,False,False,449,264.0,0.019
late_mom-NQ-tf30|pm|,sig1200_thr0p5_atr1p5-r0,False,False,351,-1804.0,-0.115
late_mom-NQ-tf30|pm|,sig1200_thr0p5_atr1p5-r1,False,False,351,-1514.0,-0.097
late_mom-NQ-tf30|pm|,sig1200_thr0p5_atr1p5-r2,False,False,351,-1804.0,-0.115
late_mom-NQ-tf30|pm|,sig1200_thr0p5_atr1p5-r3,False,False,351,-1804.0,-0.115
late_mom-NQ-tf30|pm|,sig1200_thr0p5_atr3-r0,False,False,351,-2984.0,-0.187
late_mom-NQ-tf30|pm|,sig1200_thr0p5_atr3-r1,False,False,351,-2984.0,-0.187
late_mom-NQ-tf30|pm|,sig1200_thr0p5_atr3-r2,False,False,351,-2984.0,-0.187
late_mom-NQ-tf30|pm|,sig1200_thr0p5_atr3-r3,False,False,351,-2984.0,-0.187
late_mom-NQ-tf30|pm|,sig1200_thr0p5_pts10-r0,False,False,351,-15559.0,-2.097
late_mom-NQ-tf30|pm|,sig1200_thr0p5_pts10-r1,False,False,351,-6874.0,-1.816
late_mom-NQ-tf30|pm|,sig1200_thr0p5_pts10-r2,False,False,351,-7274.0,-1.399
late_mom-NQ-tf30|pm|,sig1200_thr0p5_pts10-r3,False,False,351,-7394.0,-1.195
late_mom-NQ-tf30|pm|,sig1200_thr0p5_pts20-r0,False,False,351,-15449.0,-1.484
late_mom-NQ-tf30|pm|,sig1200_thr0p5_pts20-r1,False,False,351,-11224.0,-1.561
late_mom-NQ-tf30|pm|,sig1200_thr0p5_pts20-r2,False,False,351,-9949.0,-1.087
late_mom-NQ-tf30|pm|,sig1200_thr0p5_pts20-r3,False,False,351,-7589.0,-0.735
late_mom-NQ-tf30|pm|,sig1200_thr0p5_pts30-r0,False,False,351,-18124.0,-1.512
late_mom-NQ-tf30|pm|,sig1200_thr0p5_pts30-r1,False,False,351,-13664.0,-1.375
late_mom-NQ-tf30|pm|,sig1200_thr0p5_pts30-r2,False,False,351,-9879.0,-0.832
late_mom-NQ-tf30|pm|,sig1200_thr0p5_pts30-r3,False,False,351,-17079.0,-1.43
late_mom-NQ-tf30|pm|,sig1200_thr0p5_pts45-r0,False,False,351,-10044.0,-0.742
late_mom-NQ-tf30|pm|,sig1200_thr0p5_pts45-r1,False,False,351,-3799.0,-0.303
late_mom-NQ-tf30|pm|,sig1200_thr0p5_pts45-r2,False,False,351,-7534.0,-0.554
late_mom-NQ-tf30|pm|,sig1200_thr0p5_pts45-r3,False,False,351,-8694.0,-0.631
late_mom-NQ-tf30|pm|,sig1200_thr0p5_pct0p1-r0,False,False,351,-18114.0,-2.146
late_mom-NQ-tf30|pm|,sig1200_thr0p5_pct0p1-r1,False,False,351,-9849.0,-1.925
late_mom-NQ-tf30|pm|,sig1200_thr0p5_pct0p1-r2,False,False,351,-8379.0,-1.232
late_mom-NQ-tf30|pm|,sig1200_thr0p5_pct0p1-r3,False,False,351,-11514.0,-1.488
late_mom-NQ-tf30|pm|,sig1200_thr0p5_pct0p2-r0,False,False,351,-16894.0,-1.465
late_mom-NQ-tf30|pm|,sig1200_thr0p5_pct0p2-r1,False,False,351,-12274.0,-1.346
late_mom-NQ-tf30|pm|,sig1200_thr0p5_pct0p2-r2,False,False,351,-9824.0,-0.89
late_mom-NQ-tf30|pm|,sig1200_thr0p5_pct0p2-r3,False,False,351,-11529.0,-0.977
late_mom-NQ-tf30|pm|,sig1530_thr0_atr1p5-r0,False,False,553,21603.0,1.124
late_mom-NQ-tf30|pm|,sig1530_thr0_atr1p5-r1,False,False,553,18093.0,0.962
late_mom-NQ-tf30|pm|,sig1530_thr0_atr1p5-r2,False,False,553,21528.0,1.12
late_mom-NQ-tf30|pm|,sig1530_thr0_atr1p5-r3,False,False,553,21603.0,1.124
late_mom-NQ-tf30|pm|,sig1530_thr0_atr3-r0,False,False,553,18648.0,0.949
late_mom-NQ-tf30|pm|,sig1530_thr0_atr3-r1,False,False,553,18573.0,0.945
late_mom-NQ-tf30|pm|,sig1530_thr0_atr3-r2,False,False,553,18648.0,0.949
late_mom-NQ-tf30|pm|,sig1530_thr0_atr3-r3,False,False,553,18648.0,0.949
late_mom-NQ-tf30|pm|,sig1530_thr0_pts10-r0,False,False,553,-16977.0,-1.712
late_mom-NQ-tf30|pm|,sig1530_thr0_pts10-r1,False,False,553,-10772.0,-2.269
late_mom-NQ-tf30|pm|,sig1530_thr0_pts10-r2,False,False,553,-8437.0,-1.281
late_mom-NQ-tf30|pm|,sig1530_thr0_pts10-r3,False,False,553,-5697.0,-0.719
late_mom-NQ-tf30|pm|,sig1530_thr0_pts20-r0,False,False,553,1098.0,0.077
late_mom-NQ-tf30|pm|,sig1530_thr0_pts20-r1,False,False,553,-4357.0,-0.482
late_mom-NQ-tf30|pm|,sig1530_thr0_pts20-r2,False,False,553,3198.0,0.272
late_mom-NQ-tf30|pm|,sig1530_thr0_pts20-r3,False,False,553,8758.0,0.658
late_mom-NQ-tf30|pm|,sig1530_thr0_pts30-r0,False,False,553,-2852.0,-0.178
late_mom-NQ-tf30|pm|,sig1530_thr0_pts30-r1,False,False,553,-1272.0,-0.103
late_mom-NQ-tf30|pm|,sig1530_thr0_pts30-r2,False,False,553,4923.0,0.328
late_mom-NQ-tf30|pm|,sig1530_thr0_pts30-r3,False,False,553,-5127.0,-0.332
late_mom-NQ-tf30|pm|,sig1530_thr0_pts45-r0,False,False,553,10758.0,0.62
late_mom-NQ-tf30|pm|,sig1530_thr0_pts45-r1,False,False,553,14048.0,0.918
late_mom-NQ-tf30|pm|,sig1530_thr0_pts45-r2,False,False,553,8333.0,0.494
late_mom-NQ-tf30|pm|,sig1530_thr0_pts45-r3,False,False,553,12173.0,0.694
late_mom-NQ-tf30|pm|,sig1530_thr0_pct0p1-r0,False,False,553,-10402.0,-0.864
late_mom-NQ-tf30|pm|,sig1530_thr0_pct0p1-r1,False,False,553,-9502.0,-1.464
late_mom-NQ-tf30|pm|,sig1530_thr0_pct0p1-r2,False,False,553,-2982.0,-0.341
late_mom-NQ-tf30|pm|,sig1530_thr0_pct0p1-r3,False,False,553,-1422.0,-0.139
late_mom-NQ-tf30|pm|,sig1530_thr0_pct0p2-r0,False,False,553,5338.0,0.344
late_mom-NQ-tf30|pm|,sig1530_thr0_pct0p2-r1,False,False,553,5698.0,0.501
late_mom-NQ-tf30|pm|,sig1530_thr0_pct0p2-r2,False,False,553,10833.0,0.769
late_mom-NQ-tf30|pm|,sig1530_thr0_pct0p2-r3,False,False,553,6588.0,0.439
late_mom-NQ-tf30|pm|,sig1530_thr0p25_atr1p5-r0,False,False,454,13399.0,0.749
late_mom-NQ-tf30|pm|,sig1530_thr0p25_atr1p5-r1,False,False,454,11099.0,0.631
late_mom-NQ-tf30|pm|,sig1530_thr0p25_atr1p5-r2,False,False,454,13399.0,0.749
late_mom-NQ-tf30|pm|,sig1530_thr0p25_atr1p5-r3,False,False,454,13399.0,0.749
late_mom-NQ-tf30|pm|,sig1530_thr0p25_atr3-r0,False,False,454,11064.0,0.605
late_mom-NQ-tf30|pm|,sig1530_thr0p25_atr3-r1,False,False,454,11064.0,0.605
late_mom-NQ-tf30|pm|,sig1530_thr0p25_atr3-r2,False,False,454,11064.0,0.605
late_mom-NQ-tf30|pm|,sig1530_thr0p25_atr3-r3,False,False,454,11064.0,0.605
late_mom-NQ-tf30|pm|,sig1530_thr0p25_pts10-r0,False,False,454,-12151.0,-1.328
late_mom-NQ-tf30|pm|,sig1530_thr0p25_pts10-r1,False,False,454,-8576.0,-1.991
late_mom-NQ-tf30|pm|,sig1530_thr0p25_pts10-r2,False,False,454,-8111.0,-1.362
late_mom-NQ-tf30|pm|,sig1530_thr0p25_pts10-r3,False,False,454,-4041.0,-0.558
late_mom-NQ-tf30|pm|,sig1530_thr0p25_pts20-r0,False,False,454,4864.0,0.375
late_mom-NQ-tf30|pm|,sig1530_thr0p25_pts20-r1,False,False,454,-1906.0,-0.232
late_mom-NQ-tf30|pm|,sig1530_thr0p25_pts20-r2,False,False,454,8499.0,0.782
late_mom-NQ-tf30|pm|,sig1530_thr0p25_pts20-r3,False,False,454,14199.0,1.15
late_mom-NQ-tf30|pm|,sig1530_thr0p25_pts30-r0,False,False,454,-1071.0,-0.074
late_mom-NQ-tf30|pm|,sig1530_thr0p25_pts30-r1,False,False,454,689.0,0.061
late_mom-NQ-tf30|pm|,sig1530_thr0p25_pts30-r2,False,False,454,8279.0,0.596
late_mom-NQ-tf30|pm|,sig1530_thr0p25_pts30-r3,False,False,454,-1691.0,-0.119
late_mom-NQ-tf30|pm|,sig1530_thr0p25_pts45-r0,False,False,454,5974.0,0.375
late_mom-NQ-tf30|pm|,sig1530_thr0p25_pts45-r1,False,False,454,11359.0,0.8
late_mom-NQ-tf30|pm|,sig1530_thr0p25_pts45-r2,False,False,454,5204.0,0.334
late_mom-NQ-tf30|pm|,sig1530_thr0p25_pts45-r3,False,False,454,6949.0,0.433
late_mom-NQ-tf30|pm|,sig1530_thr0p25_pct0p1-r0,False,False,454,-8971.0,-0.838
late_mom-NQ-tf30|pm|,sig1530_thr0p25_pct0p1-r1,False,False,454,-8041.0,-1.375
late_mom-NQ-tf30|pm|,sig1530_thr0p25_pct0p1-r2,False,False,454,-2816.0,-0.353
late_mom-NQ-tf30|pm|,sig1530_thr0p25_pct0p1-r3,False,False,454,1124.0,0.12
late_mom-NQ-tf30|pm|,sig1530_thr0p25_pct0p2-r0,False,False,454,10389.0,0.734
late_mom-NQ-tf30|pm|,sig1530_thr0p25_pct0p2-r1,False,False,454,7084.0,0.683
late_mom-NQ-tf30|pm|,sig1530_thr0p25_pct0p2-r2,False,False,454,16409.0,1.264
late_mom-NQ-tf30|pm|,sig1530_thr0p25_pct0p2-r3,False,False,454,13659.0,0.984
late_mom-NQ-tf30|pm|,sig1530_thr0p5_atr1p5-r0,False,False,384,5269.0,0.307
late_mom-NQ-tf30|pm|,sig1530_thr0p5_atr1p5-r1,False,False,384,3444.0,0.204
late_mom-NQ-tf30|pm|,sig1530_thr0p5_atr1p5-r2,False,False,384,5269.0,0.307
late_mom-NQ-tf30|pm|,sig1530_thr0p5_atr1p5-r3,False,False,384,5269.0,0.307
late_mom-NQ-tf30|pm|,sig1530_thr0p5_atr3-r0,False,False,384,3089.0,0.176
late_mom-NQ-tf30|pm|,sig1530_thr0p5_atr3-r1,False,False,384,3089.0,0.176
late_mom-NQ-tf30|pm|,sig1530_thr0p5_atr3-r2,False,False,384,3089.0,0.176
late_mom-NQ-tf30|pm|,sig1530_thr0p5_atr3-r3,False,False,384,3089.0,0.176
late_mom-NQ-tf30|pm|,sig1530_thr0p5_pts10-r0,False,False,384,-10966.0,-1.28
late_mom-NQ-tf30|pm|,sig1530_thr0p5_pts10-r1,False,False,384,-7711.0,-1.948
late_mom-NQ-tf30|pm|,sig1530_thr0p5_pts10-r2,False,False,384,-5556.0,-1.011
late_mom-NQ-tf30|pm|,sig1530_thr0p5_pts10-r3,False,False,384,-1591.0,-0.237
late_mom-NQ-tf30|pm|,sig1530_thr0p5_pts20-r0,False,False,384,4879.0,0.403
late_mom-NQ-tf30|pm|,sig1530_thr0p5_pts20-r1,False,False,384,-151.0,-0.02
late_mom-NQ-tf30|pm|,sig1530_thr0p5_pts20-r2,False,False,384,7949.0,0.794
late_mom-NQ-tf30|pm|,sig1530_thr0p5_pts20-r3,False,False,384,13154.0,1.145
late_mom-NQ-tf30|pm|,sig1530_thr0p5_pts30-r0,False,False,384,-2416.0,-0.176
late_mom-NQ-tf30|pm|,sig1530_thr0p5_pts30-r1,False,False,384,534.0,0.051
late_mom-NQ-tf30|pm|,sig1530_thr0p5_pts30-r2,False,False,384,5874.0,0.451
late_mom-NQ-tf30|pm|,sig1530_thr0p5_pts30-r3,False,False,384,-2381.0,-0.177
late_mom-NQ-tf30|pm|,sig1530_thr0p5_pts45-r0,False,False,384,3024.0,0.202
late_mom-NQ-tf30|pm|,sig1530_thr0p5_pts45-r1,False,False,384,7409.0,0.559
late_mom-NQ-tf30|pm|,sig1530_thr0p5_pts45-r2,False,False,384,2909.0,0.197
late_mom-NQ-tf30|pm|,sig1530_thr0p5_pts45-r3,False,False,384,3754.0,0.249
late_mom-NQ-tf30|pm|,sig1530_thr0p5_pct0p1-r0,False,False,384,-8861.0,-0.906
late_mom-NQ-tf30|pm|,sig1530_thr0p5_pct0p1-r1,False,False,384,-5691.0,-1.067
late_mom-NQ-tf30|pm|,sig1530_thr0p5_pct0p1-r2,False,False,384,799.0,0.109
late_mom-NQ-tf30|pm|,sig1530_thr0p5_pct0p1-r3,False,False,384,1499.0,0.174
late_mom-NQ-tf30|pm|,sig1530_thr0p5_pct0p2-r0,False,False,384,7089.0,0.533
late_mom-NQ-tf30|pm|,sig1530_thr0p5_pct0p2-r1,False,False,384,5494.0,0.573
late_mom-NQ-tf30|pm|,sig1530_thr0p5_pct0p2-r2,False,False,384,12769.0,1.053
late_mom-NQ-tf30|pm|,sig1530_thr0p5_pct0p2-r3,False,False,384,11019.0,0.84
