utc,unit,store,cells,period,kind,seeds,why
2026-10-05T14:13:37+00:00,straddle_tight_0830-GC-tf30-pre,runs_check2025/straddle_tight_0830-GC-tf30-pre-check,27,check (2025),base,,"CHECK 2025, whole menu (27 variants): members straddle_tight_0830_GC_tf30_pre_evA + _evB (all-days store)"
2026-10-05T14:13:40+00:00,straddle_tight_0830-GC-tf30-pre,runs_check2025/straddle_tight_0830-GC-tf30-pre-check-stress,27,check (2025),stress,,"CHECK 2025, whole menu under stress (2 ticks + 250 ms + 100 ms late cancel): members straddle_tight_0830_GC_tf30_pre_evA + _evB (all-days store)"
2026-10-05T14:13:44+00:00,straddle_tight_1000-GC-tf30-nyam,runs_check2025/straddle_tight_1000-GC-tf30-nyam-check,27,check (2025),base,,"CHECK 2025, whole menu (27 variants): member straddle_tight_1000_GC_tf30_nyam_evC (all-days store)"
2026-10-05T14:13:44+00:00,straddle_t_0830-NQ-tf30-pre,runs_check2025/straddle_t_0830-NQ-tf30-pre-check,160,check (2025),base,,"CHECK 2025, whole menu (160 variants): member straddle_t_0830_NQ_tf30_pre"
2026-10-05T14:13:48+00:00,straddle_tight_1000-GC-tf30-nyam,runs_check2025/straddle_tight_1000-GC-tf30-nyam-check-stress,27,check (2025),stress,,"CHECK 2025, whole menu under stress (2 ticks + 250 ms + 100 ms late cancel): member straddle_tight_1000_GC_tf30_nyam_evC (all-days store)"
2026-10-05T14:13:53+00:00,first_bar_mom-ES-tf15-mid,runs_check2025/first_bar_mom-ES-tf15-mid-check,96,check (2025),base,,"CHECK 2025, whole menu (96 variants): member first_bar_mom_ES_tf15_mid"
2026-10-05T14:14:06+00:00,straddle_t_0830-NQ-tf30-pre,runs_check2025/straddle_t_0830-NQ-tf30-pre-check-stress,160,check (2025),stress,,"CHECK 2025, whole menu under stress (2 ticks + 250 ms + 100 ms late cancel): member straddle_t_0830_NQ_tf30_pre"
2026-10-05T14:14:20+00:00,first_bar_mom-ES-tf15-mid,runs_check2025/first_bar_mom-ES-tf15-mid-check-stress,96,check (2025),stress,,"CHECK 2025, whole menu under stress (2 ticks + 250 ms): member first_bar_mom_ES_tf15_mid"
2026-10-05T14:14:38+00:00,straddle_tight_0830-GC-tf30-pre,runs_check2025/straddle_tight_0830-GC-tf30-pre-check-shift,54,check (2025),control,1-2,"CHECK 2025, random-minute control (seeds 1, 2): members straddle_tight_0830_GC_tf30_pre_evA + _evB (all-days store)"
2026-10-05T14:14:46+00:00,straddle_tight_1000-GC-tf30-nyam,runs_check2025/straddle_tight_1000-GC-tf30-nyam-check-shift,54,check (2025),control,1-2,"CHECK 2025, random-minute control (seeds 1, 2): member straddle_tight_1000_GC_tf30_nyam_evC (all-days store)"
2026-10-05T14:14:53+00:00,c1-ES-tf15-mid,runs_check2025/c1-ES-tf15-mid-check,64,check (2025),control,1-2,"CHECK 2025, random-entry pool (seeds 1, 2): member first_bar_mom_ES_tf15_mid"
2026-10-05T14:15:08+00:00,straddle_tight_0830-GC-tf30-pre,runs_seeds/straddle_tight_0830-GC-tf30-pre-check-shift-s3to10,216,check (2025),control,3-10,"F2: random-minute control, seeds 3-10, check: members straddle_tight_0830_GC_tf30_pre_evA + _evB (all-days store)"
2026-10-05T14:15:35+00:00,straddle_tight_1000-GC-tf30-nyam,runs_seeds/straddle_tight_1000-GC-tf30-nyam-check-shift-s3to10,216,check (2025),control,3-10,"F2: random-minute control, seeds 3-10, check: member straddle_tight_1000_GC_tf30_nyam_evC (all-days store)"
2026-10-05T14:15:55+00:00,straddle_tight_0830-NQ-tf30-pre,runs_check2025/straddle_tight_0830-NQ-tf30-pre-check,27,check (2025),base,,"CHECK 2025, whole menu (27 variants): members straddle_tight_0830_NQ_tf30_pre + _evA + _evB (all-days store)"
2026-10-05T14:16:17+00:00,straddle_tight_0830-NQ-tf30-pre,runs_check2025/straddle_tight_0830-NQ-tf30-pre-check-stress,27,check (2025),stress,,"CHECK 2025, whole menu under stress (2 ticks + 250 ms + 100 ms late cancel): members straddle_tight_0830_NQ_tf30_pre + _evA + _evB (all-days store)"
2026-10-05T14:16:20+00:00,c1-ES-tf15-mid,runs_seeds/c1-ES-tf15-mid-check-s3to10,256,check (2025),control,3-10,"F2: random-entry pool, seeds 3-10, check: member first_bar_mom_ES_tf15_mid"
2026-10-05T14:16:39+00:00,straddle_tight_1000-NQ-tf30-nyam,runs_check2025/straddle_tight_1000-NQ-tf30-nyam-check,27,check (2025),base,,"CHECK 2025, whole menu (27 variants): member straddle_tight_1000_NQ_tf30_nyam_evC (all-days store)"
2026-10-05T14:17:03+00:00,straddle_tight_1000-NQ-tf30-nyam,runs_check2025/straddle_tight_1000-NQ-tf30-nyam-check-stress,27,check (2025),stress,,"CHECK 2025, whole menu under stress (2 ticks + 250 ms + 100 ms late cancel): member straddle_tight_1000_NQ_tf30_nyam_evC (all-days store)"
2026-10-05T14:17:28+00:00,first_bar_mom-NQ-tf30-mid,runs_check2025/first_bar_mom-NQ-tf30-mid-check,96,check (2025),base,,"CHECK 2025, whole menu (96 variants): member first_bar_mom_NQ_tf30_mid"
2026-10-05T14:19:23+00:00,first_bar_mom-NQ-tf30-mid,runs_check2025/first_bar_mom-NQ-tf30-mid-check-stress,96,check (2025),stress,,"CHECK 2025, whole menu under stress (2 ticks + 250 ms): member first_bar_mom_NQ_tf30_mid"
2026-10-05T14:20:11+00:00,first_bar_mom-NQ-tf15-mid,runs_check2025/first_bar_mom-NQ-tf15-mid-check,96,check (2025),base,,"CHECK 2025, whole menu (96 variants): member first_bar_mom_NQ_tf15_mid"
2026-10-05T14:20:26+00:00,first_bar_mom-NQ-tf15-mid,runs_check2025/first_bar_mom-NQ-tf15-mid-check-stress,96,check (2025),stress,,"CHECK 2025, whole menu under stress (2 ticks + 250 ms): member first_bar_mom_NQ_tf15_mid"
2026-10-05T14:20:41+00:00,orb-NQ-tf15-pre,runs_check2025/orb-NQ-tf15-pre-check,96,check (2025),base,,"CHECK 2025, whole menu (96 variants): member orb_NQ_tf15_pre"
2026-10-05T14:20:52+00:00,orb-NQ-tf15-pre,runs_check2025/orb-NQ-tf15-pre-check-stress,96,check (2025),stress,,"CHECK 2025, whole menu under stress (2 ticks + 250 ms + 100 ms late cancel): member orb_NQ_tf15_pre"
2026-10-05T14:21:06+00:00,straddle_t_1800-NQ-tf30-eve,runs_check2025/straddle_t_1800-NQ-tf30-eve-check,160,check (2025),base,,"CHECK 2025, whole menu (160 variants): member straddle_t_1800_NQ_tf30_eve"
2026-10-05T14:21:33+00:00,straddle_t_1800-NQ-tf30-eve,runs_check2025/straddle_t_1800-NQ-tf30-eve-check-stress,160,check (2025),stress,,"CHECK 2025, whole menu under stress (2 ticks + 250 ms + 100 ms late cancel): member straddle_t_1800_NQ_tf30_eve"
2026-10-05T14:22:02+00:00,tema_slope-NQ-tf30-eve,runs_check2025/tema_slope-NQ-tf30-eve-check,96,check (2025),base,,"CHECK 2025, whole menu (96 variants): member tema_slope_NQ_tf30_eve"
2026-10-05T14:22:21+00:00,tema_slope-NQ-tf30-eve,runs_check2025/tema_slope-NQ-tf30-eve-check-stress,96,check (2025),stress,,"CHECK 2025, whole menu under stress (2 ticks + 250 ms): member tema_slope_NQ_tf30_eve"
2026-10-05T14:22:40+00:00,donchian-NQ-tf30-nyam,runs_check2025/donchian-NQ-tf30-nyam-check,64,check (2025),base,,"CHECK 2025, whole menu (64 variants): pending 15th member donchian_NQ_tf30_nyam"
2026-10-05T14:22:56+00:00,donchian-NQ-tf30-nyam,runs_check2025/donchian-NQ-tf30-nyam-check-stress,64,check (2025),stress,,"CHECK 2025, whole menu under stress (2 ticks + 250 ms): pending 15th member donchian_NQ_tf30_nyam"
2026-10-05T14:23:12+00:00,straddle_t_0830-NQ-tf30-pre,runs_check2025/straddle_t_0830-NQ-tf30-pre-check-shift,320,check (2025),control,1-2,"CHECK 2025, random-minute control (seeds 1, 2): member straddle_t_0830_NQ_tf30_pre"
2026-10-05T14:24:22+00:00,straddle_tight_0830-NQ-tf30-pre,runs_check2025/straddle_tight_0830-NQ-tf30-pre-check-shift,54,check (2025),control,1-2,"CHECK 2025, random-minute control (seeds 1, 2): members straddle_tight_0830_NQ_tf30_pre + _evA + _evB (all-days store)"
2026-10-05T14:24:33+00:00,straddle_tight_1000-NQ-tf30-nyam,runs_check2025/straddle_tight_1000-NQ-tf30-nyam-check-shift,54,check (2025),control,1-2,"CHECK 2025, random-minute control (seeds 1, 2): member straddle_tight_1000_NQ_tf30_nyam_evC (all-days store)"
2026-10-05T14:24:46+00:00,straddle_t_1800-NQ-tf30-eve,runs_check2025/straddle_t_1800-NQ-tf30-eve-check-shift,320,check (2025),control,1-2,"CHECK 2025, random-minute control (seeds 1, 2): member straddle_t_1800_NQ_tf30_eve"
2026-10-05T14:25:45+00:00,c1-NQ-tf30-mid,runs_check2025/c1-NQ-tf30-mid-check,64,check (2025),control,1-2,"CHECK 2025, random-entry pool (seeds 1, 2): member first_bar_mom_NQ_tf30_mid + pending vwap_z-NQ-tf30-mid (BUILD re-judge only)"
2026-10-05T14:26:05+00:00,c1-NQ-tf15-mid,runs_check2025/c1-NQ-tf15-mid-check,64,check (2025),control,1-2,"CHECK 2025, random-entry pool (seeds 1, 2): member first_bar_mom_NQ_tf15_mid"
2026-10-05T14:26:27+00:00,c1-NQ-tf15-pre,runs_check2025/c1-NQ-tf15-pre-check,64,check (2025),control,1-2,"CHECK 2025, random-entry pool (seeds 1, 2): member orb_NQ_tf15_pre"
2026-10-05T14:26:43+00:00,c1-NQ-tf30-eve,runs_check2025/c1-NQ-tf30-eve-check,64,check (2025),control,1-2,"CHECK 2025, random-entry pool (seeds 1, 2): member tema_slope_NQ_tf30_eve"
2026-10-05T14:27:03+00:00,c1-NQ-tf30-nyam,runs_check2025/c1-NQ-tf30-nyam-check,64,check (2025),control,1-2,"CHECK 2025, random-entry pool (seeds 1, 2): pending 15th member donchian_NQ_tf30_nyam"
2026-10-05T14:27:20+00:00,straddle_t_0830-NQ-tf30-pre,runs_seeds/straddle_t_0830-NQ-tf30-pre-check-shift-s3to10,1280,check (2025),control,3-10,"F2: random-minute control, seeds 3-10, check: member straddle_t_0830_NQ_tf30_pre"
2026-10-05T14:31:39+00:00,straddle_tight_0830-NQ-tf30-pre,runs_seeds/straddle_tight_0830-NQ-tf30-pre-check-shift-s3to10,216,check (2025),control,3-10,"F2: random-minute control, seeds 3-10, check: members straddle_tight_0830_NQ_tf30_pre + _evA + _evB (all-days store)"
2026-10-05T14:32:01+00:00,straddle_tight_1000-NQ-tf30-nyam,runs_seeds/straddle_tight_1000-NQ-tf30-nyam-check-shift-s3to10,216,check (2025),control,3-10,"F2: random-minute control, seeds 3-10, check: member straddle_tight_1000_NQ_tf30_nyam_evC (all-days store)"
2026-10-05T14:32:23+00:00,straddle_t_1800-NQ-tf30-eve,runs_seeds/straddle_t_1800-NQ-tf30-eve-check-shift-s3to10,1280,check (2025),control,3-10,"F2: random-minute control, seeds 3-10, check: member straddle_t_1800_NQ_tf30_eve"
2026-10-05T14:34:44+00:00,c1-NQ-tf30-mid,runs_seeds/c1-NQ-tf30-mid-check-s3to10,256,check (2025),control,3-10,"F2: random-entry pool, seeds 3-10, check: member first_bar_mom_NQ_tf30_mid + pending vwap_z-NQ-tf30-mid (BUILD re-judge only)"
2026-10-05T14:35:27+00:00,c1-NQ-tf15-mid,runs_seeds/c1-NQ-tf15-mid-check-s3to10,256,check (2025),control,3-10,"F2: random-entry pool, seeds 3-10, check: member first_bar_mom_NQ_tf15_mid"
2026-10-05T14:36:13+00:00,c1-NQ-tf15-pre,runs_seeds/c1-NQ-tf15-pre-check-s3to10,256,check (2025),control,3-10,"F2: random-entry pool, seeds 3-10, check: member orb_NQ_tf15_pre"
2026-10-05T14:36:45+00:00,c1-NQ-tf30-eve,runs_seeds/c1-NQ-tf30-eve-check-s3to10,256,check (2025),control,3-10,"F2: random-entry pool, seeds 3-10, check: member tema_slope_NQ_tf30_eve"
2026-10-05T14:37:28+00:00,c1-NQ-tf30-nyam,runs_seeds/c1-NQ-tf30-nyam-check-s3to10,256,check (2025),control,3-10,"F2: random-entry pool, seeds 3-10, check: pending 15th member donchian_NQ_tf30_nyam"
