uid,central,type,trades,net,t,win
W-A-NQ,offD_offx0p5-r3,NFP,23,8313.0,2.7800650847805546,0.5652173913043478
W-A-NQ,offD_offx0p5-r3,CPI,27,5887.0,1.6310934719658876,0.48148148148148145
W-A-NQ,offD_offx0p5-r3,PPI,19,1279.0,0.5072078859010754,0.3157894736842105
W-A-NQ,offD_offx0p5-r3,RETAIL,15,-4695.0,-94.37305085284001,0.0
W-A-NQ,offD_offx0p5-r3,GDP,15,-2275.0,-1.3804748890267395,0.13333333333333333
W-A-NQ,offD_offx0p5-r3,PCE,18,-3347.0,-2.0002670811389747,0.1111111111111111
W-A-NQ,offD_offx0p5-r3,CLAIMS,50,-45.0,-0.010884386557355425,0.28
W-A-NQ,offD_offx0p5-r3,no release at this time,19,-1076.0,-0.4884014278385419,0.21052631578947367
W-A-ES,offD_offx1-r1,NFP,25,800.0,0.3814200278954099,0.56
W-A-ES,offD_offx1-r1,CPI,26,3608.5,1.7925290496998543,0.6923076923076923
W-A-ES,offD_offx1-r1,PPI,19,211.5,0.11641313901321983,0.5263157894736842
W-A-ES,offD_offx1-r1,RETAIL,11,-4594.0,-367.52000000000004,0.0
W-A-ES,offD_offx1-r1,GDP,12,-123.0,-0.08368099471050547,0.5
W-A-ES,offD_offx1-r1,PCE,16,-2601.5,-1.6721096195769154,0.3125
W-A-ES,offD_offx1-r1,CLAIMS,37,-785.5,-0.31366135704175746,0.4864864864864865
W-A-ES,offD_offx1-r1,no release at this time,15,252.5,0.15538461538461537,0.5333333333333333
W-A-GC,offB_offx1p5-r3,NFP,25,3490.0,0.8174658468676615,0.36
W-A-GC,offB_offx1p5-r3,CPI,25,12920.0,2.8637414509541705,0.56
W-A-GC,offB_offx1p5-r3,PPI,22,-10208.0,,0.0
W-A-GC,offB_offx1p5-r3,RETAIL,23,-10282.0,-24.38313352317535,0.0
W-A-GC,offB_offx1p5-r3,GDP,23,4238.0,1.051282829099896,0.391304347826087
W-A-GC,offB_offx1p5-r3,PCE,18,-3342.0,-1.3109298206418745,0.2222222222222222
W-A-GC,offB_offx1p5-r3,CLAIMS,84,5234.0,0.7292953256752049,0.3333333333333333
W-A-GC,offB_offx1p5-r3,no release at this time,66,-854.0,-0.14450517425533793,0.2727272727272727
W-B-NQ,offB_offx0p5-r2,NFP,25,2320.0,1.809494082101964,0.6
W-B-NQ,offB_offx0p5-r2,CPI,27,3187.0,2.3713968078828405,0.6666666666666666
W-B-NQ,offB_offx0p5-r2,PPI,26,2506.0,2.059290488497867,0.5769230769230769
W-B-NQ,offB_offx0p5-r2,RETAIL,26,-149.0,-0.13045240059941787,0.34615384615384615
W-B-NQ,offB_offx0p5-r2,GDP,25,-385.0,-0.3530562720413083,0.32
W-B-NQ,offB_offx0p5-r2,PCE,25,2320.0,1.9827173978736499,0.56
W-B-NQ,offB_offx0p5-r2,CLAIMS,101,-1469.0,-0.6706222544136358,0.32673267326732675
W-B-NQ,offB_offx0p5-r2,no release at this time,105,1455.0,0.638467884013881,0.38095238095238093
W-B-ES,offA_offx1p5-r1,NFP,26,2058.5,2.303155964213421,0.7307692307692307
W-B-ES,offA_offx1p5-r1,CPI,27,2629.5,3.082498470200748,0.7777777777777778
W-B-ES,offA_offx1p5-r1,PPI,26,896.0,0.9140002527454413,0.6153846153846154
W-B-ES,offA_offx1p5-r1,RETAIL,26,-266.5,-0.2645161290322581,0.5
W-B-ES,offA_offx1p5-r1,GDP,27,-1245.5,-1.2353851173751265,0.4074074074074074
W-B-ES,offA_offx1p5-r1,PCE,26,-1041.5,-1.0462021294764206,0.4230769230769231
W-B-ES,offA_offx1p5-r1,CLAIMS,111,-4819.0,-2.385316255773189,0.4144144144144144
W-B-ES,offA_offx1p5-r1,no release at this time,212,-4110.5,-1.4552647072532987,0.47641509433962265
W-B-GC,offB_offx0p5-r1,NFP,25,1410.0,1.9174801995795785,0.72
W-B-GC,offB_offx0p5-r1,CPI,25,850.0,0.9923042892102243,0.68
W-B-GC,offB_offx0p5-r1,PPI,22,-608.0,-0.7957081797006956,0.45454545454545453
W-B-GC,offB_offx0p5-r1,RETAIL,23,-1482.0,-1.924380282927772,0.34782608695652173
W-B-GC,offB_offx0p5-r1,GDP,23,868.0,1.193970218365955,0.6521739130434783
W-B-GC,offB_offx0p5-r1,PCE,18,-562.0,-0.8056620152058892,0.4444444444444444
W-B-GC,offB_offx0p5-r1,CLAIMS,84,-236.0,-0.16389022204119755,0.5238095238095238
W-B-GC,offB_offx0p5-r1,no release at this time,66,-634.0,-0.497623137751242,0.5
W-C-NQ,offA_offx0p5-r2,ISM_MFG,26,696.0,0.8532821186531819,0.46153846153846156
W-C-NQ,offA_offx0p5-r2,ISM_SVC,26,-114.0,-0.1360823756701022,0.38461538461538464
W-C-NQ,offA_offx0p5-r2,JOLTS,27,302.0,0.3717893883657438,0.4074074074074074
W-C-NQ,offA_offx0p5-r2,UMICH,27,1497.0,1.7939304915021659,0.5555555555555556
W-C-NQ,offA_offx0p5-r2,no release at this time,461,-4069.0,-1.3107923795751273,0.3318872017353579
W-C-ES,offA_offx1-r1,ISM_MFG,27,-433.0,-0.6190727451841078,0.48148148148148145
W-C-ES,offA_offx1-r1,ISM_SVC,27,117.0,0.16939749172901478,0.5555555555555556
W-C-ES,offA_offx1-r1,JOLTS,26,-279.0,-0.4072341837642052,0.5
W-C-ES,offA_offx1-r1,UMICH,26,1033.5,1.6304806464732298,0.6923076923076923
W-C-ES,offA_offx1-r1,no release at this time,447,-12588.0,-4.574033521140834,0.4317673378076063
W-C-GC,offC_offx1-r2,ISM_MFG,18,-822.0,-0.3554212575070963,0.2777777777777778
W-C-GC,offC_offx1-r2,ISM_SVC,17,1432.0,0.5658073945675542,0.4117647058823529
W-C-GC,offC_offx1-r2,JOLTS,20,1400.0,0.514735177439526,0.4
W-C-GC,offC_offx1-r2,UMICH,13,-2962.0,-1.8079189898220671,0.15384615384615385
W-C-GC,offC_offx1-r2,no release at this time,48,-802.0,-0.20612167739680512,0.3333333333333333
D-A-NQ,x5_pts10-r1,NFP,24,1679.0,1.7036068778320324,0.7083333333333334
D-A-NQ,x5_pts10-r1,CPI,27,407.0,0.33736681660786644,0.5925925925925926
D-A-NQ,x5_pts10-r1,PPI,26,971.0,0.9298936427798472,0.6153846153846154
D-A-NQ,x5_pts10-r1,RETAIL,27,-458.0,-0.4211847834013846,0.48148148148148145
D-A-NQ,x5_pts10-r1,GDP,28,-1902.0,-1.7933910737760241,0.35714285714285715
D-A-NQ,x5_pts10-r1,PCE,26,571.0,0.5398757839609941,0.5769230769230769
D-A-NQ,x5_pts10-r1,CLAIMS,116,-1779.0,-0.8051210367463192,0.4827586206896552
D-A-NQ,x5_pts10-r1,no release at this time,311,-1509.0,-0.42123957724704125,0.5048231511254019
D-A-ES,x0p25_pts2p5-r0,NFP,16,-776.5,-0.7420556330001807,0.125
D-A-ES,x0p25_pts2p5-r0,CPI,19,-326.0,-0.12848468559879275,0.05263157894736842
D-A-ES,x0p25_pts2p5-r0,PPI,18,-897.0,-0.5436363636363636,0.05555555555555555
D-A-ES,x0p25_pts2p5-r0,RETAIL,20,-2830.0,,0.0
D-A-ES,x0p25_pts2p5-r0,GDP,18,2140.5,0.663570534014283,0.1111111111111111
D-A-ES,x0p25_pts2p5-r0,PCE,13,-1839.5,,0.0
D-A-ES,x0p25_pts2p5-r0,CLAIMS,77,6929.5,0.8414493315959688,0.07792207792207792
D-A-ES,x0p25_pts2p5-r0,no release at this time,146,-1796.5,-0.23682434674635622,0.0547945205479452
D-A-GC,x2_pct0p1-r1,NFP,25,570.0,0.5700760152033786,0.6
D-A-GC,x2_pct0p1-r1,CPI,26,466.0,0.46685887664963305,0.5769230769230769
D-A-GC,x2_pct0p1-r1,PPI,25,-410.0,-0.4159668572659238,0.48
D-A-GC,x2_pct0p1-r1,RETAIL,26,-264.0,-0.26363327753909893,0.5
D-A-GC,x2_pct0p1-r1,GDP,27,-128.0,-0.12463975396855922,0.5185185185185185
D-A-GC,x2_pct0p1-r1,PCE,22,122.0,0.1319919257687267,0.5454545454545454
D-A-GC,x2_pct0p1-r1,CLAIMS,109,-666.0,-0.3241056770996198,0.5137614678899083
D-A-GC,x2_pct0p1-r1,no release at this time,274,-1046.0,-0.3282344393269696,0.5145985401459854
D-B-NQ,x0p25_atr1p5-r2,NFP,12,-2408.0,-0.45594762277182477,0.25
D-B-NQ,x0p25_atr1p5-r2,CPI,16,5171.0,0.918158063891323,0.5
D-B-NQ,x0p25_atr1p5-r2,PPI,21,2746.0,0.41756221879120786,0.38095238095238093
D-B-NQ,x0p25_atr1p5-r2,RETAIL,24,-3186.0,-0.5307265347667913,0.25
D-B-NQ,x0p25_atr1p5-r2,GDP,21,-2709.0,-0.4130534801864319,0.3333333333333333
D-B-NQ,x0p25_atr1p5-r2,PCE,17,357.0,0.05916882635895377,0.29411764705882354
D-B-NQ,x0p25_atr1p5-r2,CLAIMS,86,-11369.0,-0.951155057916025,0.29069767441860467
D-B-NQ,x0p25_atr1p5-r2,no release at this time,240,-24865.0,-1.251759164608735,0.30416666666666664
D-B-ES,x5_atr1p5-r2,NFP,25,-3012.5,-0.8373146635314519,0.32
D-B-ES,x5_atr1p5-r2,CPI,27,8754.5,2.1717346089793237,0.5555555555555556
D-B-ES,x5_atr1p5-r2,PPI,26,-2666.5,-0.6981250124198468,0.23076923076923078
D-B-ES,x5_atr1p5-r2,RETAIL,26,-4429.0,-1.1563879982036183,0.19230769230769232
D-B-ES,x5_atr1p5-r2,GDP,24,-1183.5,-0.23388865484780802,0.25
D-B-ES,x5_atr1p5-r2,PCE,24,1016.5,0.22823197103180382,0.2916666666666667
D-B-ES,x5_atr1p5-r2,CLAIMS,106,-574.0,-0.06522194135707268,0.32075471698113206
D-B-ES,x5_atr1p5-r2,no release at this time,245,-18917.5,-1.4837766633289753,0.3224489795918367
D-B-GC,x60_pct0p1-r0,NFP,26,2466.0,0.4964802581722858,0.11538461538461539
D-B-GC,x60_pct0p1-r0,CPI,26,-914.0,-0.3714228427579502,0.11538461538461539
D-B-GC,x60_pct0p1-r0,PPI,27,-5408.0,-103.48899812247853,0.0
D-B-GC,x60_pct0p1-r0,RETAIL,26,1106.0,0.25273861404753767,0.07692307692307693
D-B-GC,x60_pct0p1-r0,GDP,27,4992.0,1.0049545068225256,0.14814814814814814
D-B-GC,x60_pct0p1-r0,PCE,27,-3048.0,-2.080681244699144,0.1111111111111111
D-B-GC,x60_pct0p1-r0,CLAIMS,115,14820.0,1.6312220105968647,0.16521739130434782
D-B-GC,x60_pct0p1-r0,no release at this time,326,-6684.0,-0.5954179554009591,0.1165644171779141
D-C-NQ,x0p25_pts30-r0,ISM_MFG,22,-9043.0,-2.068994555268316,0.045454545454545456
D-C-NQ,x0p25_pts30-r0,ISM_SVC,25,-4965.0,-0.7794751525175547,0.12
D-C-NQ,x0p25_pts30-r0,JOLTS,25,-490.0,-0.06750390658138768,0.16
D-C-NQ,x0p25_pts30-r0,UMICH,27,9107.0,0.9118797974897176,0.25925925925925924
D-C-NQ,x0p25_pts30-r0,no release at this time,454,58519.0,1.6673132681958085,0.21585903083700442
D-C-ES,x5_pct0p1-r0,ISM_MFG,27,-1895.5,-0.7283395064538986,0.1111111111111111
D-C-ES,x5_pct0p1-r0,ISM_SVC,26,-5004.0,-5.39822786667531,0.038461538461538464
D-C-ES,x5_pct0p1-r0,JOLTS,25,1850.0,0.49540020703110843,0.16
D-C-ES,x5_pct0p1-r0,UMICH,25,4037.5,0.7244026693522958,0.16
D-C-ES,x5_pct0p1-r0,no release at this time,423,-6067.0,-0.4221064247249566,0.12293144208037825
D-C-GC,x2_pts7-r2,ISM_MFG,27,1212.0,0.31551835992187394,0.48148148148148145
D-C-GC,x2_pts7-r2,ISM_SVC,27,-68.0,-0.014540555817109104,0.37037037037037035
D-C-GC,x2_pts7-r2,JOLTS,27,-1468.0,-0.346746236857927,0.37037037037037035
D-C-GC,x2_pts7-r2,UMICH,26,2386.0,0.5644284447201309,0.5384615384615384
D-C-GC,x2_pts7-r2,no release at this time,397,-12758.0,-0.8852198611678725,0.4282115869017632
