cell,default,period,trades,net,win,pf,max_dd,sharpe,avg_trade,worst_open_loss,t,net_1000risk,sharpe_1000risk,max_dd_1000risk,worst_open_loss_1000risk,stress_build,stress_pick
k1p5_pts3-r0,False,2021*,4,1054.0,0.75,76.28571428571429,14.0,3.113741051409908,263.5,144.0,2.449397141060523,3399.0,3.08862602460851,66.0,495.0,2170.0,936.0
k1p5_pts3-r0,False,2022,24,2124.0,0.3333333333333333,1.4486692015209126,1884.0,0.6452493587524891,88.5,314.0,0.6366829465795455,6534.0,0.6021227128550086,6336.0,1056.0,2170.0,936.0
k1p5_pts3-r0,False,2023,22,-188.0,0.3181818181818182,0.9467422096317281,1474.0,-0.088926163653924,-8.55,334.0,-0.0867239086600338,-1056.0,-0.15131682054615794,4983.0,1122.0,2170.0,936.0
k1p5_pts3-r0,False,2024,11,1106.0,0.5454545454545454,1.813235294117647,1354.0,0.6587292371216866,100.55,304.0,0.64159133602239,3432.0,0.6207826419430018,4587.0,1023.0,2170.0,936.0
k1p5_pts3-r0,False,combined,61,4096.0,0.39344262295081966,1.4249844366051048,1884.0,0.5256111071944706,67.15,334.0,0.949738875457147,12309.0,0.4792068325142731,6336.0,1122.0,2170.0,936.0
k1p5_pts3-r2,False,2021*,4,1054.0,0.75,76.28571428571429,14.0,3.113741051409908,263.5,144.0,2.449397141060523,3399.0,3.08862602460851,66.0,495.0,550.0,706.0
k1p5_pts3-r2,False,2022,24,444.0,0.375,1.100452488687783,2272.0,0.21876051678336786,18.5,314.0,0.21434957938884555,990.0,0.14788364559192957,7755.0,1056.0,550.0,706.0
k1p5_pts3-r2,False,2023,22,-338.0,0.36363636363636365,0.8949004975124378,1354.0,-0.2129959518584658,-15.36,334.0,-0.20788199354076814,-1551.0,-0.295919160186051,4785.0,1122.0,550.0,706.0
k1p5_pts3-r2,False,2024,11,826.0,0.5454545454545454,1.6073529411764707,1354.0,0.6611167747426611,75.09,304.0,0.6440088211866972,2508.0,0.6100795452549734,4587.0,1023.0,550.0,706.0
k1p5_pts3-r2,False,combined,61,1986.0,0.4262295081967213,1.2204217536071031,2272.0,0.3738933423104036,32.56,334.0,0.6732855882440896,5346.0,0.30534364835458244,7755.0,1122.0,550.0,706.0
k1p5_pts3-r3,False,2021*,4,1054.0,0.75,76.28571428571429,14.0,3.113741051409908,263.5,144.0,2.449397141060523,3399.0,3.08862602460851,66.0,495.0,180.0,396.0
k1p5_pts3-r3,False,2022,24,144.0,0.3333333333333333,1.0304182509505704,1940.0,0.0636032057280482,6.0,314.0,0.06226928146874786,0.0,0.0,6600.0,1056.0,180.0,396.0
k1p5_pts3-r3,False,2023,22,-348.0,0.3181818181818182,0.9014164305949008,1474.0,-0.18341051127812338,-15.82,334.0,-0.17896348130838988,-1584.0,-0.2528216011578303,4983.0,1122.0,180.0,396.0
k1p5_pts3-r3,False,2024,11,556.0,0.5454545454545454,1.4088235294117648,1354.0,0.44958481842804426,50.55,304.0,0.4333552335417491,1617.0,0.39699970440495647,4587.0,1023.0,180.0,396.0
k1p5_pts3-r3,False,combined,61,1406.0,0.39344262295081966,1.1458808881510687,1940.0,0.23778437100400285,23.05,334.0,0.42729917522352856,3432.0,0.17599803491410285,6600.0,1122.0,180.0,396.0
k1p5_pts5-r0,False,2021*,4,1054.0,0.75,76.28571428571429,14.0,3.113741051409908,263.5,144.0,2.449397141060523,2060.0,3.088626024608509,40.0,300.0,3670.0,646.0
k1p5_pts5-r0,False,2022,24,1844.0,0.4166666666666667,1.3430059523809523,2180.0,0.5350728627334977,76.83,504.0,0.5266597875593306,3400.0,0.4936882898235798,4540.0,1020.0,3670.0,646.0
k1p5_pts5-r0,False,2023,22,1682.0,0.36363636363636365,1.4018155757286193,1762.0,0.4948699564727185,76.45,514.0,0.48499405743796636,3100.0,0.4563816408846048,3620.0,1040.0,3670.0,646.0
k1p5_pts5-r0,False,2024,11,826.0,0.6363636363636364,1.5018226002430133,1640.0,0.4602410388957927,75.09,504.0,0.4438179848610761,1520.0,0.4240682284916083,3340.0,1020.0,3670.0,646.0
k1p5_pts5-r0,False,combined,61,5406.0,0.45901639344262296,1.4817323115309213,2180.0,0.5740260721639421,88.62,514.0,1.0386150215007528,10080.0,0.535737182496538,4540.0,1040.0,3670.0,646.0
k1p5_pts5-r1,False,2021*,4,1084.0,0.75,78.42857142857143,14.0,3.09624384039828,271.0,144.0,2.41027792662714,2120.0,3.0714691691773135,40.0,300.0,660.0,2156.0
k1p5_pts5-r1,False,2022,24,884.0,0.5,1.203311867525299,2134.0,0.42288906437861323,36.83,504.0,0.41539046627414417,1480.0,0.3543596596481701,4340.0,1020.0,660.0,2156.0
k1p5_pts5-r1,False,2023,22,-698.0,0.4090909090909091,0.8099128540305011,2294.0,-0.40986028819608317,-31.73,514.0,-0.40103811064496353,-1660.0,-0.4866714434821226,4780.0,1040.0,660.0,2156.0
k1p5_pts5-r1,False,2024,11,2266.0,0.8181818181818182,4.666666666666667,612.0,1.8040574352857424,206.0,504.0,2.036982517788942,4400.0,1.765970772672574,1260.0,1020.0,660.0,2156.0
k1p5_pts5-r1,False,combined,61,3536.0,0.5409836065573771,1.4086916319926028,2294.0,0.6405365739126618,57.97,514.0,1.1613282150933748,6340.0,0.5753893386002404,4780.0,1040.0,660.0,2156.0
k1p5_pts5-r2,False,2021*,4,1054.0,0.75,76.28571428571429,14.0,3.113741051409908,263.5,144.0,2.449397141060523,2060.0,3.088626024608509,40.0,300.0,360.0,206.0
k1p5_pts5-r2,False,2022,24,-226.0,0.4166666666666667,0.9579613095238095,2180.0,-0.09088686782436282,-9.42,504.0,-0.0889878030018692,-740.0,-0.14875818570643237,4540.0,1020.0,360.0,206.0
k1p5_pts5-r2,False,2023,22,292.0,0.36363636363636365,1.069756330625896,1808.0,0.12029413487360804,13.27,514.0,0.11733095621908354,320.0,0.06592837846376791,3820.0,1040.0,360.0,206.0
k1p5_pts5-r2,False,2024,11,376.0,0.6363636363636364,1.2284325637910085,1640.0,0.2582459515261626,34.18,504.0,0.2474391158020385,620.0,0.21311428966418622,3340.0,1020.0,360.0,206.0
k1p5_pts5-r2,False,combined,61,1496.0,0.45901639344262296,1.1333095704865443,2180.0,0.21619943484981569,24.52,514.0,0.3884161542899697,2260.0,0.16338723826469226,4540.0,1040.0,360.0,206.0
k1p5_pts5-r3,False,2021*,4,1054.0,0.75,76.28571428571429,14.0,3.113741051409908,263.5,144.0,2.449397141060523,2060.0,3.088626024608509,40.0,300.0,3350.0,706.0
k1p5_pts5-r3,False,2022,24,1274.0,0.4166666666666667,1.2369791666666667,2180.0,0.40459707757941593,53.08,504.0,0.39730876769101825,2260.0,0.3591018496786092,4540.0,1020.0,3350.0,706.0
k1p5_pts5-r3,False,2023,22,1802.0,0.36363636363636365,1.4304825609173435,1762.0,0.580904790422597,81.91,514.0,0.5704140855835882,3340.0,0.5388825182775686,3620.0,1040.0,3350.0,706.0
k1p5_pts5-r3,False,2024,11,876.0,0.6363636363636364,1.5321992709599028,1640.0,0.4773053700081944,79.64,504.0,0.46060118295982744,1620.0,0.44198171809499914,3340.0,1020.0,3350.0,706.0
k1p5_pts5-r3,False,combined,61,5006.0,0.45901639344262296,1.4460880413473534,2180.0,0.572688403034173,82.07,514.0,1.036154557964538,9280.0,0.5314283334343802,4540.0,1040.0,3350.0,706.0
k1p5_pts7-r0,False,2021*,4,1054.0,0.75,76.28571428571429,14.0,3.113741051409908,263.5,144.0,2.449397141060523,1442.0,3.0886260246085087,28.0,210.0,4750.0,36.0
k1p5_pts7-r0,False,2022,24,3384.0,0.4583333333333333,1.8015158692562767,1272.0,0.9910634481361543,141.0,704.0,0.9886735643501373,4536.0,0.9503566386756519,1806.0,994.0,4750.0,36.0
k1p5_pts7-r0,False,2023,22,1282.0,0.36363636363636365,1.2795464457043175,2070.0,0.36587674069526754,58.27,704.0,0.3577476298848269,1610.0,0.32838188135224294,2940.0,994.0,4750.0,36.0
k1p5_pts7-r0,False,2024,11,216.0,0.6363636363636364,1.0957446808510638,2250.0,0.1083023777748419,19.64,714.0,0.10352077003948484,210.0,0.0752299262734118,3192.0,1008.0,4750.0,36.0
k1p5_pts7-r0,False,combined,61,5936.0,0.47540983606557374,1.5358367936450623,2250.0,0.6159060078884862,97.31,714.0,1.1157961100909146,7798.0,0.5785828225885767,3192.0,1008.0,4750.0,36.0
k1p5_pts7-r3,False,2021*,4,1054.0,0.75,76.28571428571429,14.0,3.113741051409908,263.5,144.0,2.449397141060523,1442.0,3.0886260246085087,28.0,210.0,4470.0,36.0
k1p5_pts7-r3,False,2022,24,3494.0,0.4583333333333333,1.8275698720985316,1272.0,1.00425028801322,145.58,704.0,1.002344757628031,4690.0,0.9643420573596078,1806.0,994.0,4470.0,36.0
k1p5_pts7-r3,False,2023,22,852.0,0.36363636363636365,1.185782817269952,2070.0,0.26545466902987025,38.73,704.0,0.2592158016339808,1008.0,0.22442123723032503,2940.0,994.0,4470.0,36.0
k1p5_pts7-r3,False,2024,11,216.0,0.6363636363636364,1.0957446808510638,2250.0,0.1083023777748419,19.64,714.0,0.10352077003948484,210.0,0.0752299262734118,3192.0,1008.0,4470.0,36.0
k1p5_pts7-r3,False,combined,61,5616.0,0.47540983606557374,1.5069507131251128,2250.0,0.5991240436471809,92.07,714.0,1.0848332733693353,7350.0,0.5607095295833572,3192.0,1008.0,4470.0,36.0
k1p5_pct0p2-r0,False,2021*,4,1054.0,0.75,76.28571428571429,14.0,3.113741051409908,263.5,144.0,2.449397141060523,2884.0,3.0886260246085087,56.0,420.0,1280.0,706.0
k1p5_pct0p2-r0,False,2022,24,2664.0,0.4166666666666667,1.584723441615452,1634.0,0.8007547865601791,111.0,424.0,0.7935468966356715,7161.0,0.7910897156094008,4457.0,1040.0,1280.0,706.0
k1p5_pct0p2-r0,False,2023,22,-968.0,0.3181818181818182,0.7754060324825987,1854.0,-0.4313330097386436,-44.0,424.0,-0.42220721046830617,-2627.0,-0.4584027639578282,4821.0,1040.0,1280.0,706.0
k1p5_pct0p2-r0,False,2024,11,886.0,0.6363636363636364,1.5586380832282472,1580.0,0.49840914053550744,80.55,494.0,0.48140799831412484,2243.0,0.5508611065223229,3352.0,1029.0,1280.0,706.0
k1p5_pct0p2-r0,False,combined,61,3636.0,0.4426229508196721,1.3474106630995606,1854.0,0.4526694385404367,59.61,494.0,0.8164723721215651,9661.0,0.46000321005079403,4821.0,1040.0,1280.0,706.0
k1p5_pct0p2-r3,False,2021*,4,1054.0,0.75,76.28571428571429,14.0,3.113741051409908,263.5,144.0,2.449397141060523,2884.0,3.0886260246085087,56.0,420.0,190.0,506.0
k1p5_pct0p2-r3,False,2022,24,924.0,0.4166666666666667,1.2028094820017559,1634.0,0.374586140679891,38.5,424.0,0.3676754758719525,2430.0,0.36064587774623164,4457.0,1040.0,190.0,506.0
k1p5_pct0p2-r3,False,2023,22,-428.0,0.3181818181818182,0.9006960556844548,1854.0,-0.18077752547630527,-19.45,424.0,-0.17639083891462737,-1277.0,-0.21178048865456073,4821.0,1040.0,190.0,506.0
k1p5_pct0p2-r3,False,2024,11,676.0,0.6363636363636364,1.4262295081967213,1580.0,0.4195680391357449,61.45,494.0,0.40395408937468713,1739.0,0.4760346296277419,3352.0,1029.0,190.0,506.0
k1p5_pct0p2-r3,False,combined,61,2226.0,0.4426229508196721,1.2126887062870246,1854.0,0.3207216631720803,36.49,494.0,0.5770040982511057,5776.0,0.3218716743896784,4821.0,1040.0,190.0,506.0
k2_pts3-r1,True,2021*,1,296.0,1.0,,0.0,1.8839574768682772,296.0,84.0,,957.0,1.8839574768682779,0.0,297.0,1382.0,78.0
k2_pts3-r1,True,2022,5,870.0,0.8,3.770700636942675,314.0,1.3026469590496719,174.0,304.0,1.4262295081967213,2772.0,1.272149497198128,1056.0,1023.0,1382.0,78.0
k2_pts3-r1,True,2023,6,246.0,0.5,1.3831775700934579,642.0,0.3610037658288095,41.0,314.0,0.33242636188227476,693.0,0.309060358882469,2178.0,1056.0,1382.0,78.0
k2_pts3-r1,True,2024,3,108.0,0.6666666666666666,1.3439490445859872,314.0,0.2397948344300136,36.0,304.0,0.19807346586791566,297.0,0.20041207127042257,1056.0,1023.0,1382.0,78.0
k2_pts3-r1,True,combined,15,1520.0,0.6666666666666666,2.1968503937007875,642.0,0.7661129117052436,101.33,314.0,1.4322697143576077,4719.0,0.726016482717744,2178.0,1056.0,1382.0,78.0
