uid,family,root,tf,sess,label,side,tool,cells,positive,share_pos,median_net,v60,v70,v80,central,trades,net,t,win,pf,bar,ctrl_lift,ctrl_p_beat,ctrl_short,ctrl_fallback,e_kind,e_p,days_side,days_universe,a,b,c,d,e,pass,split_exact,best_net,worst_net
straddle_t_0300-NQ-tf30|london|,straddle_t_0300,NQ,30,london,,all,-,160,110,0.6875,8584.0,True,False,False,offptsA_pct0p1-r2,564,8564.0,0.8935785714867047,0.3617021276595745,1.0831779331779332,2.6164,14129.5,,0,0.0,,,,,True,True,True,False,,,True,58203.0,-33471.0
straddle_t_0300-NQ-tf30|london|,straddle_t_0300,NQ,30,london,,adx_hi,T1,160,104,0.65,7151.0,True,False,False,offptsA_pts20-r1,251,7546.0,1.1849406382510665,0.545816733067729,1.16156382477626,2.6164,9839.5,,0,0.0,random same-size day subsets,0.69375,251,536,True,True,True,False,False,False,True,54846.0,-28754.0
straddle_t_0300-NQ-tf30|london|,straddle_t_0300,NQ,30,london,,adx_lo,T1,160,102,0.6375,2857.5,True,False,False,offptsA_pts10-r3,285,2880.0,0.4734894937638226,0.2736842105263158,1.0660429279031371,2.6164,934.5,,0,0.0,random same-size day subsets,0.306,285,536,True,True,True,False,False,False,True,33026.0,-27714.0
straddle_t_0300-NQ-tf30|london|,straddle_t_0300,NQ,30,london,,vol_hi,T2,160,123,0.7688,8613.0,True,True,False,offatr0p5_pct0p1-r2,271,8586.0,1.2793789584211317,0.3800738007380074,1.179597130127387,2.6164,5850.5,,0,0.0,random same-size day subsets,0.77525,271,547,True,True,True,False,False,False,True,72241.0,-13989.0
straddle_t_0300-NQ-tf30|london|,straddle_t_0300,NQ,30,london,,vol_lo,T2,160,93,0.5813,1364.0,False,False,False,offatr0p5_pct0p1-r2,276,1431.0,0.21404827064313628,0.3442028985507246,1.0278844092831114,2.6164,12110.5,,0,0.0,random same-size day subsets,0.22575,276,547,True,False,True,False,False,False,True,46717.0,-29185.0
straddle_t_0300-NQ-tf30|london|,straddle_t_0300,NQ,30,london,,news_only,T3,160,65,0.4062,-1612.5,False,False,False,offatr0p5_pts30-r1,71,106.0,0.02072146334283978,0.5070422535211268,1.0049660342000468,2.6164,1777.5,,0,0.0,random same-size day subsets,0.435,71,567,False,False,True,False,False,False,True,10591.0,-23033.0
straddle_t_0300-NQ-tf30|london|,straddle_t_0300,NQ,30,london,,news_never,T3,160,119,0.7438,9586.5,True,True,False,offatr0p5_atr3-r3,496,9416.0,0.19172221634375922,0.2963709677419355,1.0219640262094094,2.6164,42758.5,,0,0.0,random same-size day subsets,0.58575,496,567,True,True,True,False,False,False,True,64942.0,-35653.0
straddle_t_0300-NQ-tf30|london|,straddle_t_0300,NQ,30,london,,long,T4,160,141,0.8812,13620.0,True,True,True,offptsB_pts10-r0,235,13675.0,0.8248141866390203,0.06808510638297872,1.2982161549197488,2.6164,13985.0,,0,0.0,same-side random-entry draws,0.856,,,True,True,True,False,False,False,False,70615.0,-11761.0
straddle_t_0300-NQ-tf30|london|,straddle_t_0300,NQ,30,london,,short,T4,160,38,0.2375,-7124.0,False,False,False,offptsB_pts30-r1,255,110.0,0.011408470177784787,0.5058823529411764,1.0014327767212858,2.6164,8185.0,,0,0.0,same-side random-entry draws,0.823,,,True,False,True,False,False,False,False,29790.0,-44253.0
