cell,vi,xi,sess,trades,net,t,pf,win,max_mae_usd
x0p05_atr1p5-r0,0,0,all,2796,-65494.0,-3.7318,0.7926,0.1488,790.0
x0p05_atr1p5-r0,0,0,nyam,817,-20088.0,-1.7328,0.8281,0.153,560.0
x0p05_atr1p5-r0,0,0,mid,1005,-17360.0,-1.5251,0.8557,0.1542,790.0
x0p05_atr1p5-r0,0,0,pm,974,-28046.0,-4.2179,0.6434,0.1396,560.0
x0p05_atr1p5-r1,0,1,all,4627,-119098.0,-12.7439,0.6632,0.4184,580.0
x0p05_atr1p5-r1,0,1,nyam,1274,-36746.0,-5.9926,0.703,0.4325,580.0
x0p05_atr1p5-r1,0,1,mid,1771,-37244.0,-6.2783,0.7288,0.4489,490.0
x0p05_atr1p5-r1,0,1,pm,1582,-45108.0,-11.836,0.5126,0.3729,500.0
x0p05_atr1p5-r2,0,2,all,3893,-102022.0,-8.7969,0.7223,0.2797,580.0
x0p05_atr1p5-r2,0,2,nyam,989,-24766.0,-3.328,0.7925,0.2993,580.0
x0p05_atr1p5-r2,0,2,mid,1527,-35778.0,-4.7472,0.7618,0.2947,490.0
x0p05_atr1p5-r2,0,2,pm,1377,-41478.0,-8.7709,0.576,0.2491,560.0
x0p05_atr1p5-r3,0,3,all,3521,-96124.0,-7.2814,0.7367,0.215,580.0
x0p05_atr1p5-r3,0,3,nyam,901,-21294.0,-2.4739,0.8213,0.2309,580.0
x0p05_atr1p5-r3,0,3,mid,1372,-34858.0,-4.0994,0.7661,0.2252,490.0
x0p05_atr1p5-r3,0,3,pm,1248,-39972.0,-7.5614,0.5876,0.1923,560.0
x0p05_atr3-r0,0,4,all,2365,-30110.0,-1.3604,0.9247,0.3023,1510.0
x0p05_atr3-r0,0,4,nyam,644,-7366.0,-0.52,0.9477,0.2966,1120.0
x0p05_atr3-r0,0,4,mid,886,-3524.0,-0.2472,0.9779,0.3014,1510.0
x0p05_atr3-r0,0,4,pm,835,-19220.0,-2.0701,0.8071,0.3078,1110.0
x0p05_atr3-r1,0,5,all,3810,-102560.0,-6.4014,0.792,0.4528,1150.0
x0p05_atr3-r1,0,5,nyam,782,-24408.0,-2.5729,0.8237,0.4591,1150.0
x0p05_atr3-r1,0,5,mid,1620,-39950.0,-3.7713,0.8166,0.4611,870.0
x0p05_atr3-r1,0,5,pm,1408,-38202.0,-5.1693,0.7205,0.4396,1110.0
x0p05_atr3-r2,0,6,all,2913,-52772.0,-2.7251,0.8852,0.346,1590.0
x0p05_atr3-r2,0,6,nyam,676,-13934.0,-1.1905,0.9019,0.3432,1120.0
x0p05_atr3-r2,0,6,mid,1183,-13152.0,-1.0185,0.9331,0.3516,1590.0
x0p05_atr3-r2,0,6,pm,1054,-25686.0,-3.0385,0.7876,0.3416,1110.0
x0p05_atr3-r3,0,7,all,2591,-45444.0,-2.2182,0.8945,0.3173,1510.0
x0p05_atr3-r3,0,7,nyam,652,-8238.0,-0.626,0.9418,0.3098,1120.0
x0p05_atr3-r3,0,7,mid,1013,-11792.0,-0.8949,0.9339,0.3159,1510.0
x0p05_atr3-r3,0,7,pm,926,-25414.0,-2.9726,0.7704,0.324,1110.0
x0p05_pts2-r0,0,8,all,2446,-36824.0,-1.8618,0.8984,0.2727,910.0
x0p05_pts2-r0,0,8,nyam,751,-17764.0,-1.4477,0.8607,0.2011,210.0
x0p05_pts2-r0,0,8,mid,932,-5448.0,-0.4176,0.9625,0.2586,210.0
x0p05_pts2-r0,0,8,pm,763,-13612.0,-1.6201,0.8483,0.3604,910.0
x0p05_pts2-r1,0,9,all,3933,-93662.0,-7.4865,0.7845,0.4612,910.0
x0p05_pts2-r1,0,9,nyam,1084,-31756.0,-4.7273,0.7507,0.4502,210.0
x0p05_pts2-r1,0,9,mid,1677,-34598.0,-4.1457,0.8163,0.4711,210.0
x0p05_pts2-r1,0,9,pm,1172,-27308.0,-4.2251,0.7702,0.4573,910.0
x0p05_pts2-r2,0,10,all,3094,-61296.0,-4.1385,0.8519,0.3458,910.0
x0p05_pts2-r2,0,10,nyam,881,-16064.0,-1.9052,0.8741,0.3224,220.0
x0p05_pts2-r2,0,10,mid,1300,-22060.0,-2.2118,0.8782,0.3392,210.0
x0p05_pts2-r2,0,10,pm,913,-23172.0,-3.3136,0.7796,0.3779,910.0
x0p05_pts2-r3,0,11,all,2779,-58136.0,-3.574,0.8539,0.2994,910.0
x0p05_pts2-r3,0,11,nyam,801,-26174.0,-2.8134,0.7985,0.2397,210.0
x0p05_pts2-r3,0,11,mid,1135,-14090.0,-1.2809,0.9164,0.2952,210.0
x0p05_pts2-r3,0,11,pm,843,-17872.0,-2.3666,0.8205,0.3618,910.0
x0p05_pts3-r0,0,12,all,2207,-25448.0,-1.1577,0.9364,0.3484,910.0
x0p05_pts3-r0,0,12,nyam,657,-11348.0,-0.8301,0.9195,0.2892,310.0
x0p05_pts3-r0,0,12,mid,853,-1852.0,-0.1286,0.9888,0.347,310.0
x0p05_pts3-r0,0,12,pm,697,-12248.0,-1.2969,0.8695,0.406,910.0
x0p05_pts3-r1,0,13,all,3207,-66068.0,-4.0806,0.8609,0.4737,910.0
x0p05_pts3-r1,0,13,nyam,846,-21944.0,-2.4878,0.8423,0.4681,320.0
x0p05_pts3-r1,0,13,mid,1416,-19554.0,-1.7537,0.9095,0.4908,310.0
x0p05_pts3-r1,0,13,pm,945,-24570.0,-3.1707,0.7947,0.4529,910.0
x0p05_pts3-r2,0,14,all,2549,-51296.0,-2.7608,0.8848,0.3762,910.0
x0p05_pts3-r2,0,14,nyam,702,-21078.0,-1.9802,0.8525,0.3319,310.0
x0p05_pts3-r2,0,14,mid,1069,-9136.0,-0.7162,0.9533,0.3835,310.0
x0p05_pts3-r2,0,14,pm,778,-21082.0,-2.5338,0.8023,0.4062,910.0
x0p05_pts3-r3,0,15,all,2357,-22898.0,-1.1279,0.9456,0.3594,910.0
x0p05_pts3-r3,0,15,nyam,668,-12732.0,-1.0643,0.9093,0.3054,310.0
x0p05_pts3-r3,0,15,mid,954,2414.0,0.1751,1.0134,0.3595,310.0
x0p05_pts3-r3,0,15,pm,735,-12580.0,-1.4157,0.8737,0.4082,910.0
x0p05_pts5-r0,0,16,all,1912,102.0,0.0041,1.0002,0.4336,910.0
x0p05_pts5-r0,0,16,nyam,580,-3470.0,-0.2243,0.9772,0.4052,510.0
x0p05_pts5-r0,0,16,mid,724,10784.0,0.6584,1.0647,0.4448,510.0
x0p05_pts5-r0,0,16,pm,608,-7212.0,-0.7174,0.9208,0.4474,910.0
x0p05_pts5-r1,0,17,all,2350,-24220.0,-1.1918,0.947,0.4889,910.0
x0p05_pts5-r1,0,17,nyam,647,-13338.0,-1.1214,0.9121,0.4853,510.0
x0p05_pts5-r1,0,17,mid,982,-4148.0,-0.3008,0.9795,0.502,510.0
x0p05_pts5-r1,0,17,pm,721,-6734.0,-0.7453,0.9346,0.4743,910.0
x0p05_pts5-r2,0,18,all,2011,-1734.0,-0.0759,0.9959,0.4431,910.0
x0p05_pts5-r2,0,18,nyam,586,-4004.0,-0.2871,0.9734,0.4198,510.0
x0p05_pts5-r2,0,18,mid,788,8878.0,0.5787,1.0491,0.4518,510.0
x0p05_pts5-r2,0,18,pm,637,-6608.0,-0.6853,0.9309,0.4537,910.0
x0p05_pts5-r3,0,19,all,1942,4542.0,0.1886,1.0109,0.4367,910.0
x0p05_pts5-r3,0,19,nyam,581,-1994.0,-0.1319,0.9869,0.4079,510.0
x0p05_pts5-r3,0,19,mid,737,10952.0,0.6963,1.0651,0.4491,510.0
x0p05_pts5-r3,0,19,pm,624,-4416.0,-0.4314,0.9534,0.4487,910.0
x0p05_pts7-r0,0,20,all,1796,16706.0,0.6471,1.0417,0.4694,910.0
x0p05_pts7-r0,0,20,nyam,561,-974.0,-0.0588,0.9938,0.4474,710.0
x0p05_pts7-r0,0,20,mid,652,13342.0,0.7956,1.0838,0.4862,710.0
x0p05_pts7-r0,0,20,pm,583,4338.0,0.4107,1.0515,0.4717,910.0
x0p05_pts7-r1,0,21,all,2018,6168.0,0.2714,1.0144,0.5005,910.0
x0p05_pts7-r1,0,21,nyam,584,-9166.0,-0.6623,0.941,0.4846,710.0
x0p05_pts7-r1,0,21,mid,781,10296.0,0.6833,1.0576,0.5237,710.0
x0p05_pts7-r1,0,21,pm,653,5038.0,0.5084,1.053,0.487,910.0
x0p05_pts7-r2,0,22,all,1836,15946.0,0.6387,1.0389,0.4739,910.0
x0p05_pts7-r2,0,22,nyam,563,-4942.0,-0.3131,0.9687,0.4494,710.0
x0p05_pts7-r2,0,22,mid,671,16756.0,1.0383,1.1041,0.4948,710.0
x0p05_pts7-r2,0,22,pm,602,4132.0,0.3867,1.0455,0.4734,910.0
x0p05_pts7-r3,0,23,all,1804,18324.0,0.7146,1.0455,0.4701,910.0
x0p05_pts7-r3,0,23,nyam,561,-1044.0,-0.0634,0.9934,0.4474,710.0
x0p05_pts7-r3,0,23,mid,655,15350.0,0.9271,1.0965,0.4885,710.0
x0p05_pts7-r3,0,23,pm,588,4018.0,0.3785,1.0465,0.4711,910.0
x0p05_pct0p1-r0,0,24,all,2497,-43478.0,-2.2601,0.8777,0.2591,910.0
x0p05_pct0p1-r0,0,24,nyam,769,-24316.0,-2.0699,0.806,0.1821,210.0
x0p05_pct0p1-r0,0,24,mid,950,-6860.0,-0.5361,0.9517,0.2453,210.0
x0p05_pct0p1-r0,0,24,pm,778,-12302.0,-1.4875,0.8607,0.3522,910.0
x0p05_pct0p1-r1,0,25,all,4064,-91226.0,-7.6481,0.784,0.4609,230.0
x0p05_pct0p1-r1,0,25,nyam,1138,-33952.0,-5.2678,0.732,0.4446,230.0
x0p05_pct0p1-r1,0,25,mid,1711,-31884.0,-4.0305,0.8224,0.4734,210.0
x0p05_pct0p1-r1,0,25,pm,1215,-25390.0,-4.1115,0.7814,0.4584,210.0
x0p05_pct0p1-r2,0,26,all,3212,-60818.0,-4.2615,0.8508,0.3418,910.0
x0p05_pct0p1-r2,0,26,nyam,914,-20356.0,-2.5363,0.8386,0.3118,230.0
x0p05_pct0p1-r2,0,26,mid,1350,-21150.0,-2.2051,0.8808,0.3356,210.0
x0p05_pct0p1-r2,0,26,pm,948,-19312.0,-2.8062,0.8145,0.3797,910.0
x0p05_pct0p1-r3,0,27,all,2875,-57010.0,-3.6232,0.8547,0.2925,910.0
x0p05_pct0p1-r3,0,27,nyam,823,-26912.0,-3.0321,0.787,0.2321,230.0
x0p05_pct0p1-r3,0,27,mid,1178,-14262.0,-1.3395,0.9144,0.2869,210.0
x0p05_pct0p1-r3,0,27,pm,874,-15836.0,-2.1278,0.8405,0.357,910.0
x0p05_pct0p2-r0,0,28,all,2080,-11530.0,-0.4881,0.9719,0.388,910.0
x0p05_pct0p2-r0,0,28,nyam,619,-7826.0,-0.5383,0.9468,0.3409,420.0
x0p05_pct0p2-r0,0,28,mid,811,3606.0,0.2273,1.0209,0.3847,410.0
x0p05_pct0p2-r0,0,28,pm,650,-7310.0,-0.748,0.92,0.4369,910.0
x0p05_pct0p2-r1,0,29,all,2792,-58778.0,-3.2646,0.8766,0.4746,910.0
x0p05_pct0p2-r1,0,29,nyam,745,-22500.0,-2.2172,0.8481,0.4658,420.0
x0p05_pct0p2-r1,0,29,mid,1217,-21578.0,-1.7469,0.9008,0.4799,420.0
x0p05_pct0p2-r1,0,29,pm,830,-14700.0,-1.7726,0.867,0.4747,910.0
x0p05_pct0p2-r2,0,30,all,2283,-22582.0,-1.0996,0.9482,0.4095,910.0
x0p05_pct0p2-r2,0,30,nyam,641,-17114.0,-1.4265,0.8839,0.3651,420.0
x0p05_pct0p2-r2,0,30,mid,935,3010.0,0.2145,1.0159,0.4128,420.0
x0p05_pct0p2-r2,0,30,pm,707,-8478.0,-0.9426,0.9146,0.4455,910.0
x0p05_pct0p2-r3,0,31,all,2152,-4088.0,-0.1835,0.9903,0.3968,910.0
x0p05_pct0p2-r3,0,31,nyam,624,-2126.0,-0.1554,0.9854,0.351,420.0
x0p05_pct0p2-r3,0,31,mid,855,5230.0,0.352,1.0292,0.3965,410.0
x0p05_pct0p2-r3,0,31,pm,673,-7192.0,-0.7632,0.9245,0.4398,910.0
x0p1_atr1p5-r0,1,0,all,2576,-61404.0,-3.5702,0.7927,0.1452,790.0
x0p1_atr1p5-r0,1,0,nyam,744,-17846.0,-1.5876,0.8345,0.1546,560.0
x0p1_atr1p5-r0,1,0,mid,991,-16664.0,-1.4874,0.8581,0.1473,790.0
x0p1_atr1p5-r0,1,0,pm,841,-26894.0,-4.0515,0.6211,0.1344,560.0
x0p1_atr1p5-r1,1,1,all,4237,-107698.0,-11.7514,0.6728,0.4229,580.0
x0p1_atr1p5-r1,1,1,nyam,1151,-33044.0,-5.5846,0.7077,0.4353,580.0
x0p1_atr1p5-r1,1,1,mid,1735,-35260.0,-6.0368,0.7348,0.4507,490.0
x0p1_atr1p5-r1,1,1,pm,1351,-39394.0,-10.2296,0.5261,0.3768,540.0
x0p1_atr1p5-r2,1,2,all,3540,-92160.0,-8.1546,0.7294,0.2831,580.0
x0p1_atr1p5-r2,1,2,nyam,900,-21730.0,-3.0178,0.8019,0.3033,580.0
x0p1_atr1p5-r2,1,2,mid,1487,-34508.0,-4.6673,0.7622,0.2946,490.0
x0p1_atr1p5-r2,1,2,pm,1153,-35922.0,-7.7938,0.5811,0.2524,560.0
x0p1_atr1p5-r3,1,3,all,3216,-82684.0,-6.3721,0.7556,0.2201,580.0
x0p1_atr1p5-r3,1,3,nyam,818,-17442.0,-2.0909,0.8401,0.2384,580.0
x0p1_atr1p5-r3,1,3,mid,1338,-30992.0,-3.6901,0.7841,0.2287,490.0
x0p1_atr1p5-r3,1,3,pm,1060,-34250.0,-6.4394,0.6004,0.1953,560.0
x0p1_atr3-r0,1,4,all,2171,-30384.0,-1.4016,0.9193,0.2971,1510.0
x0p1_atr3-r0,1,4,nyam,599,74.0,0.0053,1.0006,0.3088,1120.0
x0p1_atr3-r0,1,4,mid,870,-4790.0,-0.3378,0.9693,0.2966,1510.0
x0p1_atr3-r0,1,4,pm,702,-25668.0,-3.0066,0.7152,0.2877,1110.0
x0p1_atr3-r1,1,5,all,3381,-87644.0,-5.6134,0.8055,0.4564,1150.0
x0p1_atr3-r1,1,5,nyam,725,-17380.0,-1.8795,0.8631,0.4745,1150.0
x0p1_atr3-r1,1,5,mid,1538,-36112.0,-3.4827,0.8249,0.4649,870.0
x0p1_atr3-r1,1,5,pm,1118,-34152.0,-4.7883,0.7089,0.4329,1110.0
x0p1_atr3-r2,1,6,all,2638,-50712.0,-2.684,0.8815,0.3442,1590.0
x0p1_atr3-r2,1,6,nyam,626,-6574.0,-0.5735,0.9496,0.3562,1120.0
x0p1_atr3-r2,1,6,mid,1138,-16772.0,-1.3285,0.9116,0.348,1590.0
x0p1_atr3-r2,1,6,pm,874,-27366.0,-3.3606,0.7457,0.3307,1110.0
x0p1_atr3-r3,1,7,all,2366,-46204.0,-2.3112,0.8854,0.3115,1510.0
x0p1_atr3-r3,1,7,nyam,606,-2084.0,-0.1621,0.9841,0.3234,1120.0
x0p1_atr3-r3,1,7,mid,980,-15580.0,-1.2182,0.9093,0.3133,1510.0
x0p1_atr3-r3,1,7,pm,780,-28540.0,-3.3951,0.7165,0.3,1110.0
x0p1_pts2-r0,1,8,all,2279,-38816.0,-2.0096,0.8869,0.2633,910.0
x0p1_pts2-r0,1,8,nyam,692,-14548.0,-1.2386,0.8757,0.2038,210.0
x0p1_pts2-r0,1,8,mid,913,-8482.0,-0.655,0.9407,0.2519,210.0
x0p1_pts2-r0,1,8,pm,674,-15786.0,-1.9188,0.8098,0.3398,910.0
x0p1_pts2-r1,1,9,all,3620,-83330.0,-6.9167,0.7918,0.4633,910.0
x0p1_pts2-r1,1,9,nyam,993,-24172.0,-3.7516,0.7882,0.4622,210.0
x0p1_pts2-r1,1,9,mid,1599,-35836.0,-4.4044,0.8018,0.4672,210.0
x0p1_pts2-r1,1,9,pm,1028,-23322.0,-3.808,0.7787,0.4582,910.0
x0p1_pts2-r2,1,10,all,2862,-56838.0,-3.9533,0.8532,0.3417,910.0
x0p1_pts2-r2,1,10,nyam,809,-11646.0,-1.4343,0.8997,0.3288,220.0
x0p1_pts2-r2,1,10,mid,1242,-21698.0,-2.2222,0.8751,0.3374,210.0
x0p1_pts2-r2,1,10,pm,811,-23494.0,-3.4836,0.759,0.3613,910.0
x0p1_pts2-r3,1,11,all,2591,-58164.0,-3.6819,0.8453,0.2926,910.0
x0p1_pts2-r3,1,11,nyam,738,-20092.0,-2.2226,0.8309,0.2453,210.0
x0p1_pts2-r3,1,11,mid,1099,-20766.0,-1.9476,0.8739,0.2875,210.0
x0p1_pts2-r3,1,11,pm,754,-17306.0,-2.3481,0.813,0.3462,910.0
x0p1_pts3-r0,1,12,all,2076,-23204.0,-1.0727,0.9391,0.3444,910.0
x0p1_pts3-r0,1,12,nyam,617,-3518.0,-0.26,0.9731,0.2966,310.0
x0p1_pts3-r0,1,12,mid,840,-3630.0,-0.2535,0.9776,0.3476,310.0
x0p1_pts3-r0,1,12,pm,619,-16056.0,-1.7949,0.8175,0.3877,910.0
x0p1_pts3-r1,1,13,all,2984,-57286.0,-3.6533,0.8706,0.4782,910.0
x0p1_pts3-r1,1,13,nyam,797,-14658.0,-1.7099,0.8855,0.4806,320.0
x0p1_pts3-r1,1,13,mid,1344,-16346.0,-1.5077,0.9196,0.4955,310.0
x0p1_pts3-r1,1,13,pm,843,-26282.0,-3.5496,0.7636,0.4484,910.0
x0p1_pts3-r2,1,14,all,2392,-45728.0,-2.5201,0.8914,0.3754,910.0
x0p1_pts3-r2,1,14,nyam,660,-13560.0,-1.2993,0.8976,0.3409,310.0
x0p1_pts3-r2,1,14,mid,1038,-10282.0,-0.8244,0.9455,0.3863,310.0
x0p1_pts3-r2,1,14,pm,694,-21886.0,-2.7173,0.7808,0.3919,910.0
x0p1_pts3-r3,1,15,all,2209,-23876.0,-1.2068,0.9402,0.3554,910.0
x0p1_pts3-r3,1,15,nyam,628,-5922.0,-0.5033,0.9546,0.3121,310.0
x0p1_pts3-r3,1,15,mid,930,10.0,0.0007,1.0001,0.3624,310.0
x0p1_pts3-r3,1,15,pm,651,-17964.0,-2.1336,0.8083,0.3871,910.0
x0p1_pts5-r0,1,16,all,1828,-2502.0,-0.1034,0.9937,0.4272,910.0
x0p1_pts5-r0,1,16,nyam,553,-8832.0,-0.5857,0.9402,0.3924,510.0
x0p1_pts5-r0,1,16,mid,717,12872.0,0.7873,1.0789,0.4463,510.0
x0p1_pts5-r0,1,16,pm,558,-6542.0,-0.6858,0.9216,0.4373,910.0
x0p1_pts5-r1,1,17,all,2245,-25560.0,-1.2848,0.9418,0.4833,910.0
x0p1_pts5-r1,1,17,nyam,613,-16792.0,-1.4476,0.8852,0.4763,500.0
x0p1_pts5-r1,1,17,mid,967,-1918.0,-0.1407,0.9903,0.5047,510.0
x0p1_pts5-r1,1,17,pm,665,-6850.0,-0.7879,0.9284,0.4586,910.0
x0p1_pts5-r2,1,18,all,1923,-922.0,-0.041,0.9977,0.4379,910.0
x0p1_pts5-r2,1,18,nyam,559,-7146.0,-0.5245,0.9509,0.4097,510.0
x0p1_pts5-r2,1,18,mid,778,10448.0,0.6863,1.0593,0.4537,510.0
x0p1_pts5-r2,1,18,pm,586,-4224.0,-0.4506,0.952,0.4437,910.0
x0p1_pts5-r3,1,19,all,1855,610.0,0.0259,1.0015,0.4302,910.0
x0p1_pts5-r3,1,19,nyam,554,-7936.0,-0.5409,0.9463,0.3953,510.0
x0p1_pts5-r3,1,19,mid,729,13204.0,0.8428,1.0803,0.4513,510.0
x0p1_pts5-r3,1,19,pm,572,-4658.0,-0.4789,0.9464,0.4371,910.0
x0p1_pts7-r0,1,20,all,1720,11930.0,0.47,1.0308,0.464,910.0
x0p1_pts7-r0,1,20,nyam,537,-2728.0,-0.1676,0.9821,0.4451,710.0
x0p1_pts7-r0,1,20,mid,645,13830.0,0.8311,1.0892,0.4853,710.0
x0p1_pts7-r0,1,20,pm,538,828.0,0.0816,1.0103,0.4572,910.0
x0p1_pts7-r1,1,21,all,1930,3710.0,0.1666,1.009,0.4979,910.0
x0p1_pts7-r1,1,21,nyam,559,-9226.0,-0.6784,0.9384,0.4848,710.0
x0p1_pts7-r1,1,21,mid,765,8680.0,0.5884,1.0502,0.5242,710.0
x0p1_pts7-r1,1,21,pm,606,4256.0,0.4399,1.0472,0.4769,910.0
x0p1_pts7-r2,1,22,all,1758,13618.0,0.5557,1.0345,0.4699,910.0
x0p1_pts7-r2,1,22,nyam,539,-4456.0,-0.2865,0.9707,0.449,710.0
x0p1_pts7-r2,1,22,mid,664,16984.0,1.0638,1.1082,0.494,710.0
x0p1_pts7-r2,1,22,pm,555,1090.0,0.1069,1.0128,0.4613,910.0
x0p1_pts7-r3,1,23,all,1729,13214.0,0.523,1.0338,0.4644,910.0
x0p1_pts7-r3,1,23,nyam,537,-3258.0,-0.2018,0.9786,0.4451,710.0
x0p1_pts7-r3,1,23,mid,648,16008.0,0.9733,1.1032,0.4877,710.0
x0p1_pts7-r3,1,23,pm,544,464.0,0.0447,1.0056,0.4559,910.0
x0p1_pct0p1-r0,1,24,all,2316,-42544.0,-2.2439,0.8736,0.2496,910.0
x0p1_pct0p1-r0,1,24,nyam,706,-17464.0,-1.5323,0.8469,0.1884,210.0
x0p1_pct0p1-r0,1,24,mid,928,-10112.0,-0.7917,0.9281,0.2349,210.0
x0p1_pct0p1-r0,1,24,pm,682,-14968.0,-1.833,0.8175,0.3328,910.0
x0p1_pct0p1-r1,1,25,all,3728,-84722.0,-7.379,0.7831,0.4619,230.0
x0p1_pct0p1-r1,1,25,nyam,1040,-27190.0,-4.4066,0.7609,0.4538,230.0
x0p1_pct0p1-r1,1,25,mid,1633,-34872.0,-4.5118,0.7994,0.4666,210.0
x0p1_pct0p1-r1,1,25,pm,1055,-22660.0,-3.8824,0.7802,0.4626,210.0
x0p1_pct0p1-r2,1,26,all,2973,-57382.0,-4.1409,0.8499,0.3384,910.0
x0p1_pct0p1-r2,1,26,nyam,837,-13538.0,-1.749,0.8808,0.3226,230.0
x0p1_pct0p1-r2,1,26,mid,1295,-22450.0,-2.3858,0.8692,0.3305,210.0
x0p1_pct0p1-r2,1,26,pm,841,-21394.0,-3.2383,0.7794,0.3662,910.0
x0p1_pct0p1-r3,1,27,all,2667,-56698.0,-3.7104,0.8466,0.2865,910.0
x0p1_pct0p1-r3,1,27,nyam,755,-20370.0,-2.3685,0.8223,0.2397,230.0
x0p1_pct0p1-r3,1,27,mid,1137,-18888.0,-1.8204,0.8837,0.2806,210.0
x0p1_pct0p1-r3,1,27,pm,775,-17440.0,-2.4183,0.8117,0.3406,910.0
x0p1_pct0p2-r0,1,28,all,1975,-10630.0,-0.4587,0.9729,0.3848,910.0
x0p1_pct0p2-r0,1,28,nyam,585,-2070.0,-0.1445,0.985,0.347,420.0
x0p1_pct0p2-r0,1,28,mid,801,3376.0,0.2152,1.02,0.392,420.0
x0p1_pct0p2-r0,1,28,pm,589,-11936.0,-1.287,0.8617,0.4126,910.0
x0p1_pct0p2-r1,1,29,all,2637,-53418.0,-3.0405,0.8817,0.4736,910.0
x0p1_pct0p2-r1,1,29,nyam,703,-14552.0,-1.4742,0.8933,0.4794,420.0
x0p1_pct0p2-r1,1,29,mid,1179,-20726.0,-1.7005,0.902,0.4818,420.0
x0p1_pct0p2-r1,1,29,pm,755,-18140.0,-2.2878,0.8251,0.4556,910.0
x0p1_pct0p2-r2,1,30,all,2163,-24262.0,-1.2126,0.9417,0.4064,910.0
x0p1_pct0p2-r2,1,30,nyam,605,-12460.0,-1.0661,0.9094,0.3719,420.0
x0p1_pct0p2-r2,1,30,mid,918,828.0,0.06,1.0045,0.4172,420.0
x0p1_pct0p2-r2,1,30,pm,640,-12630.0,-1.4742,0.8643,0.4234,910.0
x0p1_pct0p2-r3,1,31,all,2040,-5210.0,-0.2393,0.987,0.3936,910.0
x0p1_pct0p2-r3,1,31,nyam,590,1710.0,0.1282,1.0125,0.3576,420.0
x0p1_pct0p2-r3,1,31,mid,843,5288.0,0.3585,1.0301,0.4021,420.0
x0p1_pct0p2-r3,1,31,pm,607,-12208.0,-1.3742,0.8636,0.4168,910.0
x0p2_atr1p5-r0,2,0,all,1760,-35110.0,-2.2032,0.8438,0.1545,790.0
x0p2_atr1p5-r0,2,0,nyam,560,-15440.0,-1.5709,0.8189,0.1536,560.0
x0p2_atr1p5-r0,2,0,mid,813,-18382.0,-1.7737,0.8153,0.1427,790.0
x0p2_atr1p5-r0,2,0,pm,387,-1288.0,-0.182,0.9678,0.1809,560.0
x0p2_atr1p5-r1,2,1,all,2884,-62826.0,-7.354,0.742,0.4449,580.0
x0p2_atr1p5-r1,2,1,nyam,845,-21760.0,-4.0621,0.7452,0.4485,580.0
x0p2_atr1p5-r1,2,1,mid,1383,-29672.0,-5.466,0.7308,0.4461,490.0
x0p2_atr1p5-r1,2,1,pm,656,-11394.0,-2.957,0.762,0.4375,540.0
x0p2_atr1p5-r2,2,2,all,2374,-49856.0,-4.6392,0.8036,0.3003,580.0
x0p2_atr1p5-r2,2,2,nyam,678,-13402.0,-2.0328,0.8425,0.3156,580.0
x0p2_atr1p5-r2,2,2,mid,1155,-28030.0,-4.0668,0.7632,0.29,490.0
x0p2_atr1p5-r2,2,2,pm,541,-8424.0,-1.6988,0.8327,0.3031,560.0
x0p2_atr1p5-r3,2,3,all,2151,-51024.0,-4.1698,0.7991,0.2269,580.0
x0p2_atr1p5-r3,2,3,nyam,620,-13210.0,-1.7349,0.8467,0.2403,580.0
x0p2_atr1p5-r3,2,3,mid,1033,-32112.0,-4.2026,0.7274,0.213,490.0
x0p2_atr1p5-r3,2,3,pm,498,-5702.0,-0.9868,0.886,0.239,560.0
x0p2_atr3-r0,2,4,all,1488,-13722.0,-0.7064,0.9517,0.3058,1510.0
x0p2_atr3-r0,2,4,nyam,456,-4794.0,-0.3956,0.9538,0.3114,1120.0
x0p2_atr3-r0,2,4,mid,700,-9600.0,-0.7486,0.9258,0.2914,1510.0
x0p2_atr3-r0,2,4,pm,332,672.0,0.0824,1.0132,0.3283,1110.0
x0p2_atr3-r1,2,5,all,2175,-38200.0,-2.649,0.8819,0.4731,1150.0
x0p2_atr3-r1,2,5,nyam,555,-8900.0,-1.0526,0.9099,0.4919,1150.0
x0p2_atr3-r1,2,5,mid,1111,-22004.0,-2.323,0.8602,0.4698,870.0
x0p2_atr3-r1,2,5,pm,509,-7296.0,-1.0649,0.8917,0.4597,1110.0
x0p2_atr3-r2,2,6,all,1758,-23992.0,-1.3644,0.9252,0.3493,1590.0
x0p2_atr3-r2,2,6,nyam,481,-3184.0,-0.3015,0.9694,0.3576,1120.0
x0p2_atr3-r2,2,6,mid,865,-16420.0,-1.415,0.8926,0.341,1590.0
x0p2_atr3-r2,2,6,pm,412,-4388.0,-0.5513,0.9312,0.3568,1110.0
x0p2_atr3-r3,2,7,all,1604,-17976.0,-0.9713,0.9407,0.3186,1510.0
x0p2_atr3-r3,2,7,nyam,461,-2724.0,-0.2332,0.9739,0.3232,1120.0
x0p2_atr3-r3,2,7,mid,766,-14064.0,-1.1881,0.8992,0.3081,1510.0
x0p2_atr3-r3,2,7,pm,377,-1188.0,-0.1459,0.98,0.3342,1110.0
x0p2_pts2-r0,2,8,all,1599,-25616.0,-1.5144,0.8983,0.2445,210.0
x0p2_pts2-r0,2,8,nyam,528,-16732.0,-1.6825,0.8159,0.1913,210.0
x0p2_pts2-r0,2,8,mid,735,-13090.0,-1.1507,0.8872,0.2476,200.0
x0p2_pts2-r0,2,8,pm,336,4206.0,0.5534,1.0936,0.3214,210.0
x0p2_pts2-r1,2,9,all,2489,-53066.0,-5.2478,0.8094,0.4693,210.0
x0p2_pts2-r1,2,9,nyam,768,-17192.0,-3.0301,0.8036,0.4674,210.0
x0p2_pts2-r1,2,9,mid,1191,-29174.0,-4.1551,0.7856,0.4618,210.0
x0p2_pts2-r1,2,9,pm,530,-6700.0,-1.4694,0.8777,0.4887,210.0
x0p2_pts2-r2,2,10,all,2038,-37022.0,-2.9816,0.8692,0.3376,220.0
x0p2_pts2-r2,2,10,nyam,625,-10830.0,-1.5222,0.8801,0.3248,220.0
x0p2_pts2-r2,2,10,mid,975,-21600.0,-2.5217,0.8427,0.3333,200.0
x0p2_pts2-r2,2,10,pm,438,-4592.0,-0.8343,0.917,0.3653,210.0
x0p2_pts2-r3,2,11,all,1847,-38228.0,-2.765,0.8624,0.2794,210.0
x0p2_pts2-r3,2,11,nyam,570,-18550.0,-2.3488,0.7998,0.2386,210.0
x0p2_pts2-r3,2,11,mid,877,-20678.0,-2.1829,0.8442,0.2794,200.0
x0p2_pts2-r3,2,11,pm,400,1000.0,0.1602,1.0191,0.3375,210.0
x0p2_pts3-r0,2,12,all,1484,-9986.0,-0.5272,0.9646,0.3416,1070.0
x0p2_pts3-r0,2,12,nyam,475,-4330.0,-0.3722,0.9573,0.2947,310.0
x0p2_pts3-r0,2,12,mid,691,-9044.0,-0.718,0.9312,0.3502,310.0
x0p2_pts3-r0,2,12,pm,318,3388.0,0.4198,1.0686,0.3931,1070.0
x0p2_pts3-r1,2,13,all,2130,-36290.0,-2.6776,0.8879,0.4826,1070.0
x0p2_pts3-r1,2,13,nyam,621,-7264.0,-0.9598,0.9255,0.4928,320.0
x0p2_pts3-r1,2,13,mid,1047,-17668.0,-1.848,0.8902,0.4871,310.0
x0p2_pts3-r1,2,13,pm,462,-11358.0,-1.9163,0.8261,0.4589,1070.0
x0p2_pts3-r2,2,14,all,1727,-27328.0,-1.7156,0.9131,0.3729,1070.0
x0p2_pts3-r2,2,14,nyam,514,-8496.0,-0.9167,0.9173,0.3463,310.0
x0p2_pts3-r2,2,14,mid,835,-15480.0,-1.4039,0.8987,0.3784,310.0
x0p2_pts3-r2,2,14,pm,378,-3352.0,-0.4913,0.9433,0.3968,1070.0
x0p2_pts3-r3,2,15,all,1597,-5498.0,-0.3129,0.9816,0.355,1070.0
x0p2_pts3-r3,2,15,nyam,484,-2566.0,-0.2453,0.9746,0.312,310.0
x0p2_pts3-r3,2,15,mid,759,-5906.0,-0.4932,0.9585,0.3623,310.0
x0p2_pts3-r3,2,15,pm,354,2974.0,0.3965,1.0536,0.3983,1070.0
x0p2_pts5-r0,2,16,all,1350,8820.0,0.4032,1.0289,0.4311,1070.0
x0p2_pts5-r0,2,16,nyam,434,-7886.0,-0.5846,0.9334,0.3825,510.0
x0p2_pts5-r0,2,16,mid,621,11366.0,0.7566,1.0832,0.4605,500.0
x0p2_pts5-r0,2,16,pm,295,5340.0,0.6328,1.1068,0.4407,1070.0
x0p2_pts5-r1,2,17,all,1684,-7606.0,-0.4265,0.9777,0.4952,1070.0
x0p2_pts5-r1,2,17,nyam,486,-12014.0,-1.1619,0.8959,0.4774,500.0
x0p2_pts5-r1,2,17,mid,817,1382.0,0.1106,1.0084,0.519,500.0
x0p2_pts5-r1,2,17,pm,381,3026.0,0.4074,1.0494,0.4672,1070.0
x0p2_pts5-r2,2,18,all,1436,14286.0,0.7027,1.0448,0.4443,1070.0
x0p2_pts5-r2,2,18,nyam,440,-3710.0,-0.3017,0.9681,0.4023,510.0
x0p2_pts5-r2,2,18,mid,673,10758.0,0.7703,1.073,0.4695,500.0
x0p2_pts5-r2,2,18,pm,323,7238.0,0.882,1.1313,0.4489,1070.0
x0p2_pts5-r3,2,19,all,1376,9436.0,0.4444,1.0304,0.4331,1070.0
x0p2_pts5-r3,2,19,nyam,435,-6460.0,-0.4905,0.9454,0.3839,510.0
x0p2_pts5-r3,2,19,mid,633,11128.0,0.7777,1.0806,0.466,500.0
x0p2_pts5-r3,2,19,pm,308,4768.0,0.5581,1.0883,0.4351,1070.0
x0p2_pts7-r0,2,20,all,1280,15730.0,0.6823,1.051,0.468,1070.0
x0p2_pts7-r0,2,20,nyam,425,960.0,0.0659,1.0079,0.4424,710.0
x0p2_pts7-r0,2,20,mid,572,5612.0,0.3593,1.0403,0.4878,710.0
x0p2_pts7-r0,2,20,pm,283,9158.0,1.0525,1.192,0.4664,1070.0
x0p2_pts7-r1,2,21,all,1454,11404.0,0.5634,1.0346,0.5069,1070.0
x0p2_pts7-r1,2,21,nyam,444,-1526.0,-0.1245,0.9871,0.4865,710.0
x0p2_pts7-r1,2,21,mid,673,158.0,0.0114,1.001,0.5215,710.0
x0p2_pts7-r1,2,21,pm,337,12772.0,1.548,1.2301,0.5045,1070.0
x0p2_pts7-r2,2,22,all,1313,18188.0,0.8149,1.0578,0.4737,1070.0
x0p2_pts7-r2,2,22,nyam,427,3472.0,0.2456,1.0288,0.4473,710.0
x0p2_pts7-r2,2,22,mid,587,5302.0,0.3585,1.0376,0.4957,710.0
x0p2_pts7-r2,2,22,pm,299,9414.0,1.0511,1.1779,0.4682,1070.0
x0p2_pts7-r3,2,23,all,1288,18948.0,0.8239,1.061,0.4689,1070.0
x0p2_pts7-r3,2,23,nyam,425,-90.0,-0.0063,0.9993,0.4424,710.0
x0p2_pts7-r3,2,23,mid,574,8414.0,0.542,1.0604,0.4895,710.0
x0p2_pts7-r3,2,23,pm,289,10624.0,1.1772,1.2132,0.4671,1070.0
x0p2_pct0p1-r0,2,24,all,1634,-30086.0,-1.8114,0.8787,0.2295,220.0
x0p2_pct0p1-r0,2,24,nyam,544,-19196.0,-1.9745,0.7859,0.1746,210.0
x0p2_pct0p1-r0,2,24,mid,751,-13924.0,-1.2405,0.8782,0.233,210.0
x0p2_pct0p1-r0,2,24,pm,339,3034.0,0.4081,1.0689,0.3097,220.0
x0p2_pct0p1-r1,2,25,all,2569,-56646.0,-5.8677,0.7925,0.4656,230.0
x0p2_pct0p1-r1,2,25,nyam,806,-18554.0,-3.4125,0.7861,0.4628,230.0
x0p2_pct0p1-r1,2,25,mid,1228,-28632.0,-4.2765,0.783,0.4625,210.0
x0p2_pct0p1-r1,2,25,pm,535,-9460.0,-2.1778,0.8256,0.4766,210.0
x0p2_pct0p1-r2,2,26,all,2111,-36164.0,-3.0251,0.8697,0.3349,230.0
x0p2_pct0p1-r2,2,26,nyam,653,-12332.0,-1.809,0.8618,0.3185,230.0
x0p2_pct0p1-r2,2,26,mid,1011,-17904.0,-2.1602,0.8661,0.3353,210.0
x0p2_pct0p1-r2,2,26,pm,447,-5928.0,-1.1228,0.8915,0.3579,210.0
x0p2_pct0p1-r3,2,27,all,1901,-38934.0,-2.9265,0.8571,0.2725,230.0
x0p2_pct0p1-r3,2,27,nyam,589,-20726.0,-2.765,0.7719,0.2292,230.0
x0p2_pct0p1-r3,2,27,mid,902,-19508.0,-2.1306,0.8501,0.2727,210.0
x0p2_pct0p1-r3,2,27,pm,410,1300.0,0.2143,1.0252,0.3341,210.0
x0p2_pct0p2-r0,2,28,all,1432,-1618.0,-0.0788,0.9946,0.3813,1070.0
x0p2_pct0p2-r0,2,28,nyam,456,-7294.0,-0.5879,0.9338,0.3311,420.0
x0p2_pct0p2-r0,2,28,mid,669,824.0,0.0584,1.006,0.3976,420.0
x0p2_pct0p2-r0,2,28,pm,307,4852.0,0.5868,1.0976,0.4202,1070.0
x0p2_pct0p2-r1,2,29,all,1932,-24848.0,-1.6033,0.9265,0.4865,1070.0
x0p2_pct0p2-r1,2,29,nyam,553,-11812.0,-1.3478,0.8904,0.4774,420.0
x0p2_pct0p2-r1,2,29,mid,956,-13304.0,-1.2145,0.9214,0.4958,420.0
x0p2_pct0p2-r1,2,29,pm,423,268.0,0.0406,1.0044,0.4775,1070.0
x0p2_pct0p2-r2,2,30,all,1585,-9070.0,-0.5067,0.9716,0.405,1070.0
x0p2_pct0p2-r2,2,30,nyam,473,-9022.0,-0.8601,0.9173,0.3636,420.0
x0p2_pct0p2-r2,2,30,mid,764,-2226.0,-0.1783,0.9855,0.4175,420.0
x0p2_pct0p2-r2,2,30,pm,348,2178.0,0.2941,1.0385,0.4339,1070.0
x0p2_pct0p2-r3,2,31,all,1488,9798.0,0.5021,1.0321,0.3925,1070.0
x0p2_pct0p2-r3,2,31,nyam,461,916.0,0.0767,1.0084,0.3449,420.0
x0p2_pct0p2-r3,2,31,mid,699,2954.0,0.2234,1.0207,0.4077,420.0
x0p2_pct0p2-r3,2,31,pm,328,5928.0,0.7427,1.1105,0.4268,1070.0
