uid,a,b,bar,c,cells,central,d,days_2024,days_all,days_in,dead,dup,e,e_4000_agrees,e_p200k,e_p4000,e_z,failed,fast_profit_share,fast_trades,fast_winner_usd,g5,lift,mean_event,mean_nonevent,median_hold_s,median_net,net,net_fast,net_wo_fast_winners,nonevent_trades,null_mean,other_sessions_in_store,pass,pass_ae,positive,share_pos,t,trades,v60,v70,v80,y2021,y2022,y2023
W-A-NQ,True,True,2.5608,True,36,offD_offx0p5-r3,False,97,151,132,0,0,False,True,0.77043,0.76325,0.88,"d, e",0.186,38,7168.0,True,124.34,67.7,-56.63,19.0,8517.0,8937.0,-2922.0,1769.0,19,-1071.0,,False,False,36,1.0,1.3286,132,True,True,True,2966.0,4900.0,1071.0
W-A-ES,True,False,2.001,False,36,offD_offx1-r1,False,97,129,114,0,0,False,True,0.34975,0.35425,-0.142,"b, c, d, e, 5s",0.3051,29,7128.0,False,-16.01,0.82,16.83,69.5,181.5,94.0,2209.0,-7034.0,15,-4355.75,,False,False,19,0.5278,0.0214,114,False,False,False,355.0,2181.0,-2442.0
W-A-GC,True,True,1.6279,True,36,offB_offx1p5-r3,False,97,241,175,0,0,False,True,0.55883,0.549,0.161,"d, e, 5s",0.0467,12,2692.0,False,17.45,4.51,-12.94,1030.0,715.0,790.0,-1968.0,-1902.0,66,-379.0,,False,False,22,0.6111,0.0786,175,True,False,False,666.0,3414.0,-3290.0
W-B-NQ,True,True,2.5608,True,36,offB_offx0p5-r2,True,69,307,150,0,0,False,True,0.99453,0.99475,2.539,"e, 5s",0.7273,102,16576.0,False,49.71,63.57,13.86,1.0,9548.0,9535.0,7687.0,-7041.0,105,-1195.5,,False,False,36,1.0,3.2271,150,True,True,True,-141.0,7541.0,2135.0
W-B-ES,True,True,2.001,True,36,offA_offx1p5-r1,False,69,428,154,0,0,False,True,0.97688,0.9775,2.084,"d, e, 5s",0.6897,85,11010.0,False,34.3,14.91,-19.39,3.0,2194.75,2296.5,5910.0,-8713.5,212,-4706.25,,False,False,29,0.8056,0.9602,154,True,True,True,-1510.0,4299.5,-493.0
W-B-GC,True,False,1.6279,True,36,offB_offx0p5-r1,False,69,241,132,0,0,False,True,0.87172,0.8665,1.137,"b, d, e, 5s",0.7568,87,8176.0,False,13.48,3.88,-9.61,1.0,307.0,512.0,2342.0,-7664.0,66,-1679.0,,False,False,19,0.5278,0.2732,132,False,False,False,28.0,-872.0,1356.0
W-C-NQ,True,True,2.5608,True,36,offA_offx0p5-r2,False,46,556,95,0,0,False,True,0.93112,0.928,1.471,"d, e, 5s",0.8049,79,6468.0,False,24.41,15.58,-8.83,0.0,1338.5,1480.0,804.0,-4988.0,461,-1150.5,,False,False,24,0.6667,0.9546,95,True,False,False,626.0,607.0,247.0
W-C-ES,True,False,2.001,True,36,offA_offx1-r1,False,46,543,96,0,0,False,True,0.99185,0.99125,2.489,"b, d, e, 5s",0.5455,53,3630.0,False,36.66,8.5,-28.16,3.5,-282.0,816.0,338.0,-2814.0,447,-2545.75,,False,False,18,0.5,0.6357,96,False,False,False,531.0,215.5,69.5
W-C-GC,True,True,1.6279,True,36,offC_offx1-r2,False,46,106,58,0,0,False,True,0.67015,0.65825,0.457,"d, e",0.0,0,0.0,True,50.81,34.1,-16.71,1249.0,1933.0,1978.0,0.0,1978.0,48,987.0,,False,False,24,0.6667,0.4467,58,True,False,False,-1242.0,2818.0,402.0
D-A-NQ,True,False,2.5608,True,224,x5_pts10-r1,False,97,531,220,0,0,False,True,0.62041,0.6225,0.283,"b, d, e, 5s",0.681,126,15484.0,False,5.12,0.27,-4.85,3.0,-7454.5,60.0,4791.0,-15424.0,311,-3272.5,,False,False,49,0.2188,0.0194,220,False,False,False,-599.0,1452.0,-793.0
D-A-ES,True,False,2.001,True,224,x0p25_pts2p5-r0,False,97,292,146,0,0,False,True,0.56467,0.56425,0.173,"b, d, e",0.0,57,0.0,True,13.53,1.22,-12.3,11.0,-6444.5,178.5,-8265.5,178.5,146,3434.75,,False,False,46,0.2054,0.021,146,False,False,False,-427.0,5352.5,-4747.0
D-A-GC,True,False,1.6279,True,224,x2_pct0p1-r1,False,97,481,207,0,0,False,True,0.59367,0.58675,0.242,"b, d, e, 5s",0.3822,78,7682.0,False,4.31,0.49,-3.82,8.0,-7667.0,102.0,-2.0,-7580.0,274,-5338.0,,False,False,19,0.0848,0.0363,207,False,False,False,726.0,-1402.0,778.0
D-B-NQ,True,False,2.5608,True,224,x0p25_atr1p5-r2,False,69,394,108,0,0,False,True,0.76004,0.76275,0.7,"b, d, e, 5s",0.047,15,3068.0,False,104.88,1.28,-103.6,1352.5,-6353.0,138.0,-6145.0,-2930.0,240,1553.0,,False,False,42,0.1875,0.0095,108,False,False,False,-4822.0,7119.0,-2159.0
D-B-ES,True,False,2.001,True,224,x5_atr1p5-r2,False,69,454,148,0,0,False,True,0.75929,0.755,0.696,"b, d, e, 5s",0.1079,21,5576.0,False,80.39,3.18,-77.21,712.0,-7074.0,470.5,-1371.5,-5105.5,245,-9567.0,,False,False,31,0.1384,0.0462,148,False,False,False,602.5,9094.5,-9226.5
D-B-GC,True,False,1.6279,True,224,x60_pct0p1-r0,False,69,545,155,0,0,False,True,0.4792,0.475,-0.075,"b, d, e",0.0,3,0.0,True,20.63,0.13,-20.5,211.0,-7046.0,20.0,-582.0,20.0,326,-3545.0,,False,False,12,0.0536,0.0023,155,False,False,False,74.0,-8200.0,8146.0
D-C-NQ,True,False,2.5608,False,224,x0p25_pts30-r0,False,46,544,90,0,0,False,True,0.25356,0.264,-0.681,"b, c, d, e",0.0,4,0.0,True,-127.9,1.0,128.9,547.0,-365.5,90.0,-2441.0,90.0,454,10277.5,,False,False,103,0.4598,0.0062,90,False,False,False,-3765.0,2504.0,1351.0
D-C-ES,True,False,2.001,True,224,x5_pct0p1-r0,False,46,516,93,0,0,False,True,0.59798,0.60375,0.202,"b, d, e",0.0,17,0.0,True,16.39,2.05,-14.34,121.0,242.75,190.5,-3680.5,190.5,423,-1922.0,,False,False,121,0.5402,0.0264,93,False,False,False,-2427.5,1107.0,1511.0
D-C-GC,True,True,1.6279,True,224,x2_pts7-r2,False,46,493,96,0,0,False,True,0.77648,0.778,0.76,"d, e",0.0,0,0.0,True,64.39,32.25,-32.14,9057.0,3103.0,3096.0,0.0,3096.0,397,12376.0,,False,False,174,0.7768,0.3809,96,True,True,False,-3928.0,2118.0,4906.0
